/*
 *
 * Copyright (c) 2023 Collin Hodge
 * Copyright (c) 2023 The ZMK Contributors
 * SPDX-License-Identifier: MIT
 *
 */

#include <lvgl.h>

#ifndef LV_ATTRIBUTE_MEM_ALIGN
#define LV_ATTRIBUTE_MEM_ALIGN
#endif

#ifndef LV_ATTRIBUTE_IMG_MITSURU
#define LV_ATTRIBUTE_IMG_MITSURU
#endif

const LV_ATTRIBUTE_MEM_ALIGN LV_ATTRIBUTE_LARGE_CONST LV_ATTRIBUTE_IMG_MITSURU uint8_t mitsuru_map[] = {
#if CONFIG_NICE_VIEW_WIDGET_INVERTED
        0xff, 0xff, 0xff, 0xff, /*Color of index 0*/
        0x00, 0x00, 0x00, 0xff, /*Color of index 1*/
#else
        0x00, 0x00, 0x00, 0xff, /*Color of index 0*/
        0xff, 0xff, 0xff, 0xff, /*Color of index 1*/
#endif

  0xff, 0xff, 0xff, 0xff, 0xff, 0xff, 0xff, 0xff, 0xff, 0xff, 0xff, 0xff, 0xff, 0xff, 0xff, 0xff, 0xff, 0xf0, 
  0xff, 0xff, 0xe5, 0x2b, 0xff, 0xff, 0xff, 0xff, 0xff, 0xff, 0xff, 0xff, 0xff, 0xff, 0xff, 0xff, 0xff, 0xf0, 
  0xf2, 0xca, 0xde, 0x6c, 0x00, 0x28, 0x40, 0xfa, 0x2f, 0xed, 0x0f, 0xff, 0xff, 0xff, 0xff, 0xff, 0xff, 0xf0, 
  0xf5, 0x7d, 0x7d, 0xf7, 0xd7, 0x48, 0x01, 0xb0, 0xb7, 0xeb, 0x0f, 0xff, 0xff, 0xff, 0xff, 0xff, 0xff, 0xf0, 
  0xda, 0xde, 0xdd, 0xfe, 0xad, 0xf7, 0xfe, 0x82, 0x45, 0x30, 0x63, 0xff, 0xff, 0xff, 0xff, 0xff, 0xff, 0xf0, 
  0xff, 0xff, 0x7f, 0xff, 0xff, 0xff, 0xff, 0x7d, 0x9c, 0xd4, 0x53, 0xff, 0xff, 0xff, 0xff, 0xff, 0xff, 0xf0, 
  0x3f, 0xff, 0xff, 0xff, 0xff, 0xff, 0xfd, 0xfb, 0xef, 0xfb, 0x49, 0xff, 0xff, 0xff, 0xff, 0xff, 0xff, 0xf0, 
  0xff, 0xff, 0xff, 0xff, 0xff, 0xff, 0xff, 0xff, 0xff, 0xff, 0xc0, 0xff, 0xff, 0xff, 0xff, 0xff, 0xff, 0xf0, 
  0xff, 0xff, 0xff, 0xff, 0xff, 0xff, 0xff, 0xff, 0xff, 0xff, 0xf2, 0xff, 0xff, 0xff, 0xff, 0xff, 0xff, 0xf0, 
  0xff, 0xff, 0xff, 0xff, 0xdf, 0xff, 0xff, 0xff, 0xfe, 0xc0, 0x06, 0x3f, 0xff, 0xff, 0xff, 0xff, 0xff, 0xf0, 
  0xff, 0xda, 0x2f, 0xfe, 0xfb, 0xff, 0xff, 0xff, 0xa8, 0x00, 0x2e, 0xbf, 0xff, 0xff, 0xff, 0xff, 0xff, 0xf0, 
  0xff, 0xaf, 0xfe, 0xff, 0x05, 0xbf, 0xf7, 0xfc, 0x78, 0x15, 0xff, 0xbf, 0xff, 0xff, 0xff, 0xff, 0xff, 0xf0, 
  0xff, 0x93, 0xf7, 0xf8, 0x2b, 0xf0, 0x3f, 0xe0, 0xc2, 0x2a, 0xef, 0xaf, 0xff, 0xff, 0xff, 0xff, 0xff, 0xf0, 
  0xff, 0x6f, 0xdf, 0xf1, 0x5f, 0xf0, 0x7f, 0x17, 0xbd, 0xad, 0xde, 0x93, 0xff, 0xff, 0xff, 0xff, 0xff, 0xf0, 
  0xff, 0x52, 0x2f, 0x92, 0xf5, 0xc1, 0xf8, 0x05, 0x57, 0xff, 0xa9, 0x21, 0xff, 0xff, 0xff, 0xff, 0xff, 0xf0, 
  0xff, 0xf6, 0xc7, 0x25, 0xef, 0x87, 0xf1, 0x03, 0x7d, 0x3b, 0xff, 0x41, 0xff, 0xff, 0xff, 0xff, 0xff, 0xf0, 
  0xf2, 0x88, 0x2c, 0x4e, 0x0a, 0x07, 0xc2, 0x02, 0xbf, 0xfe, 0xbc, 0x81, 0xff, 0xff, 0xff, 0xff, 0xff, 0xf0, 
  0xff, 0x2c, 0x70, 0x2c, 0x1b, 0x1f, 0xb8, 0x1d, 0x69, 0xf3, 0x77, 0x81, 0xff, 0xff, 0xff, 0xff, 0xff, 0xf0, 
  0xf2, 0x8a, 0xfc, 0x00, 0x0a, 0x1f, 0xe0, 0x0a, 0x80, 0x00, 0xbe, 0x01, 0xff, 0xff, 0xff, 0xff, 0xff, 0xf0, 
  0xff, 0xbf, 0x54, 0x41, 0xf8, 0x2d, 0x00, 0xfe, 0x00, 0x01, 0x6d, 0x01, 0xff, 0xff, 0xff, 0xff, 0xff, 0xf0, 
  0xea, 0x8e, 0xd8, 0x20, 0xe0, 0x1f, 0x40, 0xb8, 0x0a, 0x00, 0xb8, 0x03, 0xff, 0xff, 0xe8, 0xff, 0xff, 0xf0, 
  0xef, 0xdf, 0x95, 0x64, 0x69, 0x91, 0x01, 0xf0, 0x01, 0x00, 0x5e, 0x03, 0xff, 0xff, 0x5f, 0xff, 0xff, 0xf0, 
  0xd3, 0xbb, 0xf8, 0x49, 0xc0, 0x02, 0x00, 0xe0, 0x0a, 0x00, 0x1a, 0x00, 0x7f, 0x41, 0xde, 0xe3, 0xff, 0xf0, 
  0xe3, 0xff, 0xbc, 0x14, 0x20, 0x04, 0x41, 0x00, 0x00, 0x00, 0x0e, 0x07, 0x58, 0x3b, 0xff, 0xde, 0xff, 0xf0, 
  0xe8, 0xfb, 0x7c, 0xa2, 0x48, 0x00, 0x00, 0x80, 0x00, 0x00, 0x0a, 0x03, 0xbb, 0x77, 0xff, 0xeb, 0x7f, 0xf0, 
  0xd4, 0x77, 0xb8, 0x55, 0x00, 0x00, 0x00, 0x00, 0x00, 0x00, 0x5f, 0x03, 0x6c, 0x7f, 0xff, 0xbd, 0xdf, 0xf0, 
  0xe8, 0xbb, 0x74, 0x82, 0x08, 0xa8, 0x01, 0x00, 0x80, 0x15, 0xae, 0x83, 0xf3, 0xff, 0xff, 0xff, 0xbf, 0xf0, 
  0xd4, 0x7f, 0x7d, 0x25, 0x11, 0x44, 0x75, 0xf5, 0x55, 0x7e, 0x0f, 0xa1, 0xff, 0xff, 0xf7, 0xff, 0xf7, 0xf0, 
  0xe8, 0xbf, 0xfc, 0xda, 0x68, 0x00, 0x40, 0x2a, 0x2a, 0x00, 0x0f, 0x81, 0xff, 0x5f, 0xff, 0xff, 0xdb, 0xf0, 
  0xc6, 0x7f, 0x7d, 0x55, 0x50, 0x51, 0x57, 0x00, 0x00, 0x00, 0x0f, 0x91, 0xff, 0xdf, 0xff, 0xff, 0xf5, 0xf0, 
  0xec, 0x3f, 0xfc, 0xaa, 0x28, 0x20, 0x7d, 0xc0, 0x00, 0x00, 0x6f, 0xcc, 0x7e, 0xff, 0xff, 0xff, 0xfa, 0xf0, 
  0xff, 0xff, 0xfd, 0x39, 0xd1, 0x40, 0x17, 0xf8, 0x80, 0x10, 0x8d, 0xde, 0x7f, 0x7f, 0xff, 0xff, 0xf8, 0xf0, 
  0xc9, 0x7f, 0xfc, 0x4b, 0xe4, 0x0c, 0x19, 0xa6, 0x08, 0x08, 0x4f, 0x4e, 0x5a, 0x7f, 0xff, 0xff, 0xfe, 0xf0, 
  0xf6, 0xff, 0xf8, 0x2f, 0xde, 0x1e, 0xda, 0x55, 0xd4, 0x00, 0x17, 0xcc, 0x12, 0x6f, 0xf7, 0xff, 0xff, 0xf0, 
  0xeb, 0x7f, 0xfc, 0x1e, 0xe8, 0x76, 0xe8, 0xa1, 0x0a, 0x00, 0x0f, 0xc0, 0x32, 0x41, 0xef, 0xff, 0xfe, 0xf0, 
  0xff, 0xff, 0xfd, 0x6b, 0xd9, 0xfc, 0xb4, 0x01, 0x14, 0x00, 0x1d, 0xc0, 0x14, 0x41, 0xdf, 0xff, 0xfd, 0xf0, 
  0xeb, 0xff, 0xf8, 0x0d, 0xa2, 0xc8, 0xc0, 0x00, 0x00, 0x00, 0x1f, 0xc0, 0x24, 0x4b, 0xfd, 0x6f, 0xfe, 0xf0, 
  0xef, 0xff, 0xfd, 0x6b, 0x4d, 0xa5, 0x00, 0x10, 0x00, 0x40, 0x1f, 0x40, 0x00, 0x1f, 0xbe, 0xff, 0xff, 0x30, 
  0xfb, 0xff, 0xf8, 0xbc, 0xa2, 0x02, 0x20, 0x00, 0x00, 0x20, 0x0e, 0x80, 0x10, 0x3f, 0xb8, 0xff, 0xff, 0x30, 
  0xff, 0xff, 0xf6, 0x7b, 0x55, 0x60, 0x00, 0x00, 0x00, 0x1c, 0x1f, 0xc0, 0x00, 0x4f, 0xf7, 0x4f, 0xfe, 0x70, 
  0xfa, 0xff, 0xfd, 0xa6, 0x80, 0x80, 0x00, 0x00, 0x00, 0x16, 0x1f, 0x00, 0x10, 0x1f, 0xc8, 0xa7, 0xff, 0xb0, 
  0xff, 0xff, 0xff, 0x5a, 0x0f, 0xa0, 0x00, 0x00, 0x00, 0x09, 0x9e, 0x00, 0x01, 0x1f, 0xd7, 0x3b, 0xfd, 0x30, 
  0xff, 0xff, 0xee, 0x85, 0x02, 0xc0, 0x00, 0x00, 0x00, 0x03, 0x68, 0x00, 0x00, 0x3e, 0xbe, 0xa7, 0xfa, 0x30, 
  0xff, 0xff, 0xfb, 0x5b, 0x0f, 0xd0, 0x00, 0x00, 0x00, 0x00, 0x80, 0x00, 0x05, 0x7f, 0xfd, 0xfb, 0xfe, 0x70, 
  0xef, 0xff, 0xff, 0xb6, 0x8f, 0xc4, 0x00, 0x00, 0x00, 0x00, 0x08, 0x00, 0x00, 0xbf, 0xfa, 0xaf, 0xd8, 0xf0, 
  0xff, 0xff, 0xed, 0xbf, 0x0f, 0xe1, 0x00, 0x00, 0x00, 0x00, 0x18, 0x00, 0x09, 0x7f, 0xfd, 0x5d, 0xb5, 0xf0, 
  0xeb, 0xff, 0xf7, 0xfe, 0x8d, 0xf2, 0x00, 0x00, 0x00, 0x00, 0x08, 0x00, 0x3c, 0xbf, 0xf7, 0x3b, 0xa9, 0xf0, 
  0xf7, 0xff, 0xff, 0xff, 0x17, 0xf6, 0x00, 0x00, 0x00, 0x00, 0x10, 0x00, 0x3f, 0x5f, 0xff, 0xd7, 0x53, 0xf0, 
  0xed, 0xff, 0xff, 0xfb, 0x0e, 0xe9, 0x08, 0x00, 0x00, 0x00, 0x00, 0x00, 0x3e, 0x7f, 0xff, 0xaf, 0xdf, 0xf0, 
  0xfb, 0xff, 0xfd, 0xf7, 0xcd, 0xf5, 0x54, 0x00, 0x00, 0x04, 0x40, 0x00, 0x3d, 0xff, 0xff, 0xff, 0x97, 0xf0, 
  0xfe, 0xff, 0xff, 0xed, 0xe7, 0xff, 0xac, 0x00, 0x00, 0x01, 0x40, 0x00, 0x21, 0x5f, 0xfe, 0xde, 0xdf, 0xf0, 
  0xf9, 0x7f, 0xdf, 0xd7, 0x77, 0xde, 0xff, 0x50, 0x55, 0x56, 0x15, 0x00, 0x20, 0x7f, 0xff, 0xf7, 0x7f, 0xf0, 
  0xfa, 0xbf, 0xf7, 0x6b, 0xed, 0x7f, 0xed, 0xbf, 0x2e, 0xf9, 0x00, 0x80, 0x38, 0x3f, 0xfb, 0x6c, 0x7f, 0xf0, 
  0xff, 0xfd, 0xfd, 0xd5, 0x57, 0xff, 0xff, 0xdf, 0xf7, 0xd5, 0xc0, 0x00, 0x7f, 0x4f, 0xfd, 0xdd, 0xff, 0xf0, 
  0xff, 0xb7, 0xf7, 0xaf, 0xac, 0xeb, 0x72, 0xf7, 0xbb, 0xe8, 0x02, 0x80, 0x7f, 0x9b, 0xdb, 0xe9, 0xff, 0xf0, 
  0xfe, 0x5f, 0xbb, 0xff, 0xf7, 0x36, 0xc5, 0x15, 0xdd, 0xfa, 0x01, 0x20, 0xff, 0x27, 0xf7, 0x7f, 0xff, 0xf0, 
  0xff, 0x00, 0x46, 0xc8, 0x00, 0xbe, 0x00, 0x00, 0xaf, 0xfe, 0xf6, 0x01, 0xff, 0x8a, 0x5a, 0x9f, 0xff, 0xf0, 
  0xff, 0x84, 0x01, 0x40, 0x21, 0xff, 0xc0, 0x00, 0x5f, 0xbf, 0x8d, 0xa3, 0xff, 0xe5, 0x9c, 0xff, 0xff, 0xf0, 
  0xff, 0xe0, 0x02, 0x00, 0xff, 0xff, 0xf0, 0x00, 0x12, 0xff, 0xca, 0x03, 0xff, 0xf3, 0xb7, 0xff, 0xff, 0xf0, 
  0xff, 0xf8, 0x13, 0xff, 0xff, 0xff, 0xff, 0xf0, 0x2d, 0xd5, 0x8f, 0x87, 0xff, 0xf3, 0xff, 0xff, 0xff, 0xf0, 
  0xff, 0xff, 0xff, 0xff, 0xff, 0xff, 0xff, 0xf8, 0x01, 0x72, 0x1c, 0x0f, 0xff, 0xf7, 0xff, 0xff, 0xff, 0xf0, 
  0xff, 0xff, 0xff, 0xff, 0xff, 0xff, 0xff, 0xff, 0x85, 0x5d, 0x30, 0x1f, 0xff, 0xff, 0xff, 0xff, 0xff, 0xf0, 
  0xff, 0xff, 0xff, 0xff, 0xff, 0xff, 0xff, 0xff, 0x80, 0xa8, 0x00, 0x7f, 0xff, 0xff, 0xff, 0xff, 0xff, 0xf0, 
  0xff, 0xff, 0xff, 0xff, 0xff, 0xff, 0xff, 0xff, 0xf0, 0x44, 0x00, 0x7f, 0xff, 0xff, 0xff, 0xff, 0xff, 0xf0, 
  0xff, 0xff, 0xff, 0xff, 0xff, 0xff, 0xff, 0xff, 0xfc, 0x80, 0x00, 0xff, 0xff, 0xff, 0xff, 0xff, 0xff, 0xf0, 
  0xff, 0xff, 0xff, 0xff, 0xff, 0xff, 0xff, 0xff, 0xfe, 0x10, 0x01, 0xff, 0xff, 0xff, 0xff, 0xff, 0xff, 0xf0, 
  0xff, 0xff, 0xff, 0xff, 0xff, 0xff, 0xff, 0xff, 0xff, 0xf0, 0x07, 0xff, 0xff, 0xff, 0xff, 0xff, 0xff, 0xf0, 
  0xff, 0xff, 0xff, 0xff, 0xff, 0xff, 0xff, 0xff, 0xff, 0xf0, 0x3f, 0xff, 0xff, 0xff, 0xff, 0xff, 0xff, 0xf0 
};

const lv_img_dsc_t mitsuru = {
  .header.cf = LV_IMG_CF_INDEXED_1BIT,
  .header.always_zero = 0,
  .header.reserved = 0,
  .header.w = 140,
  .header.h = 68,
  .data_size = 1232,
  .data = mitsuru_map,
};

#ifndef LV_ATTRIBUTE_IMG_TAIGEI
#define LV_ATTRIBUTE_IMG_TAIGEI
#endif

const LV_ATTRIBUTE_MEM_ALIGN LV_ATTRIBUTE_LARGE_CONST LV_ATTRIBUTE_IMG_TAIGEI uint8_t taigei_map[] = {
#if CONFIG_NICE_VIEW_WIDGET_INVERTED
        0xff, 0xff, 0xff, 0xff, /*Color of index 0*/
        0x00, 0x00, 0x00, 0xff, /*Color of index 1*/
#else
        0x00, 0x00, 0x00, 0xff, /*Color of index 0*/
        0xff, 0xff, 0xff, 0xff, /*Color of index 1*/
#endif

  0x00, 0x00, 0x00, 0x00, 0x00, 0x00, 0x00, 0x07, 0xff, 0xff, 0xff, 0xf1, 0xff, 0xff, 0xff, 0x3f, 0xff, 0xf0, 
  0x04, 0x00, 0x00, 0x00, 0x00, 0x00, 0x00, 0x07, 0xff, 0xff, 0xff, 0xfe, 0x7f, 0xff, 0xff, 0xbf, 0xff, 0xf0, 
  0x04, 0x00, 0x00, 0x00, 0x00, 0x00, 0x00, 0x07, 0xff, 0xff, 0xff, 0xff, 0x3f, 0xff, 0xff, 0xcf, 0xff, 0xf0, 
  0x04, 0x00, 0x00, 0x00, 0x00, 0x00, 0x00, 0x47, 0xff, 0xff, 0xff, 0xff, 0xff, 0xff, 0xff, 0xff, 0xff, 0xd0, 
  0x04, 0x00, 0x00, 0x00, 0x00, 0x00, 0x00, 0x83, 0xff, 0xff, 0xff, 0xff, 0xff, 0xff, 0xff, 0xff, 0xff, 0xc0, 
  0x00, 0x00, 0x00, 0x00, 0x00, 0x00, 0x01, 0x07, 0xff, 0xff, 0xff, 0xff, 0xff, 0xff, 0xff, 0xff, 0xff, 0xc0, 
  0x02, 0x00, 0x00, 0x01, 0x00, 0x00, 0x00, 0x07, 0xff, 0xff, 0xff, 0xff, 0xff, 0xff, 0x7f, 0xff, 0xff, 0xe0, 
  0x02, 0x00, 0x00, 0x02, 0x00, 0x00, 0x00, 0x1f, 0xff, 0xff, 0xff, 0xff, 0x3f, 0xff, 0x7f, 0xff, 0xff, 0xf0, 
  0x01, 0x00, 0x00, 0x04, 0x00, 0x00, 0x00, 0x3f, 0xff, 0xff, 0xff, 0xf8, 0x03, 0xff, 0xbf, 0xff, 0xff, 0xf0, 
  0x00, 0x00, 0x00, 0x0c, 0x00, 0x00, 0x00, 0xff, 0xff, 0xff, 0xff, 0xe0, 0x01, 0xff, 0xbf, 0xff, 0xff, 0xf0, 
  0x00, 0x80, 0x00, 0x08, 0x00, 0x00, 0x03, 0xf8, 0xff, 0xff, 0xff, 0xc4, 0x08, 0xff, 0xdf, 0xff, 0xff, 0xf0, 
  0x00, 0x00, 0x00, 0x10, 0x00, 0x00, 0x1f, 0x80, 0x7f, 0xff, 0xff, 0xc8, 0x04, 0xff, 0xef, 0xff, 0xff, 0xf0, 
  0x00, 0x00, 0x00, 0x20, 0x00, 0x07, 0xff, 0xc0, 0x3f, 0xff, 0xff, 0x90, 0x0c, 0xff, 0xf3, 0xff, 0xff, 0xf0, 
  0x00, 0x00, 0x00, 0x40, 0x00, 0x3f, 0xff, 0xc0, 0x3f, 0xff, 0xff, 0x30, 0x18, 0xff, 0xfd, 0xff, 0xff, 0xf0, 
  0x00, 0x00, 0x00, 0x80, 0x01, 0xff, 0xff, 0xc0, 0x3f, 0xff, 0x07, 0xff, 0xff, 0x00, 0x00, 0x7f, 0xff, 0xf0, 
  0xf8, 0x00, 0x01, 0x00, 0x3f, 0xff, 0xff, 0xc0, 0x3f, 0x80, 0xff, 0xff, 0xff, 0xff, 0xfe, 0x1f, 0xff, 0xf0, 
  0xff, 0xfc, 0x02, 0x07, 0xff, 0xff, 0x9f, 0xe8, 0x7e, 0x7f, 0xff, 0xff, 0xff, 0xff, 0xff, 0xe3, 0xff, 0xf0, 
  0x00, 0x1f, 0xef, 0xff, 0xff, 0xfe, 0x3f, 0xe0, 0x7f, 0xff, 0xff, 0xff, 0xff, 0xff, 0xff, 0xf8, 0xff, 0xf0, 
  0x00, 0x00, 0x1f, 0xff, 0xff, 0xf8, 0xff, 0xc3, 0xff, 0xff, 0xff, 0xff, 0xff, 0xff, 0xff, 0xff, 0xff, 0xf0, 
  0x00, 0x00, 0x4e, 0x01, 0xff, 0xf3, 0xff, 0xdf, 0xff, 0xff, 0xff, 0xff, 0xff, 0xff, 0xff, 0xff, 0xff, 0xf0, 
  0x00, 0x00, 0x2e, 0x00, 0xff, 0xef, 0xff, 0xff, 0xff, 0xff, 0xff, 0xff, 0xff, 0xff, 0xff, 0xff, 0xff, 0xf0, 
  0x00, 0x00, 0x2e, 0x01, 0xff, 0xdf, 0xff, 0xff, 0xff, 0xff, 0xff, 0xff, 0xff, 0xff, 0xff, 0xff, 0xff, 0xf0, 
  0x00, 0x00, 0x0e, 0x03, 0xff, 0x3f, 0xf1, 0xff, 0xff, 0xff, 0xff, 0xff, 0xff, 0xff, 0xff, 0xff, 0xff, 0xf0, 
  0xf7, 0xf0, 0x0e, 0x0f, 0xfc, 0xff, 0xc7, 0xff, 0xff, 0xff, 0xff, 0xff, 0xff, 0xff, 0xff, 0xff, 0xff, 0xf0, 
  0xc0, 0x00, 0x0f, 0x7d, 0xff, 0xff, 0x3f, 0xff, 0xff, 0xff, 0xff, 0xff, 0xff, 0xff, 0xff, 0xff, 0xff, 0xf0, 
  0xe0, 0x08, 0x0f, 0xfb, 0xf7, 0xff, 0xff, 0xff, 0xff, 0xff, 0xff, 0xff, 0xff, 0xff, 0xff, 0xff, 0xff, 0xf0, 
  0xe0, 0x08, 0x0f, 0xf1, 0xdf, 0xff, 0xff, 0xff, 0xff, 0xff, 0xff, 0xff, 0xff, 0xff, 0xff, 0xff, 0xff, 0xf0, 
  0x70, 0x08, 0x0f, 0xe1, 0xbf, 0xf8, 0xff, 0xff, 0xff, 0xc3, 0xe0, 0x1f, 0xff, 0xff, 0xff, 0xff, 0xff, 0xf0, 
  0x70, 0x08, 0x0f, 0xc1, 0x7f, 0xe0, 0xff, 0xff, 0x84, 0x00, 0x00, 0x7f, 0xff, 0x81, 0xff, 0xff, 0xff, 0xf0, 
  0xf0, 0x08, 0x1f, 0xc0, 0xff, 0xc0, 0x3f, 0xc0, 0x08, 0x00, 0x00, 0xcf, 0xff, 0xfe, 0x0f, 0xff, 0xff, 0xf0, 
  0xf0, 0x08, 0x1f, 0x81, 0xff, 0x01, 0xf8, 0x00, 0x18, 0x00, 0x00, 0x07, 0xff, 0xfe, 0xf0, 0x7f, 0xff, 0xf0, 
  0xfc, 0x00, 0x3f, 0x03, 0xfe, 0x1f, 0x80, 0x00, 0x30, 0x00, 0x00, 0x17, 0xff, 0xff, 0x7f, 0x87, 0xff, 0xf0, 
  0xfe, 0x00, 0x7e, 0x07, 0xfc, 0x7c, 0x00, 0x01, 0xe0, 0x00, 0x01, 0x1f, 0xff, 0xff, 0x8f, 0xf8, 0xff, 0xf0, 
  0xff, 0x00, 0xfc, 0x0f, 0xf1, 0xc8, 0x00, 0x06, 0x40, 0x00, 0x00, 0xdf, 0xff, 0xff, 0xf1, 0xff, 0x7f, 0xf0, 
  0xff, 0x01, 0xf8, 0x1f, 0xe7, 0x98, 0x00, 0x38, 0x40, 0x00, 0x00, 0x7f, 0xfb, 0xff, 0xfe, 0x1f, 0xff, 0xf0, 
  0x87, 0x01, 0xf0, 0x7f, 0xdf, 0x3e, 0x03, 0xc0, 0x80, 0x00, 0x00, 0x33, 0xf9, 0xff, 0xff, 0xff, 0xff, 0xf0, 
  0x01, 0x03, 0xe0, 0xcf, 0xfc, 0x37, 0xf0, 0x01, 0x80, 0x00, 0x00, 0x03, 0xfa, 0x7f, 0xff, 0xff, 0xff, 0xf0, 
  0x01, 0x07, 0xc3, 0xcf, 0xf8, 0x20, 0x00, 0x01, 0x00, 0x40, 0x00, 0x00, 0xfa, 0x1f, 0xff, 0xff, 0xff, 0xf0, 
  0x00, 0x07, 0x87, 0xcf, 0xf8, 0x20, 0x00, 0x02, 0x00, 0x80, 0x00, 0x00, 0xfc, 0x0f, 0xff, 0xff, 0xff, 0xf0, 
  0x00, 0x0e, 0x1f, 0xdf, 0xe8, 0x20, 0x00, 0x02, 0x00, 0x00, 0x00, 0x03, 0xff, 0xcd, 0xff, 0xff, 0xff, 0xf0, 
  0x00, 0x0c, 0x7f, 0xf9, 0x8d, 0xf0, 0x07, 0xc4, 0x00, 0x00, 0x00, 0x01, 0xff, 0xfe, 0x5f, 0xff, 0xff, 0xf0, 
  0x00, 0x01, 0xff, 0xfb, 0x05, 0xf0, 0x3f, 0xfc, 0x00, 0x00, 0x00, 0x01, 0xff, 0xff, 0xe1, 0xff, 0xff, 0xf0, 
  0x00, 0x1f, 0xff, 0xbc, 0x07, 0xf8, 0x63, 0xfc, 0x00, 0x00, 0x00, 0x03, 0xff, 0xff, 0xfe, 0x0f, 0xff, 0xf0, 
  0x00, 0x3f, 0xff, 0x30, 0x03, 0xf8, 0xc7, 0xfe, 0x00, 0x00, 0x00, 0x07, 0xff, 0xff, 0xff, 0xff, 0xff, 0xf0, 
  0x00, 0x7f, 0xff, 0x60, 0x02, 0x78, 0x1f, 0xfe, 0x01, 0x00, 0x00, 0x0f, 0xff, 0xff, 0xff, 0xff, 0xff, 0xf0, 
  0x00, 0x7f, 0xff, 0x80, 0x02, 0x06, 0x7f, 0xff, 0x00, 0x00, 0x00, 0x3f, 0xff, 0xff, 0xff, 0xff, 0xff, 0xf0, 
  0x00, 0xff, 0xff, 0x00, 0x06, 0x03, 0xff, 0xdf, 0x00, 0x00, 0x00, 0x0f, 0xff, 0xff, 0xff, 0xff, 0xff, 0xf0, 
  0x0f, 0x9f, 0xfc, 0x00, 0x04, 0x0f, 0xff, 0x3f, 0x80, 0x00, 0x00, 0x03, 0xff, 0xff, 0xff, 0xff, 0xff, 0xf0, 
  0xf0, 0x1f, 0xf8, 0x00, 0x04, 0x7f, 0xfe, 0x7f, 0x80, 0x00, 0x00, 0x00, 0xff, 0xff, 0xff, 0xff, 0xff, 0xf0, 
  0xf0, 0x1f, 0xe0, 0x00, 0x0f, 0xff, 0xfc, 0xff, 0xc0, 0x00, 0x00, 0x00, 0x3f, 0xff, 0xff, 0xff, 0xff, 0xf0, 
  0xf0, 0x1f, 0x80, 0x00, 0x3f, 0xff, 0xfb, 0x3f, 0xc0, 0x00, 0x00, 0x00, 0x0f, 0xff, 0xff, 0xff, 0xff, 0xf0, 
  0xf0, 0x1e, 0x00, 0x03, 0xff, 0xff, 0xf4, 0x3f, 0xe0, 0x00, 0x00, 0x00, 0x03, 0xcf, 0xff, 0xff, 0xff, 0xf0, 
  0xf0, 0x1f, 0xff, 0xdf, 0xff, 0xff, 0xc8, 0x9f, 0xe0, 0x00, 0x00, 0x00, 0x00, 0xf0, 0x1f, 0xff, 0xff, 0xf0, 
  0xf0, 0x1f, 0xff, 0xef, 0xff, 0xff, 0x80, 0x1f, 0xf0, 0x00, 0x00, 0x00, 0x00, 0x1f, 0xe0, 0x1f, 0xff, 0xf0, 
  0xf0, 0x1f, 0xfc, 0xef, 0xff, 0xff, 0x38, 0xdf, 0xf0, 0x00, 0x03, 0xf0, 0x00, 0x03, 0xff, 0xff, 0xff, 0xf0, 
  0xf0, 0x1f, 0xff, 0xe7, 0xff, 0xfe, 0xfc, 0xdf, 0xf8, 0x00, 0x04, 0x78, 0x00, 0x00, 0x3f, 0xff, 0xff, 0xf0, 
  0x0f, 0xff, 0xff, 0x3f, 0xff, 0xff, 0xfc, 0xff, 0xfc, 0x00, 0x04, 0xfc, 0x00, 0x00, 0x01, 0xff, 0xf7, 0xe0, 
  0xf3, 0xef, 0xff, 0x3f, 0xff, 0xff, 0xfe, 0xbf, 0xfc, 0x00, 0x07, 0xfe, 0x00, 0x00, 0x00, 0x07, 0xc7, 0x90, 
  0xfc, 0xef, 0xff, 0xf9, 0xff, 0xff, 0xfe, 0xff, 0xfe, 0x00, 0x03, 0xff, 0x00, 0x00, 0x00, 0xdf, 0xfc, 0x70, 
  0xfc, 0xff, 0xff, 0xd9, 0xff, 0xff, 0xfd, 0xff, 0xff, 0x00, 0x00, 0xdf, 0x80, 0x00, 0x06, 0x3f, 0xe3, 0xf0, 
  0xfc, 0x3f, 0xff, 0xcf, 0xff, 0xff, 0xff, 0xff, 0xff, 0x80, 0x00, 0x1f, 0x80, 0x61, 0xc1, 0xff, 0xff, 0xf0, 
  0xfc, 0x1f, 0xff, 0xcf, 0xff, 0xff, 0xff, 0xbf, 0xff, 0xe0, 0x00, 0x23, 0xc3, 0xc0, 0x3f, 0xff, 0xff, 0xf0, 
  0xfc, 0x0f, 0xff, 0xff, 0xff, 0xff, 0xfe, 0x3f, 0xff, 0xfc, 0x01, 0xcf, 0xff, 0xff, 0xff, 0xff, 0xff, 0xf0, 
  0xfc, 0x0f, 0xff, 0xe7, 0xff, 0xff, 0xfc, 0x3f, 0xff, 0xff, 0xf8, 0x7f, 0xff, 0xff, 0xff, 0xff, 0xff, 0xf0, 
  0xf8, 0x07, 0xff, 0xff, 0xff, 0xff, 0xf0, 0x7f, 0xff, 0xff, 0xfe, 0x7f, 0xff, 0xff, 0xff, 0xff, 0xff, 0xf0, 
  0xf8, 0x04, 0xff, 0xf9, 0xff, 0xff, 0xc0, 0x7f, 0xff, 0xff, 0xff, 0xff, 0xff, 0xff, 0xff, 0xff, 0xff, 0xf0, 
  0xf8, 0x07, 0x1f, 0xcf, 0xff, 0xff, 0x00, 0xe7, 0xff, 0xff, 0xff, 0xff, 0xff, 0xff, 0xff, 0xff, 0xff, 0xc0, 
  0xf0, 0x16, 0x03, 0xff, 0xff, 0xfc, 0x03, 0xf1, 0xff, 0xff, 0xff, 0xff, 0xff, 0xff, 0xff, 0xff, 0xff, 0x10
};

const lv_img_dsc_t taigei = {
  .header.cf = LV_IMG_CF_INDEXED_1BIT,
  .header.always_zero = 0,
  .header.reserved = 0,
  .header.w = 140,
  .header.h = 68,
  .data_size = 1232,
  .data = taigei_map,
};

#ifndef LV_ATTRIBUTE_IMG_CLUBPENGUIN
#define LV_ATTRIBUTE_IMG_CLUBPENGUIN
#endif

const LV_ATTRIBUTE_MEM_ALIGN LV_ATTRIBUTE_LARGE_CONST LV_ATTRIBUTE_IMG_CLUBPENGUIN uint8_t clubpenguin_map[] = {
#if CONFIG_NICE_VIEW_WIDGET_INVERTED
        0xff, 0xff, 0xff, 0xff, /*Color of index 0*/
        0x00, 0x00, 0x00, 0xff, /*Color of index 1*/
#else
        0x00, 0x00, 0x00, 0xff, /*Color of index 0*/
        0xff, 0xff, 0xff, 0xff, /*Color of index 1*/
#endif

  0xff, 0xff, 0xff, 0xff, 0xff, 0xff, 0xff, 0xef, 0xff, 0xff, 0xff, 0xff, 0xff, 0xff, 0xff, 0xff, 0xff, 0xf0,
  0xff, 0xff, 0xff, 0xff, 0xff, 0xff, 0xff, 0xe3, 0xff, 0xff, 0xff, 0xff, 0xff, 0xff, 0xff, 0xff, 0xff, 0xf0,
  0xff, 0xff, 0xff, 0xff, 0xff, 0xff, 0xff, 0xf4, 0x7f, 0xff, 0xff, 0xff, 0xff, 0xff, 0xff, 0xff, 0xff, 0xf0,
  0xff, 0xff, 0xff, 0xff, 0xff, 0xff, 0xff, 0xf7, 0x1f, 0xff, 0xff, 0xff, 0xff, 0xff, 0xff, 0xff, 0xff, 0xf0,
  0xff, 0xff, 0xff, 0xff, 0xff, 0xff, 0xff, 0xfb, 0xcf, 0xff, 0xff, 0xff, 0xff, 0xff, 0xff, 0xff, 0xff, 0xf0,
  0xff, 0xff, 0xff, 0xff, 0xff, 0xff, 0xff, 0xfb, 0xf3, 0xff, 0xff, 0xff, 0xff, 0xff, 0xff, 0xff, 0xff, 0xf0,
  0xff, 0xff, 0xff, 0xff, 0xff, 0xff, 0xff, 0xfd, 0xfc, 0xff, 0xff, 0xff, 0xff, 0xff, 0xff, 0xff, 0xff, 0xf0,
  0xff, 0xff, 0xff, 0xff, 0xff, 0xff, 0xfc, 0x1d, 0xff, 0x3f, 0xff, 0xff, 0xff, 0xff, 0xff, 0xff, 0xff, 0xf0,
  0xff, 0xff, 0xff, 0xff, 0xff, 0xff, 0xe3, 0xf2, 0xff, 0x9f, 0xff, 0xff, 0xff, 0xff, 0xff, 0xff, 0xff, 0xf0,
  0xff, 0xff, 0xff, 0xff, 0xfe, 0x07, 0xcf, 0xfc, 0xff, 0xe7, 0xff, 0xff, 0xff, 0xff, 0xff, 0xff, 0xff, 0xf0,
  0xff, 0xff, 0xff, 0xff, 0xfe, 0xf7, 0x9f, 0xff, 0x3f, 0xfb, 0xff, 0xff, 0xff, 0xff, 0xff, 0xff, 0xff, 0xf0,
  0xff, 0xff, 0xff, 0xff, 0xfd, 0xe3, 0xbf, 0xff, 0xcf, 0xfd, 0xff, 0xff, 0xff, 0xff, 0xff, 0xff, 0xff, 0xf0,
  0xff, 0xff, 0xff, 0xff, 0xfd, 0xe1, 0x7f, 0xff, 0xf0, 0xfe, 0xff, 0xff, 0xff, 0xff, 0xff, 0xff, 0xff, 0xf0,
  0xff, 0xff, 0xff, 0xff, 0xfd, 0xe1, 0x7f, 0xff, 0xfe, 0x7f, 0x3f, 0xff, 0xff, 0xff, 0xff, 0xff, 0xff, 0xf0,
  0xff, 0xff, 0xff, 0xff, 0xff, 0xc0, 0xff, 0xff, 0xff, 0xff, 0x9f, 0xff, 0xff, 0xff, 0xff, 0xff, 0xff, 0xf0,
  0xff, 0xff, 0xff, 0xff, 0xff, 0xc0, 0xff, 0xff, 0xff, 0xff, 0xcf, 0xff, 0xff, 0xff, 0xff, 0xff, 0xff, 0xf0,
  0xff, 0xff, 0xff, 0xff, 0xfb, 0xc0, 0xff, 0xff, 0xff, 0xff, 0xe7, 0xff, 0xff, 0xff, 0xff, 0xff, 0xff, 0xf0,
  0xff, 0xff, 0xff, 0xff, 0xfb, 0xc0, 0xff, 0xff, 0xff, 0xff, 0xf3, 0xff, 0xff, 0xff, 0xff, 0xff, 0xff, 0xf0,
  0xff, 0xff, 0xff, 0xff, 0xfb, 0xc0, 0xff, 0xff, 0xff, 0xff, 0xf8, 0xff, 0xff, 0xff, 0xff, 0xff, 0xff, 0xf0,
  0xff, 0xff, 0xff, 0xff, 0xfb, 0xc0, 0xff, 0x00, 0x3f, 0xff, 0xfe, 0x3f, 0xff, 0xff, 0xff, 0xff, 0xff, 0xf0,
  0xff, 0xff, 0xff, 0xff, 0xfb, 0xc0, 0xfc, 0x00, 0x07, 0xff, 0xff, 0xc7, 0xff, 0xff, 0xff, 0xff, 0xff, 0xf0,
  0xff, 0xff, 0xff, 0xff, 0xff, 0xc0, 0xf8, 0x00, 0x03, 0xff, 0xff, 0xf0, 0xff, 0xff, 0xff, 0xff, 0xff, 0xf0,
  0xff, 0xff, 0xff, 0xff, 0xff, 0xc0, 0xf0, 0x00, 0x00, 0xff, 0xff, 0xfe, 0x3f, 0xff, 0xff, 0xff, 0xff, 0xf0,
  0xff, 0xff, 0xff, 0xff, 0xff, 0xc0, 0xe0, 0x00, 0x00, 0x3f, 0xff, 0xff, 0xc7, 0xff, 0xff, 0xff, 0xff, 0xf0,
  0xff, 0xff, 0xff, 0xff, 0xfb, 0xc1, 0xe0, 0x00, 0x00, 0x0f, 0xff, 0xff, 0xf9, 0xff, 0xff, 0xff, 0xff, 0xf0,
  0xff, 0xff, 0xff, 0xff, 0xfb, 0xc1, 0xc0, 0x00, 0x00, 0x03, 0xff, 0xff, 0xfe, 0xff, 0xff, 0xff, 0xff, 0xf0,
  0xff, 0xff, 0xff, 0xff, 0xfb, 0xc1, 0xc0, 0x00, 0x00, 0x00, 0xfe, 0x7f, 0xff, 0x3f, 0xff, 0xff, 0xff, 0xf0,
  0xff, 0xff, 0xff, 0xff, 0xfb, 0xc1, 0xc0, 0x00, 0x00, 0x00, 0x10, 0x3f, 0xff, 0xcf, 0xff, 0xff, 0xff, 0xf0,
  0xff, 0xff, 0xff, 0xff, 0xfb, 0xc1, 0xc0, 0x00, 0x00, 0x00, 0x30, 0x10, 0xff, 0xe7, 0xff, 0xff, 0xff, 0xf0,
  0xff, 0xff, 0xff, 0xff, 0xfb, 0xc1, 0xc0, 0x00, 0x00, 0x00, 0x20, 0x08, 0x7f, 0xf7, 0xff, 0xff, 0xff, 0xf0,
  0xff, 0xff, 0xff, 0xff, 0xfb, 0xc1, 0xc0, 0x00, 0x00, 0x00, 0x20, 0x0f, 0x3f, 0xfb, 0xff, 0xff, 0xff, 0xf0,
  0xff, 0xff, 0xff, 0xff, 0xf9, 0xf1, 0xc0, 0x00, 0x00, 0x00, 0x60, 0x07, 0x3f, 0xfb, 0xff, 0xff, 0xff, 0xf0,
  0xff, 0xff, 0xff, 0xff, 0xff, 0x01, 0xc0, 0x00, 0x00, 0x00, 0x60, 0x04, 0x3f, 0xfd, 0xff, 0xff, 0xff, 0xf0,
  0xff, 0xff, 0xff, 0xff, 0xff, 0xfd, 0xc0, 0x00, 0x00, 0x00, 0x60, 0x00, 0x3f, 0xfd, 0xff, 0xff, 0xff, 0xf0,
  0xff, 0xff, 0xff, 0xff, 0xff, 0xfd, 0xc0, 0x00, 0x00, 0x00, 0x60, 0x00, 0x3f, 0xfd, 0xff, 0xff, 0xff, 0xf0,
  0xff, 0xff, 0xff, 0xff, 0xff, 0xc1, 0xc0, 0x00, 0x00, 0x00, 0x60, 0x07, 0x3f, 0xfd, 0xff, 0xff, 0xff, 0xf0,
  0xff, 0xff, 0xff, 0xff, 0xf8, 0x3d, 0xc0, 0x00, 0x00, 0x00, 0x60, 0x07, 0x3f, 0xfd, 0xff, 0xff, 0xff, 0xf0,
  0xff, 0xff, 0xff, 0xff, 0xfb, 0xf1, 0xc0, 0x00, 0x00, 0x00, 0x20, 0x08, 0x7f, 0xfb, 0xff, 0xff, 0xff, 0xf0,
  0xff, 0xff, 0xff, 0xff, 0xfb, 0xc0, 0xc0, 0x00, 0x00, 0x00, 0x30, 0x10, 0xff, 0xf7, 0xff, 0xff, 0xff, 0xf0,
  0xff, 0xff, 0xff, 0xff, 0xfb, 0xc0, 0xe0, 0x00, 0x00, 0x00, 0x10, 0x31, 0xff, 0xe7, 0xff, 0xff, 0xff, 0xf0,
  0xff, 0xff, 0xff, 0xff, 0xfb, 0xc0, 0xe0, 0x00, 0x00, 0x00, 0x1c, 0x7f, 0xff, 0xcf, 0xff, 0xff, 0xff, 0xf0,
  0xff, 0xff, 0xff, 0xff, 0xfb, 0xc0, 0xe0, 0x00, 0x00, 0x01, 0xfc, 0xff, 0xff, 0x3f, 0xff, 0xff, 0xff, 0xf0,
  0xff, 0xff, 0xff, 0xff, 0xfb, 0xc0, 0xf0, 0x00, 0x00, 0x07, 0xff, 0xff, 0xfe, 0x7f, 0xff, 0xff, 0xff, 0xf0,
  0xff, 0xff, 0xff, 0xff, 0xff, 0xc0, 0xf0, 0x00, 0x00, 0x1f, 0xff, 0xff, 0xf8, 0xff, 0xff, 0xff, 0xff, 0xf0,
  0xff, 0xff, 0xff, 0xff, 0xff, 0xc0, 0xf8, 0x00, 0x00, 0x3f, 0xff, 0xff, 0xe3, 0xff, 0xff, 0xff, 0xff, 0xf0,
  0xff, 0xff, 0xff, 0xff, 0xff, 0xc0, 0xf8, 0x00, 0x00, 0xff, 0xff, 0xff, 0x1f, 0xff, 0xff, 0xff, 0xff, 0xf0,
  0xff, 0xff, 0xff, 0xff, 0xff, 0xc0, 0xfc, 0x00, 0x01, 0xff, 0xff, 0xf8, 0x7f, 0xff, 0xff, 0xff, 0xff, 0xf0,
  0xff, 0xff, 0xff, 0xff, 0xfb, 0xc0, 0xfe, 0x00, 0x03, 0xff, 0xff, 0xc3, 0xff, 0xff, 0xff, 0xff, 0xff, 0xf0,
  0xff, 0xff, 0xff, 0xff, 0xfb, 0xc0, 0xff, 0x00, 0x0f, 0xff, 0xfe, 0x1f, 0xff, 0xff, 0xff, 0xff, 0xff, 0xf0,
  0xff, 0xff, 0xff, 0xff, 0xfb, 0xc0, 0xff, 0xe0, 0xff, 0xff, 0xf8, 0xff, 0xff, 0xff, 0xff, 0xff, 0xff, 0xf0,
  0xff, 0xff, 0xff, 0xff, 0xfb, 0xe0, 0x7f, 0xff, 0xff, 0xff, 0xf3, 0xff, 0xff, 0xff, 0xff, 0xff, 0xff, 0xf0,
  0xff, 0xff, 0xff, 0xff, 0xfb, 0xe1, 0x7f, 0xff, 0xff, 0xff, 0xe7, 0xff, 0xff, 0xff, 0xff, 0xff, 0xff, 0xf0,
  0xff, 0xff, 0xff, 0xff, 0xfb, 0xe1, 0x7f, 0xff, 0xff, 0xff, 0xcf, 0xff, 0xff, 0xff, 0xff, 0xff, 0xff, 0xf0,
  0xff, 0xff, 0xff, 0xff, 0xfb, 0xe1, 0xbf, 0xff, 0xff, 0xbf, 0x9f, 0xff, 0xff, 0xff, 0xff, 0xff, 0xff, 0xf0,
  0xff, 0xff, 0xff, 0xff, 0xfb, 0xe3, 0x9f, 0xff, 0xf8, 0x7f, 0x3f, 0xff, 0xff, 0xff, 0xff, 0xff, 0xff, 0xf0,
  0xff, 0xff, 0xff, 0xff, 0xfb, 0xe3, 0xdf, 0xff, 0xe7, 0xfe, 0x7f, 0xff, 0xff, 0xff, 0xff, 0xff, 0xff, 0xf0,
  0xff, 0xff, 0xff, 0xff, 0xfb, 0xe3, 0xef, 0xff, 0x9f, 0xfd, 0xff, 0xff, 0xff, 0xff, 0xff, 0xff, 0xff, 0xf0,
  0xff, 0xff, 0xff, 0xff, 0xfd, 0xf7, 0xf3, 0xff, 0x3f, 0xfb, 0xff, 0xff, 0xff, 0xff, 0xff, 0xff, 0xff, 0xf0,
  0xff, 0xff, 0xff, 0xff, 0xfd, 0xf7, 0xfd, 0xf8, 0x7f, 0xe7, 0xff, 0xff, 0xff, 0xff, 0xff, 0xff, 0xff, 0xf0,
  0xff, 0xff, 0xff, 0xff, 0xfe, 0x0f, 0xff, 0x8e, 0xff, 0xdf, 0xff, 0xff, 0xff, 0xff, 0xff, 0xff, 0xff, 0xf0,
  0xff, 0xff, 0xff, 0xff, 0xff, 0xff, 0xff, 0xfe, 0xff, 0xbf, 0xff, 0xff, 0xff, 0xff, 0xff, 0xff, 0xff, 0xf0,
  0xff, 0xff, 0xff, 0xff, 0xff, 0xff, 0xff, 0xfd, 0xfe, 0x7f, 0xff, 0xff, 0xff, 0xff, 0xff, 0xff, 0xff, 0xf0,
  0xff, 0xff, 0xff, 0xff, 0xff, 0xff, 0xff, 0xfd, 0xfd, 0xff, 0xff, 0xff, 0xff, 0xff, 0xff, 0xff, 0xff, 0xf0,
  0xff, 0xff, 0xff, 0xff, 0xff, 0xff, 0xff, 0xfd, 0xf3, 0xff, 0xff, 0xff, 0xff, 0xff, 0xff, 0xff, 0xff, 0xf0,
  0xff, 0xff, 0xff, 0xff, 0xff, 0xff, 0xff, 0xfd, 0xcf, 0xff, 0xff, 0xff, 0xff, 0xff, 0xff, 0xff, 0xff, 0xf0,
  0xff, 0xff, 0xff, 0xff, 0xff, 0xff, 0xff, 0xff, 0xbf, 0xff, 0xff, 0xff, 0xff, 0xff, 0xff, 0xff, 0xff, 0xf0,
  0xff, 0xff, 0xff, 0xff, 0xff, 0xff, 0xff, 0xfa, 0x7f, 0xff, 0xff, 0xff, 0xff, 0xff, 0xff, 0xff, 0xff, 0xf0,
  0xff, 0xff, 0xff, 0xff, 0xff, 0xff, 0xff, 0xf9, 0xff, 0xff, 0xff, 0xff, 0xff, 0xff, 0xff, 0xff, 0xff, 0xf0
};

const lv_img_dsc_t clubpenguin = {
  .header.cf = LV_IMG_CF_INDEXED_1BIT,
  .header.always_zero = 0,
  .header.reserved = 0,
  .header.w = 140,
  .header.h = 68,
  .data_size = 1232,
  .data = clubpenguin_map,
};

#ifndef LV_ATTRIBUTE_IMG_MIKU
#define LV_ATTRIBUTE_IMG_MIKU
#endif

const LV_ATTRIBUTE_MEM_ALIGN LV_ATTRIBUTE_LARGE_CONST LV_ATTRIBUTE_IMG_MIKU uint8_t miku_map[] = {
#if CONFIG_NICE_VIEW_WIDGET_INVERTED
        0xff, 0xff, 0xff, 0xff, /*Color of index 0*/
        0x00, 0x00, 0x00, 0xff, /*Color of index 1*/
#else
        0x00, 0x00, 0x00, 0xff, /*Color of index 0*/
        0xff, 0xff, 0xff, 0xff, /*Color of index 1*/
#endif

  0xff, 0xff, 0xff, 0xff, 0xfc, 0xfd, 0xff, 0xdc, 0x0d, 0x55, 0x55, 0x7f, 0xc0, 0xff, 0xff, 0xff, 0xff, 0xf0, 
  0xff, 0xff, 0xff, 0xff, 0xfc, 0xfe, 0xff, 0xec, 0x0e, 0xaa, 0xaa, 0xbf, 0xc0, 0xff, 0xff, 0xff, 0xff, 0xf0, 
  0xff, 0xff, 0xff, 0xff, 0xfc, 0xff, 0x7f, 0xd0, 0x0f, 0x55, 0x55, 0x55, 0x7f, 0x0f, 0xff, 0xff, 0xff, 0xf0, 
  0xff, 0xff, 0xff, 0xff, 0xfc, 0xff, 0xbf, 0xe0, 0x0f, 0xaa, 0xaa, 0x80, 0x3f, 0x0f, 0xff, 0xff, 0xff, 0xf0, 
  0xff, 0xff, 0xff, 0xff, 0xf3, 0xff, 0xdf, 0xd0, 0x15, 0xd5, 0x55, 0x55, 0x55, 0xf0, 0xff, 0xff, 0xff, 0xf0, 
  0xff, 0xff, 0xff, 0xff, 0xf3, 0xff, 0xef, 0xc0, 0x00, 0xea, 0xaa, 0x80, 0xaa, 0xf0, 0xff, 0xff, 0xff, 0xf0, 
  0xff, 0xff, 0xff, 0xff, 0xf3, 0xff, 0xf5, 0x40, 0x57, 0x5f, 0xff, 0xff, 0x55, 0x5f, 0x3f, 0xff, 0xff, 0xf0, 
  0xff, 0xff, 0xff, 0xff, 0xf3, 0xff, 0xfa, 0x00, 0x03, 0xaf, 0xff, 0xff, 0xaa, 0xaf, 0x3f, 0xff, 0xff, 0xf0, 
  0xff, 0xff, 0xff, 0xff, 0xcf, 0xff, 0xff, 0x41, 0x7f, 0xd7, 0x55, 0x55, 0xfd, 0x55, 0xcf, 0xff, 0xff, 0xf0, 
  0xff, 0xff, 0xff, 0xff, 0xcf, 0xff, 0xff, 0x80, 0x3f, 0xeb, 0xaa, 0xaa, 0xfe, 0xaa, 0xcf, 0xff, 0xff, 0xf0, 
  0xff, 0xff, 0xf5, 0x57, 0x3f, 0xff, 0xff, 0xd7, 0xff, 0xff, 0xd5, 0x55, 0x57, 0xd5, 0x73, 0xff, 0xff, 0xf0, 
  0xff, 0xff, 0xfa, 0xab, 0x3f, 0xff, 0xff, 0xeb, 0xff, 0xff, 0xea, 0xaa, 0xab, 0xea, 0xb3, 0xff, 0xff, 0xf0, 
  0xff, 0xff, 0xf5, 0x55, 0x3f, 0xff, 0xff, 0xcf, 0xff, 0xff, 0xff, 0x55, 0x55, 0x7f, 0xdc, 0xff, 0xff, 0xf0, 
  0xff, 0xff, 0xfa, 0xaa, 0x3f, 0xff, 0xff, 0xcf, 0xff, 0xff, 0xff, 0xaa, 0xaa, 0x3f, 0xec, 0xff, 0xff, 0xf0, 
  0xff, 0xff, 0xf5, 0x55, 0x3f, 0xff, 0xff, 0x0f, 0xff, 0xff, 0xff, 0xd5, 0x55, 0x5f, 0xfc, 0xff, 0xff, 0xf0, 
  0xff, 0xff, 0xfa, 0xaa, 0x3f, 0xff, 0xff, 0x0f, 0xff, 0xff, 0xff, 0xea, 0xa8, 0x0f, 0xfc, 0xff, 0xff, 0xf0, 
  0x3f, 0xf0, 0x0d, 0x55, 0x3f, 0xff, 0xff, 0x3f, 0xff, 0xf5, 0x40, 0x3d, 0x55, 0x57, 0xff, 0x3f, 0xff, 0xf0, 
  0x3f, 0xfa, 0xae, 0xaa, 0x3f, 0xff, 0xff, 0x3f, 0xff, 0xf0, 0x00, 0x3e, 0xa8, 0x2b, 0xff, 0x3f, 0xff, 0xf0, 
  0x03, 0xcf, 0xfd, 0x55, 0xdf, 0xff, 0xfd, 0x7f, 0xff, 0xc1, 0x5f, 0x3f, 0x55, 0x55, 0x7f, 0xcf, 0xff, 0xf0, 
  0x03, 0xeb, 0xfe, 0xaa, 0xef, 0xff, 0xfc, 0x3f, 0xff, 0xc0, 0x2f, 0x3f, 0xa8, 0xaa, 0xbf, 0xcf, 0xff, 0xf0, 
  0x0d, 0x3f, 0xfd, 0x55, 0x57, 0xf0, 0x00, 0x15, 0x7f, 0x00, 0x3f, 0xfd, 0xd5, 0x55, 0x57, 0xcf, 0xff, 0xf0, 
  0x0e, 0xbe, 0xfe, 0xaa, 0xab, 0xf0, 0x00, 0x00, 0x3f, 0x00, 0x3f, 0xfc, 0xea, 0xaa, 0xab, 0xcf, 0xff, 0xf0, 
  0x37, 0xff, 0xff, 0x55, 0x55, 0x40, 0x00, 0x00, 0x5c, 0x00, 0x0f, 0xf5, 0x7d, 0x55, 0x7d, 0xcf, 0xff, 0xf0, 
  0x3b, 0xff, 0xbf, 0xaa, 0xaa, 0x80, 0x00, 0x00, 0x0c, 0x00, 0x0f, 0xf0, 0x3e, 0xaa, 0xbe, 0xcf, 0xff, 0xf0, 
  0xff, 0x5f, 0xf0, 0x0d, 0x55, 0x54, 0x00, 0x00, 0x5c, 0x30, 0x01, 0x55, 0x55, 0x55, 0x5f, 0xcf, 0xff, 0xf0, 
  0xff, 0xaf, 0xf0, 0x0a, 0xaa, 0xa8, 0x00, 0x00, 0xac, 0x30, 0x00, 0xaa, 0xaa, 0xaa, 0xaf, 0xcf, 0xff, 0xf0, 
  0xc1, 0xff, 0xc0, 0x0f, 0x15, 0x55, 0x40, 0x05, 0x00, 0x50, 0x15, 0x55, 0x55, 0x55, 0x5f, 0xcf, 0xff, 0xf0, 
  0xc2, 0xff, 0xc0, 0x0a, 0x2a, 0xaa, 0x80, 0x0a, 0x00, 0xa0, 0x0a, 0xaa, 0x82, 0xaa, 0xaf, 0xcf, 0xff, 0xf0, 
  0x07, 0xff, 0xf0, 0x0c, 0x00, 0x55, 0x55, 0xd4, 0x00, 0x50, 0x55, 0x55, 0x55, 0x55, 0x5f, 0xcf, 0xff, 0xf0, 
  0x0b, 0xff, 0xf0, 0x08, 0x00, 0xaa, 0xaa, 0xe8, 0x00, 0xa0, 0x2a, 0xaa, 0x8a, 0xaa, 0xaf, 0xcf, 0xff, 0xf0, 
  0x07, 0xff, 0xff, 0xc0, 0x00, 0x01, 0x57, 0x55, 0xd0, 0x00, 0x55, 0x55, 0x55, 0x55, 0x57, 0x3f, 0xff, 0xf0, 
  0x0b, 0xff, 0xff, 0xc0, 0x00, 0x02, 0xab, 0xaa, 0xe0, 0x00, 0x2a, 0xaa, 0xaa, 0xaa, 0xab, 0x3f, 0xff, 0xf0, 
  0x5f, 0xff, 0xff, 0xfc, 0x00, 0x00, 0x00, 0x55, 0x10, 0x00, 0x1f, 0x55, 0x55, 0x55, 0x57, 0x3f, 0xff, 0xf0, 
  0x2f, 0xff, 0xff, 0xfc, 0x00, 0x00, 0x00, 0xaa, 0x00, 0x00, 0x0f, 0xaa, 0xaa, 0xaa, 0xab, 0x3f, 0xff, 0xf0, 
  0xdf, 0xff, 0xff, 0xff, 0xf0, 0x00, 0x40, 0x14, 0x14, 0x00, 0x03, 0xd5, 0x55, 0x55, 0x57, 0x3f, 0xff, 0xf0, 
  0xef, 0xff, 0xff, 0xff, 0xf0, 0x00, 0x00, 0x28, 0x00, 0x00, 0x03, 0xc2, 0xaa, 0xaa, 0xab, 0x3f, 0xff, 0xf0, 
  0xdf, 0xff, 0xff, 0xff, 0xff, 0x00, 0x40, 0x10, 0x04, 0x05, 0xf3, 0xc1, 0x75, 0x55, 0x57, 0x3f, 0xff, 0xf0, 
  0xef, 0xff, 0xff, 0xff, 0xff, 0x00, 0x00, 0x20, 0x00, 0x02, 0xf3, 0xc0, 0x3a, 0xaa, 0xab, 0x3f, 0xff, 0xf0, 
  0xdf, 0xff, 0xff, 0xff, 0xff, 0xff, 0x00, 0x04, 0x04, 0x17, 0xff, 0xc7, 0xd5, 0x55, 0x57, 0x3f, 0xff, 0xf0, 
  0xef, 0xff, 0xff, 0xff, 0xff, 0xfe, 0x00, 0x08, 0x08, 0x03, 0xff, 0xc3, 0xea, 0xaa, 0xab, 0x3f, 0xff, 0xf0, 
  0xdf, 0xff, 0xff, 0xff, 0xff, 0xff, 0x40, 0x01, 0x55, 0x17, 0xff, 0xdd, 0x55, 0x55, 0x5f, 0x3f, 0xff, 0xf0, 
  0xef, 0xff, 0xff, 0xff, 0xff, 0xff, 0x80, 0x02, 0xaa, 0x03, 0xff, 0xce, 0xaa, 0xaa, 0xaf, 0x3f, 0xff, 0xf0, 
  0xdf, 0xff, 0xff, 0xff, 0xff, 0xfd, 0x00, 0x01, 0x55, 0x55, 0xff, 0xfd, 0x55, 0x55, 0x5c, 0xff, 0xff, 0xf0, 
  0xef, 0xff, 0xff, 0xff, 0xff, 0xfe, 0x00, 0x00, 0xaa, 0xa0, 0xff, 0xfe, 0xaa, 0xaa, 0xac, 0xff, 0xff, 0xf0, 
  0xdf, 0xff, 0xff, 0xff, 0xff, 0xfd, 0x00, 0x00, 0x75, 0x55, 0x5f, 0x55, 0x55, 0x55, 0x5c, 0xff, 0xff, 0xf0, 
  0xef, 0xff, 0xff, 0xff, 0xff, 0xfe, 0x00, 0x00, 0x3a, 0xaa, 0xaf, 0xaa, 0xaa, 0xaa, 0xac, 0xff, 0xff, 0xf0, 
  0xf7, 0xff, 0xff, 0xff, 0xff, 0xfd, 0x14, 0x00, 0x3d, 0x55, 0x75, 0x55, 0x55, 0x55, 0x5c, 0xff, 0xff, 0xf0, 
  0xfb, 0xff, 0xff, 0xff, 0xff, 0xfe, 0x28, 0x00, 0x3e, 0xaa, 0xba, 0xaa, 0xaa, 0xaa, 0xac, 0xff, 0xff, 0xf0, 
  0xd5, 0x55, 0x55, 0x57, 0xff, 0xfd, 0x11, 0x00, 0x3f, 0x55, 0xd5, 0x55, 0x55, 0x55, 0x73, 0xff, 0xff, 0xf0, 
  0xff, 0xfc, 0x00, 0x03, 0xff, 0xfe, 0x22, 0x00, 0x3f, 0xaa, 0xea, 0xaa, 0x2a, 0xaa, 0xb3, 0xff, 0xff, 0xf0, 
  0x7f, 0xf5, 0x55, 0x55, 0xfd, 0x7f, 0xf5, 0x00, 0xc3, 0xd7, 0x55, 0x55, 0x57, 0xf5, 0xf3, 0xff, 0xff, 0xf0, 
  0xbf, 0xfc, 0x00, 0x00, 0xa8, 0x3f, 0xfa, 0x00, 0xc3, 0xeb, 0xaa, 0xa8, 0x2b, 0xfa, 0xf3, 0xff, 0xff, 0xf0, 
  0x7f, 0xff, 0x55, 0x55, 0x55, 0x70, 0x0f, 0xff, 0x3c, 0x3d, 0x55, 0x55, 0x57, 0xff, 0xcf, 0xff, 0xff, 0xf0, 
  0xbf, 0xfe, 0x00, 0x00, 0x00, 0x30, 0x0f, 0xff, 0x3c, 0x3e, 0xaa, 0xa8, 0x0b, 0xff, 0xcf, 0xff, 0xff, 0xf0, 
  0x7f, 0xff, 0x55, 0x55, 0x55, 0xcf, 0xf0, 0x00, 0xff, 0x35, 0x55, 0x55, 0x7d, 0x7f, 0xcf, 0xff, 0xff, 0xf0, 
  0xbf, 0xff, 0x00, 0x00, 0x00, 0xcf, 0xf0, 0x00, 0xff, 0x3a, 0xaa, 0xa8, 0x3e, 0xbf, 0xcf, 0xff, 0xff, 0xf0, 
  0x7f, 0xff, 0xd5, 0x55, 0x57, 0xcf, 0xff, 0xff, 0xfc, 0xd5, 0x55, 0x7f, 0xff, 0xdf, 0xcf, 0xff, 0xff, 0xf0, 
  0xbf, 0xff, 0xc0, 0x00, 0x02, 0xcf, 0xff, 0xff, 0xfc, 0xea, 0xaa, 0xbf, 0xff, 0xef, 0xcf, 0xff, 0xff, 0xf0, 
  0xdf, 0xff, 0xfd, 0x55, 0x57, 0x3f, 0xff, 0xff, 0xff, 0x3f, 0xff, 0xff, 0xff, 0xf7, 0xf3, 0xff, 0xff, 0xf0, 
  0xef, 0xff, 0xac, 0x00, 0x03, 0x3f, 0xff, 0xff, 0xff, 0x3f, 0xff, 0xff, 0xff, 0xfb, 0xf3, 0xff, 0xff, 0xf0, 
  0xdf, 0xff, 0xff, 0xd5, 0xfc, 0xff, 0xff, 0xff, 0xff, 0xcf, 0xfd, 0x55, 0x7f, 0xfd, 0xf3, 0xff, 0xff, 0xf0, 
  0xef, 0xfe, 0xff, 0x80, 0xbc, 0xff, 0xff, 0xff, 0xff, 0xcf, 0xfe, 0xaa, 0xbf, 0xfe, 0xf3, 0xff, 0xff, 0xf0, 
  0xfd, 0xff, 0xff, 0xff, 0xfc, 0xff, 0xff, 0xff, 0xff, 0xcf, 0x55, 0x55, 0x55, 0xff, 0x73, 0xff, 0xff, 0xf0, 
  0xfe, 0xab, 0xff, 0xfb, 0xfc, 0xff, 0xff, 0xff, 0xff, 0xcf, 0xaa, 0xaa, 0xaa, 0xff, 0xb3, 0xff, 0xff, 0xf0, 
  0xff, 0xff, 0xff, 0xff, 0xf3, 0xff, 0xff, 0xff, 0xfc, 0x35, 0x55, 0x55, 0x55, 0x7f, 0xcf, 0xff, 0xff, 0xf0, 
  0xff, 0xff, 0xff, 0xef, 0xe3, 0xff, 0xff, 0xff, 0xfc, 0x3a, 0xaa, 0xaa, 0xaa, 0xbf, 0xcf, 0xff, 0xff, 0xf0, 
  0xff, 0xd7, 0xff, 0xff, 0xff, 0xff, 0xff, 0xff, 0xc3, 0xd5, 0x55, 0x55, 0x55, 0x7f, 0x3f, 0xff, 0xff, 0xf0, 
  0xff, 0xeb, 0xff, 0xbf, 0xbf, 0xff, 0xff, 0xff, 0xc3, 0xea, 0xaa, 0xaa, 0xaa, 0xbf, 0x3f, 0xff, 0xff, 0xf0, 
};

const lv_img_dsc_t miku = {
  .header.cf = LV_IMG_CF_INDEXED_1BIT,
  .header.always_zero = 0,
  .header.reserved = 0,
  .header.w = 140,
  .header.h = 68,
  .data_size = 1232,
  .data = miku_map,
};

#ifndef LV_ATTRIBUTE_IMG_LACH
#define LV_ATTRIBUTE_IMG_LACH
#endif

const LV_ATTRIBUTE_MEM_ALIGN LV_ATTRIBUTE_LARGE_CONST LV_ATTRIBUTE_IMG_LACH uint8_t lach_map[] = {
#if CONFIG_NICE_VIEW_WIDGET_INVERTED
        0xff, 0xff, 0xff, 0xff, /*Color of index 0*/
        0x00, 0x00, 0x00, 0xff, /*Color of index 1*/
#else
        0x00, 0x00, 0x00, 0xff, /*Color of index 0*/
        0xff, 0xff, 0xff, 0xff, /*Color of index 1*/
#endif

  0xff, 0xff, 0xff, 0xff, 0xff, 0xff, 0xff, 0xff, 0xff, 0xff, 0xff, 0xff, 0xff, 0xff, 0xff, 0xff, 0xff, 0xf0, 
  0xff, 0xff, 0xff, 0xff, 0xff, 0xff, 0xff, 0xff, 0xff, 0xff, 0xff, 0xff, 0xff, 0xff, 0xff, 0xff, 0xff, 0xf0, 
  0xff, 0xff, 0xff, 0xff, 0xff, 0xff, 0xff, 0xff, 0xff, 0xff, 0xff, 0xff, 0xff, 0xff, 0xff, 0xff, 0xff, 0xf0, 
  0xff, 0xff, 0xff, 0xff, 0xff, 0xff, 0xff, 0xff, 0xff, 0xff, 0xff, 0xff, 0xff, 0xff, 0xff, 0xff, 0xff, 0xf0, 
  0xff, 0xff, 0xff, 0xff, 0xff, 0xff, 0xff, 0xff, 0xff, 0xff, 0xff, 0xff, 0xff, 0xff, 0xff, 0xff, 0xff, 0xf0, 
  0xff, 0xff, 0xff, 0xff, 0xff, 0xff, 0xff, 0xff, 0xff, 0xff, 0xff, 0xff, 0xff, 0xff, 0xff, 0xff, 0xff, 0xf0, 
  0xff, 0xff, 0xff, 0xff, 0xff, 0xff, 0xff, 0xff, 0xff, 0xff, 0xff, 0xff, 0xff, 0xff, 0xff, 0xff, 0xff, 0xf0, 
  0xff, 0xff, 0xff, 0xff, 0xff, 0xff, 0xff, 0xff, 0xff, 0xff, 0xff, 0xff, 0xff, 0xff, 0xff, 0xff, 0xff, 0xf0, 
  0xaf, 0xff, 0xfe, 0x1f, 0xff, 0xff, 0xff, 0xff, 0xff, 0xff, 0xff, 0xff, 0xff, 0xff, 0xff, 0xff, 0xff, 0xf0, 
  0x57, 0xff, 0xfd, 0x5f, 0xff, 0xff, 0xff, 0xff, 0xff, 0xff, 0xff, 0xff, 0xff, 0xff, 0xff, 0xff, 0xff, 0xf0, 
  0xaa, 0xff, 0xe0, 0x1f, 0xff, 0xff, 0xff, 0xff, 0xff, 0xff, 0xff, 0xff, 0xff, 0xff, 0xff, 0xff, 0xff, 0xf0, 
  0x55, 0x7f, 0xd5, 0x5f, 0xff, 0xff, 0xff, 0xff, 0xff, 0xff, 0xff, 0xff, 0x8f, 0xff, 0xff, 0xff, 0xff, 0xf0, 
  0xaa, 0xaf, 0x00, 0x1f, 0xff, 0xff, 0xff, 0xff, 0xff, 0xff, 0xff, 0xff, 0xff, 0xff, 0xff, 0xff, 0xff, 0xf0, 
  0x45, 0x55, 0x55, 0x5f, 0xff, 0xff, 0xff, 0xff, 0xff, 0xff, 0xff, 0xff, 0x8f, 0xff, 0xff, 0xff, 0xff, 0xf0, 
  0xbe, 0xaa, 0x03, 0x1f, 0xff, 0xff, 0xff, 0xff, 0xff, 0xff, 0xff, 0xff, 0xff, 0xff, 0xff, 0xff, 0xff, 0xf0, 
  0x4f, 0x55, 0x5f, 0x5f, 0xff, 0xff, 0xff, 0xff, 0xff, 0xff, 0xff, 0xff, 0x8f, 0xff, 0xff, 0xff, 0xff, 0xf0, 
  0x8f, 0x2a, 0xbf, 0x1f, 0xff, 0xff, 0xff, 0xff, 0xff, 0xff, 0xff, 0xff, 0x8f, 0xff, 0xff, 0xff, 0xff, 0xf0, 
  0x5f, 0x55, 0x57, 0x5f, 0xff, 0xff, 0xff, 0xff, 0xff, 0xff, 0xff, 0xff, 0xff, 0xff, 0xff, 0xff, 0xff, 0xf0, 
  0x88, 0x02, 0xab, 0x1f, 0xff, 0xff, 0xff, 0xff, 0xff, 0xff, 0xff, 0xff, 0x8f, 0xff, 0xff, 0xff, 0xff, 0xf0, 
  0x55, 0x57, 0x55, 0x5f, 0xff, 0xff, 0xff, 0xff, 0xff, 0xff, 0xff, 0xff, 0xff, 0xff, 0xff, 0xff, 0xff, 0xf0, 
  0xaa, 0xaa, 0xaa, 0xaa, 0xaa, 0xaa, 0xaa, 0xaa, 0xaa, 0xaa, 0xaa, 0xaa, 0xaa, 0xaa, 0xaa, 0xaa, 0xaa, 0xa0, 
  0x55, 0xff, 0xff, 0x55, 0xff, 0xff, 0xff, 0xff, 0xff, 0xff, 0xff, 0xff, 0xff, 0xff, 0xff, 0xff, 0xff, 0xf0, 
  0xaa, 0xaa, 0xaa, 0xaa, 0xaa, 0xaa, 0xaa, 0xaa, 0xaa, 0xaa, 0xaa, 0xaa, 0xaa, 0xaa, 0xaa, 0xaa, 0xaa, 0xa0, 
  0x57, 0xff, 0xff, 0x55, 0x7f, 0xff, 0xff, 0xff, 0xff, 0xff, 0xff, 0xff, 0xff, 0xff, 0xff, 0xff, 0xff, 0xf0, 
  0xef, 0xff, 0xff, 0xaa, 0xae, 0xaa, 0xbf, 0xff, 0xff, 0xff, 0xff, 0xff, 0xff, 0xff, 0xff, 0xff, 0xff, 0xf0, 
  0xff, 0xff, 0xff, 0xfd, 0xf7, 0xff, 0xff, 0xff, 0xff, 0xff, 0xff, 0xff, 0xff, 0xff, 0xff, 0xff, 0xff, 0xf0, 
  0xff, 0xff, 0xff, 0xbe, 0xaa, 0xaf, 0xbf, 0xff, 0xff, 0xff, 0xff, 0xff, 0xff, 0xff, 0xff, 0xff, 0xff, 0xf0, 
  0xff, 0xff, 0xff, 0xff, 0xd5, 0x7f, 0xff, 0xff, 0xff, 0xff, 0xff, 0xff, 0xff, 0xff, 0xff, 0xff, 0xff, 0xf0, 
  0xaa, 0xaa, 0xaa, 0xaa, 0xaa, 0xaa, 0xaa, 0xaa, 0xaa, 0xaa, 0xaa, 0xaa, 0xaa, 0xaa, 0xaa, 0xaa, 0xaa, 0xa0, 
  0xff, 0xff, 0xff, 0xff, 0xfd, 0xf7, 0xff, 0xff, 0xff, 0xff, 0xff, 0xff, 0xff, 0xff, 0xff, 0xff, 0xff, 0xf0, 
  0xff, 0xff, 0xff, 0xba, 0xaa, 0xaa, 0xbf, 0xff, 0xff, 0xff, 0xff, 0xff, 0xff, 0xff, 0xff, 0xff, 0xff, 0xf0, 
  0xff, 0xff, 0xff, 0xff, 0xff, 0xff, 0x5f, 0xff, 0xff, 0x5f, 0xff, 0xff, 0xff, 0xff, 0xff, 0xff, 0xff, 0xf0, 
  0xff, 0xff, 0xff, 0xaa, 0xbf, 0xaa, 0xab, 0xff, 0xfa, 0xbf, 0xff, 0xff, 0xff, 0xff, 0xff, 0xab, 0xff, 0xf0, 
  0xaa, 0xaa, 0xaa, 0xff, 0xff, 0xf5, 0x5f, 0xff, 0xf5, 0x4a, 0xaa, 0xaa, 0xaa, 0xaa, 0xaa, 0xff, 0xff, 0xf0, 
  0xff, 0xff, 0xff, 0xab, 0xff, 0xfa, 0xaa, 0xbf, 0xaa, 0xbf, 0xff, 0xff, 0xff, 0xff, 0xff, 0xaa, 0xbf, 0xa0, 
  0xff, 0xff, 0xff, 0xff, 0xff, 0xff, 0x5f, 0xff, 0xff, 0x5f, 0xff, 0xff, 0xff, 0xff, 0xff, 0xff, 0xff, 0xf0, 
  0xff, 0xff, 0xff, 0xff, 0xff, 0xff, 0xba, 0xaa, 0xaa, 0xbf, 0xff, 0xff, 0xff, 0xff, 0xff, 0xba, 0xaa, 0xa0, 
  0xff, 0xff, 0xff, 0xff, 0xff, 0xff, 0x5f, 0xfd, 0xf7, 0x5f, 0xff, 0xff, 0xff, 0xff, 0xff, 0xff, 0xfd, 0xf0, 
  0xaa, 0xaa, 0xaa, 0xaa, 0xaa, 0xaa, 0xaa, 0xaa, 0xaa, 0xaa, 0xaa, 0xaa, 0xaa, 0xaa, 0xaa, 0xaa, 0xaa, 0xa0, 
  0xff, 0xff, 0xff, 0xff, 0xff, 0xff, 0x5f, 0xd5, 0x7f, 0x5f, 0xff, 0xff, 0xff, 0xff, 0xff, 0xff, 0xd5, 0x70, 
  0xff, 0xff, 0xff, 0xff, 0xff, 0xff, 0xbe, 0xaa, 0xaf, 0xbf, 0xff, 0xff, 0xff, 0xff, 0xff, 0xbe, 0xaa, 0xa0, 
  0xff, 0xff, 0xff, 0xff, 0xff, 0xff, 0x5d, 0xf7, 0xff, 0x5f, 0xff, 0xff, 0xff, 0xff, 0xff, 0xfd, 0xf7, 0xf0, 
  0xff, 0xff, 0xff, 0xff, 0xff, 0xff, 0xaa, 0xae, 0xaa, 0xaf, 0xff, 0xff, 0xef, 0xff, 0xff, 0xaa, 0xae, 0xa0, 
  0xff, 0xff, 0xff, 0xff, 0xff, 0xff, 0x55, 0x7f, 0xff, 0x57, 0xff, 0xff, 0x57, 0xff, 0xff, 0x55, 0x7f, 0xf0, 
  0xaa, 0xaa, 0xaa, 0xaa, 0xaa, 0xaa, 0xaa, 0xaa, 0xaa, 0xaa, 0xaa, 0xaa, 0xaa, 0xaa, 0xaa, 0xaa, 0xaa, 0xa0, 
  0xff, 0xff, 0xff, 0xff, 0xff, 0xff, 0x77, 0xff, 0xff, 0x5d, 0xff, 0xff, 0x5d, 0xff, 0xff, 0x57, 0xff, 0xf0, 
  0xaa, 0xaa, 0xaa, 0xaa, 0xaa, 0xaa, 0xaa, 0xaa, 0xaa, 0xaa, 0xaa, 0xaa, 0xaa, 0xaa, 0xaa, 0xaa, 0xaa, 0xa0, 
  0xff, 0xff, 0xff, 0xff, 0xff, 0xff, 0xff, 0xff, 0xff, 0x55, 0x57, 0x55, 0x55, 0x57, 0x55, 0x5f, 0xff, 0xf0, 
  0xff, 0xff, 0xff, 0xff, 0xff, 0xff, 0xff, 0xff, 0xff, 0xb8, 0x02, 0xab, 0xb8, 0x02, 0xab, 0x1f, 0xff, 0xf0, 
  0xff, 0xff, 0xff, 0xff, 0xff, 0xff, 0xff, 0xff, 0xff, 0x5f, 0x55, 0x57, 0x5f, 0x55, 0x57, 0x5f, 0xff, 0xf0, 
  0xff, 0xff, 0xff, 0xff, 0xff, 0xff, 0xff, 0xff, 0xff, 0xbf, 0x2a, 0xbf, 0xbf, 0x2a, 0xbf, 0x1f, 0xff, 0xf0, 
  0xff, 0xff, 0xff, 0xff, 0xff, 0xff, 0xff, 0xff, 0xff, 0x5f, 0x55, 0x5f, 0x5f, 0x55, 0x5f, 0x5f, 0xff, 0xf0, 
  0xff, 0xff, 0xff, 0xff, 0xff, 0xff, 0xff, 0xff, 0xff, 0xbe, 0xaa, 0x03, 0xbe, 0xaa, 0x03, 0x1f, 0xff, 0xf0, 
  0xff, 0xff, 0xff, 0xff, 0xff, 0xff, 0xff, 0xff, 0xff, 0x55, 0x55, 0x55, 0x55, 0x55, 0x55, 0x5f, 0xff, 0xf0, 
  0xff, 0xff, 0xff, 0xff, 0xff, 0xff, 0xff, 0xff, 0xff, 0xaa, 0xaf, 0x00, 0xaa, 0xaf, 0x00, 0x1f, 0xff, 0xf0, 
  0xff, 0xff, 0xff, 0xff, 0xff, 0xff, 0xff, 0xff, 0xff, 0x55, 0x7f, 0xd5, 0x55, 0x7f, 0xd5, 0x5f, 0xff, 0xf0, 
  0xff, 0xff, 0xff, 0xff, 0xff, 0xff, 0xff, 0xff, 0xff, 0xaa, 0xff, 0xe0, 0xaa, 0xff, 0xe0, 0x1f, 0xff, 0xf0, 
  0xff, 0xff, 0xff, 0xff, 0xff, 0xff, 0xff, 0xff, 0xff, 0x57, 0xff, 0xfd, 0x57, 0xff, 0xfd, 0x5f, 0xff, 0xf0, 
  0xff, 0xff, 0xff, 0xff, 0xff, 0xff, 0xff, 0xff, 0xff, 0xaf, 0xff, 0xfe, 0xaf, 0xff, 0xfe, 0x1f, 0xff, 0xf0, 
  0xff, 0xff, 0xff, 0xff, 0xff, 0xff, 0xff, 0xff, 0xff, 0xff, 0xff, 0xff, 0xff, 0xff, 0xff, 0xff, 0xff, 0xf0, 
  0xff, 0xff, 0xff, 0xff, 0xff, 0xff, 0xff, 0xff, 0xff, 0xff, 0xff, 0xff, 0xff, 0xff, 0xff, 0xff, 0xff, 0xf0, 
  0xff, 0xff, 0xff, 0xff, 0xff, 0xff, 0xff, 0xff, 0xff, 0xff, 0xff, 0xff, 0xff, 0xff, 0xff, 0xff, 0xff, 0xf0, 
  0xff, 0xff, 0xff, 0xff, 0xff, 0xff, 0xff, 0xff, 0xff, 0xff, 0xff, 0xff, 0xff, 0xff, 0xff, 0xff, 0xff, 0xf0, 
  0xff, 0xff, 0xff, 0xff, 0xff, 0xff, 0xff, 0xff, 0xff, 0xff, 0xff, 0xff, 0xff, 0xff, 0xff, 0xff, 0xff, 0xf0, 
  0xff, 0xff, 0xff, 0xff, 0xff, 0xff, 0xff, 0xff, 0xff, 0xff, 0xff, 0xff, 0xff, 0xff, 0xff, 0xff, 0xff, 0xf0, 
  0xff, 0xff, 0xff, 0xff, 0xff, 0xff, 0xff, 0xff, 0xff, 0xff, 0xff, 0xff, 0xff, 0xff, 0xff, 0xff, 0xff, 0xf0, 
  0xff, 0xff, 0xff, 0xff, 0xff, 0xff, 0xff, 0xff, 0xff, 0xff, 0xff, 0xff, 0xff, 0xff, 0xff, 0xff, 0xff, 0xf0, 
  0xff, 0xff, 0xff, 0xff, 0xff, 0xff, 0xff, 0xff, 0xff, 0xff, 0xff, 0xff, 0xff, 0xff, 0xff, 0xff, 0xff, 0xf0, 
};

const lv_img_dsc_t lach = {
  .header.cf = LV_IMG_CF_INDEXED_1BIT,
  .header.always_zero = 0,
  .header.reserved = 0,
  .header.w = 140,
  .header.h = 68,
  .data_size = 1232,
  .data = lach_map,
};

#ifndef LV_ATTRIBUTE_IMG_LEXY1
#define LV_ATTRIBUTE_IMG_LEXY1
#endif

const LV_ATTRIBUTE_MEM_ALIGN LV_ATTRIBUTE_LARGE_CONST LV_ATTRIBUTE_IMG_LEXY1 uint8_t lexy1_map[] = {
#if CONFIG_NICE_VIEW_WIDGET_INVERTED
        0xff, 0xff, 0xff, 0xff, /*Color of index 0*/
        0x00, 0x00, 0x00, 0xff, /*Color of index 1*/
#else
        0x00, 0x00, 0x00, 0xff, /*Color of index 0*/
        0xff, 0xff, 0xff, 0xff, /*Color of index 1*/
#endif

  0xff, 0xff, 0xff, 0xff, 0xff, 0xff, 0xff, 0xff, 0xff, 0xff, 0xff, 0xff, 0xff, 0xff, 0xff, 0xff, 0xff, 0xf0, 
  0xff, 0xff, 0xff, 0xff, 0xff, 0xff, 0xff, 0xff, 0xff, 0xff, 0xff, 0xff, 0xff, 0xff, 0xff, 0xff, 0xff, 0xf0, 
  0xff, 0xff, 0xff, 0xff, 0xff, 0xff, 0xff, 0xff, 0xff, 0xff, 0xff, 0xff, 0xff, 0xff, 0xff, 0xff, 0xff, 0xf0, 
  0xff, 0xff, 0xff, 0xff, 0xff, 0xff, 0xff, 0xff, 0xff, 0xff, 0xff, 0xff, 0xff, 0xff, 0xff, 0xff, 0xff, 0xf0, 
  0xff, 0xff, 0xff, 0xff, 0xff, 0xff, 0xfd, 0xff, 0xff, 0xff, 0xff, 0xff, 0xff, 0xff, 0xff, 0xff, 0xff, 0xf0, 
  0xff, 0xff, 0xff, 0xff, 0xff, 0xff, 0xea, 0xaf, 0xff, 0xff, 0xff, 0xff, 0xff, 0xff, 0xff, 0xff, 0xff, 0xf0, 
  0xff, 0xff, 0xff, 0xff, 0xff, 0xff, 0xd5, 0x57, 0xff, 0xff, 0xff, 0xff, 0xff, 0xff, 0xff, 0xff, 0xff, 0xf0, 
  0xff, 0xff, 0xff, 0xff, 0xff, 0xff, 0xaa, 0xab, 0xff, 0xff, 0xff, 0xff, 0xff, 0xff, 0xff, 0xff, 0xff, 0xf0, 
  0xff, 0xff, 0xff, 0xff, 0xff, 0xff, 0x55, 0x57, 0xff, 0xff, 0xff, 0xff, 0xff, 0xff, 0xff, 0xff, 0xff, 0xf0, 
  0xff, 0xff, 0xff, 0xff, 0xf9, 0xfe, 0x2a, 0xaa, 0xab, 0xff, 0xff, 0xff, 0xff, 0xff, 0xff, 0xff, 0xff, 0xf0, 
  0xff, 0xff, 0xff, 0xff, 0xe0, 0x7e, 0x5f, 0x55, 0x55, 0xff, 0xff, 0xff, 0xff, 0xff, 0xff, 0xff, 0xff, 0xf0, 
  0xff, 0xff, 0xff, 0xff, 0xe0, 0x1c, 0x3f, 0xaa, 0xab, 0xff, 0xff, 0xff, 0xff, 0xff, 0xff, 0xff, 0xff, 0xf0, 
  0xff, 0xff, 0xff, 0xff, 0xc0, 0x1c, 0x7f, 0x55, 0x57, 0xff, 0xff, 0xff, 0xff, 0xff, 0xff, 0xff, 0xff, 0xf0, 
  0xff, 0xff, 0xff, 0xff, 0xe0, 0x18, 0x3e, 0xaa, 0xaf, 0xff, 0xff, 0xff, 0xff, 0xff, 0xff, 0xff, 0xff, 0xf0, 
  0xff, 0xff, 0xff, 0xff, 0xe0, 0x38, 0x1f, 0x55, 0x5f, 0xff, 0xff, 0xff, 0xff, 0xff, 0xff, 0xff, 0xff, 0xf0, 
  0xff, 0xff, 0xff, 0xff, 0xe0, 0x38, 0x8a, 0xaa, 0xaf, 0xff, 0xff, 0xff, 0xff, 0xff, 0xff, 0xff, 0xff, 0xf0, 
  0xff, 0xff, 0xff, 0xff, 0xf0, 0x3b, 0xd5, 0x55, 0x5f, 0xff, 0xff, 0xff, 0xff, 0xff, 0xff, 0xff, 0xff, 0xf0, 
  0xff, 0xff, 0xff, 0xff, 0xf8, 0x3b, 0x8a, 0xaa, 0xaf, 0xff, 0xff, 0xff, 0xff, 0xff, 0xff, 0xff, 0xff, 0xf0, 
  0xff, 0xff, 0xff, 0xff, 0xfc, 0x77, 0x05, 0x55, 0x5f, 0xff, 0xff, 0xff, 0xff, 0xff, 0xff, 0xff, 0xff, 0xf0, 
  0xff, 0xff, 0xff, 0xff, 0xfe, 0x33, 0x62, 0xaa, 0xaf, 0xff, 0xff, 0xff, 0xff, 0xff, 0xff, 0xff, 0xff, 0xf0, 
  0xff, 0xff, 0xff, 0xff, 0xff, 0xf7, 0xe5, 0x55, 0x5f, 0xff, 0xff, 0xff, 0xff, 0xff, 0xff, 0xff, 0xff, 0xf0, 
  0xff, 0xff, 0xff, 0xff, 0xff, 0xf3, 0xe0, 0xaa, 0xaf, 0xff, 0xff, 0xff, 0xff, 0xff, 0xff, 0xff, 0xff, 0xf0, 
  0xff, 0xff, 0xff, 0xff, 0xff, 0xf3, 0xe1, 0x55, 0x57, 0xff, 0xff, 0xff, 0xff, 0xff, 0xff, 0xff, 0xff, 0xf0, 
  0xff, 0xff, 0xff, 0xff, 0xff, 0xe3, 0xe0, 0x2a, 0xaf, 0xbf, 0xff, 0xff, 0xff, 0xff, 0xff, 0xff, 0xff, 0xf0, 
  0xff, 0xff, 0xff, 0xff, 0xff, 0xf7, 0xe0, 0x15, 0x57, 0x5f, 0xff, 0xff, 0xff, 0xff, 0xff, 0xff, 0xff, 0xf0, 
  0xff, 0xff, 0xff, 0xff, 0xff, 0xe7, 0x40, 0x02, 0xa7, 0xab, 0xff, 0xff, 0xff, 0xff, 0xff, 0xff, 0xff, 0xf0, 
  0xff, 0xff, 0xff, 0xff, 0xff, 0xe7, 0x00, 0x00, 0x07, 0x57, 0xff, 0xff, 0xff, 0xff, 0xff, 0xff, 0xff, 0xf0, 
  0xff, 0xff, 0xff, 0xff, 0xff, 0xe3, 0x80, 0x00, 0x07, 0xaa, 0xff, 0xff, 0xff, 0xff, 0xff, 0xff, 0xff, 0xf0, 
  0xff, 0xff, 0xff, 0xef, 0xff, 0xe3, 0x80, 0x00, 0x07, 0x55, 0x7f, 0xff, 0xff, 0xff, 0xff, 0xff, 0xff, 0xf0, 
  0xff, 0xff, 0xff, 0xff, 0xff, 0xe0, 0x00, 0x00, 0x06, 0xaa, 0xbf, 0xff, 0xff, 0xff, 0xff, 0xff, 0xff, 0xf0, 
  0xff, 0xff, 0xff, 0xfc, 0xff, 0xe0, 0x00, 0x00, 0x07, 0x55, 0x7f, 0xff, 0xff, 0xff, 0xff, 0xff, 0xff, 0xf0, 
  0xff, 0xff, 0xff, 0xfc, 0xff, 0xe0, 0x00, 0x00, 0x0e, 0xaa, 0xaf, 0xff, 0xff, 0xff, 0xff, 0xff, 0xff, 0xf0, 
  0xff, 0xff, 0xff, 0xff, 0xfc, 0x70, 0x1c, 0x00, 0x0f, 0x55, 0x57, 0xff, 0xff, 0xff, 0xff, 0xff, 0xff, 0xf0, 
  0xff, 0xff, 0xff, 0xff, 0xf8, 0x70, 0x3e, 0x00, 0x0e, 0xaa, 0xab, 0xff, 0xff, 0xff, 0xff, 0xff, 0xff, 0xf0, 
  0xff, 0xff, 0xff, 0xff, 0xf8, 0x70, 0x3c, 0x00, 0x0f, 0x55, 0x55, 0xff, 0xff, 0xff, 0xff, 0xff, 0xff, 0xf0, 
  0xff, 0xff, 0xff, 0xff, 0xf8, 0x30, 0x1c, 0x00, 0x0e, 0xaa, 0xaa, 0xff, 0xff, 0xff, 0xff, 0xff, 0xff, 0xf0, 
  0xff, 0xff, 0xff, 0xff, 0xf8, 0x38, 0x00, 0x00, 0x07, 0x55, 0x55, 0xff, 0xff, 0xff, 0xff, 0xff, 0xff, 0xf0, 
  0xff, 0xff, 0xff, 0xff, 0xf8, 0x38, 0x00, 0x00, 0x07, 0xaa, 0xaa, 0xff, 0xff, 0xff, 0xff, 0xff, 0xff, 0xf0, 
  0xff, 0xff, 0xff, 0xff, 0xf8, 0x38, 0x00, 0x00, 0x07, 0xd5, 0x55, 0xff, 0xff, 0xff, 0xff, 0xff, 0xff, 0xf0, 
  0xff, 0xff, 0xff, 0xff, 0xfc, 0x18, 0x00, 0x00, 0x03, 0xaa, 0xaa, 0xff, 0xff, 0xff, 0xff, 0xff, 0xff, 0xf0, 
  0xff, 0xff, 0xff, 0xff, 0xfc, 0x1c, 0x00, 0x00, 0x01, 0xd5, 0x55, 0x7f, 0xff, 0xff, 0xff, 0xff, 0xff, 0xf0, 
  0xff, 0xff, 0xff, 0xff, 0xfc, 0x0c, 0x00, 0x00, 0x01, 0xea, 0xaa, 0xff, 0xff, 0xff, 0xff, 0xff, 0xff, 0xf0, 
  0xff, 0xff, 0xff, 0xff, 0xfe, 0x0f, 0x00, 0x00, 0xff, 0xd5, 0x55, 0x7f, 0xff, 0xff, 0xff, 0xff, 0xff, 0xf0, 
  0xff, 0xff, 0xff, 0xff, 0xff, 0x07, 0x00, 0x03, 0xff, 0xaa, 0xaa, 0xff, 0xff, 0xff, 0xff, 0xff, 0xff, 0xf0, 
  0xff, 0xff, 0xff, 0xff, 0xff, 0x87, 0x80, 0x07, 0xff, 0xd5, 0x55, 0x7f, 0xff, 0xff, 0xff, 0xff, 0xff, 0xf0, 
  0xff, 0xff, 0xff, 0xff, 0xff, 0x83, 0xe0, 0x0f, 0xaa, 0xaa, 0xaa, 0xff, 0xff, 0xff, 0xff, 0xff, 0xff, 0xf0, 
  0xff, 0xff, 0xff, 0xff, 0xff, 0xe1, 0xfd, 0x7f, 0x55, 0x55, 0x55, 0x7f, 0xff, 0xff, 0xff, 0xff, 0xff, 0xf0, 
  0xff, 0xff, 0xff, 0xff, 0xff, 0xe0, 0xff, 0xfe, 0xaa, 0xaa, 0xaa, 0xff, 0xff, 0xeb, 0xff, 0xff, 0xff, 0xf0, 
  0xff, 0xff, 0xff, 0xff, 0xff, 0xfc, 0x1f, 0xfd, 0x55, 0x55, 0x55, 0x7f, 0xff, 0x55, 0xff, 0xff, 0xff, 0xf0, 
  0xff, 0xff, 0xff, 0xff, 0xff, 0xfe, 0x00, 0x2a, 0xaa, 0xaa, 0xaa, 0xfa, 0xaa, 0xab, 0xff, 0xff, 0xff, 0xf0, 
  0xff, 0xff, 0xff, 0xff, 0xff, 0xff, 0xc0, 0x15, 0x55, 0x55, 0x55, 0xf5, 0x55, 0x57, 0xff, 0xff, 0xff, 0xf0, 
  0xff, 0xff, 0xff, 0xff, 0xff, 0xff, 0xf0, 0x0a, 0xaa, 0xaa, 0xaa, 0xea, 0xaa, 0xaf, 0xff, 0xff, 0xff, 0xf0, 
  0xff, 0xff, 0xff, 0xff, 0xff, 0xff, 0xfe, 0x05, 0x55, 0x55, 0x55, 0xf5, 0x55, 0xff, 0xff, 0xff, 0xff, 0xf0, 
  0xff, 0xff, 0xff, 0xff, 0xff, 0xff, 0xff, 0x80, 0xaa, 0xaa, 0xab, 0xfa, 0xff, 0xff, 0xff, 0xff, 0xff, 0xf0, 
  0xff, 0xff, 0xff, 0xff, 0xff, 0xff, 0xff, 0xc0, 0x75, 0x55, 0x57, 0xff, 0xff, 0xff, 0xff, 0xff, 0xff, 0xf0, 
  0xff, 0xff, 0xff, 0xff, 0xff, 0xff, 0xff, 0xe0, 0x0a, 0xaa, 0xab, 0xff, 0xff, 0xff, 0xff, 0xff, 0xff, 0xf0, 
  0xff, 0xff, 0xff, 0xff, 0xff, 0xff, 0xfe, 0xfc, 0x05, 0x55, 0x57, 0xff, 0xff, 0xff, 0xff, 0xff, 0xff, 0xf0, 
  0xff, 0xff, 0xff, 0xff, 0xff, 0xff, 0xfe, 0x3e, 0x02, 0xaa, 0xaf, 0xff, 0xff, 0xff, 0xff, 0xff, 0xff, 0xf0, 
  0xff, 0xff, 0xff, 0xff, 0xff, 0xff, 0xfe, 0x1f, 0xc3, 0x55, 0x5f, 0xff, 0xff, 0xff, 0xff, 0xff, 0xff, 0xf0, 
  0xff, 0xff, 0xff, 0xff, 0xff, 0xff, 0xfe, 0x03, 0xc0, 0xaa, 0xbf, 0xff, 0xff, 0xff, 0xff, 0xff, 0xff, 0xf0, 
  0xff, 0xff, 0xff, 0xff, 0xff, 0xff, 0xff, 0x00, 0xc1, 0x55, 0x7f, 0xff, 0xff, 0xff, 0xff, 0xff, 0xff, 0xf0, 
  0xff, 0xff, 0xff, 0xff, 0xff, 0xff, 0xff, 0x80, 0x00, 0xab, 0xff, 0xff, 0xff, 0xff, 0xff, 0xff, 0xff, 0xf0, 
  0xff, 0xff, 0xff, 0xff, 0xff, 0xff, 0xff, 0xf0, 0x00, 0x1f, 0xff, 0xff, 0xff, 0xff, 0xff, 0xff, 0xff, 0xf0, 
  0xff, 0xff, 0xff, 0xff, 0xff, 0xff, 0xff, 0xfe, 0xaa, 0xff, 0xff, 0xff, 0xff, 0xff, 0xff, 0xff, 0xff, 0xf0, 
  0xff, 0xff, 0xff, 0xff, 0xff, 0xff, 0xff, 0xff, 0xff, 0xff, 0xff, 0xff, 0xff, 0xff, 0xff, 0xff, 0xff, 0xf0, 
  0xff, 0xff, 0xff, 0xff, 0xff, 0xff, 0xff, 0xff, 0xff, 0xff, 0xff, 0xff, 0xff, 0xff, 0xff, 0xff, 0xff, 0xf0, 
  0xff, 0xff, 0xff, 0xff, 0xff, 0xff, 0xff, 0xff, 0xff, 0xff, 0xff, 0xff, 0xff, 0xff, 0xff, 0xff, 0xff, 0xf0, 
  0xff, 0xff, 0xff, 0xff, 0xff, 0xff, 0xff, 0xff, 0xff, 0xff, 0xff, 0xff, 0xff, 0xff, 0xff, 0xff, 0xff, 0xf0, 
};

const lv_img_dsc_t lexy1 = {
  .header.cf = LV_IMG_CF_INDEXED_1BIT,
  .header.always_zero = 0,
  .header.reserved = 0,
  .header.w = 140,
  .header.h = 68,
  .data_size = 1232,
  .data = lexy1_map,
};

#ifndef LV_ATTRIBUTE_IMG_LEXY2
#define LV_ATTRIBUTE_IMG_LEXY2
#endif

const LV_ATTRIBUTE_MEM_ALIGN LV_ATTRIBUTE_LARGE_CONST LV_ATTRIBUTE_IMG_LEXY2 uint8_t lexy2_map[] = {
#if CONFIG_NICE_VIEW_WIDGET_INVERTED
        0xff, 0xff, 0xff, 0xff, /*Color of index 0*/
        0x00, 0x00, 0x00, 0xff, /*Color of index 1*/
#else
        0x00, 0x00, 0x00, 0xff, /*Color of index 0*/
        0xff, 0xff, 0xff, 0xff, /*Color of index 1*/
#endif

  0xff, 0xff, 0xff, 0xff, 0xff, 0xff, 0xff, 0xff, 0xff, 0xff, 0xff, 0xff, 0xff, 0xff, 0xff, 0xff, 0xff, 0xf0, 
  0xff, 0xff, 0xff, 0xff, 0xff, 0xff, 0xff, 0xff, 0xff, 0xff, 0xff, 0xff, 0xff, 0xff, 0xff, 0xff, 0xff, 0xf0, 
  0xff, 0xff, 0xff, 0xff, 0xff, 0xff, 0xff, 0xff, 0xff, 0xff, 0xff, 0xff, 0xff, 0xff, 0xff, 0xff, 0xff, 0xf0, 
  0xff, 0xff, 0xff, 0xff, 0xff, 0xff, 0xff, 0xff, 0xff, 0xff, 0xff, 0xff, 0xff, 0xff, 0xff, 0xff, 0xff, 0xf0, 
  0xff, 0xff, 0xff, 0xff, 0xff, 0xff, 0xfa, 0xff, 0xff, 0xff, 0xff, 0xff, 0xff, 0xff, 0xff, 0xff, 0xff, 0xf0, 
  0xff, 0xff, 0xff, 0xff, 0xff, 0xff, 0xd5, 0x5f, 0xff, 0xff, 0xff, 0xff, 0xff, 0xff, 0xff, 0xff, 0xff, 0xf0, 
  0xff, 0xff, 0xff, 0xff, 0xff, 0xff, 0xaa, 0xaf, 0xff, 0xff, 0xff, 0xff, 0xff, 0xff, 0xff, 0xff, 0xff, 0xf0, 
  0xff, 0xff, 0xff, 0xff, 0xff, 0xff, 0x15, 0x55, 0xff, 0xff, 0xff, 0xff, 0xff, 0xff, 0xff, 0xff, 0xff, 0xf0, 
  0xff, 0xff, 0xff, 0xff, 0xff, 0xfe, 0x2a, 0xab, 0xff, 0xff, 0xff, 0xff, 0xff, 0xff, 0xff, 0xff, 0xff, 0xf0, 
  0xff, 0xff, 0xff, 0xff, 0xf1, 0xfe, 0x15, 0x55, 0x55, 0xff, 0xff, 0xff, 0xff, 0xff, 0xff, 0xff, 0xff, 0xf0, 
  0xff, 0xff, 0xff, 0xff, 0xe0, 0x7e, 0x2e, 0xaa, 0xab, 0xff, 0xff, 0xff, 0xff, 0xff, 0xff, 0xff, 0xff, 0xf0, 
  0xff, 0xff, 0xff, 0xff, 0xe0, 0x1c, 0x1f, 0x55, 0x57, 0xff, 0xff, 0xff, 0xff, 0xff, 0xff, 0xff, 0xff, 0xf0, 
  0xff, 0xff, 0xff, 0xff, 0xe0, 0x1c, 0x3f, 0xaa, 0xaf, 0xff, 0xff, 0xff, 0xff, 0xff, 0xff, 0xff, 0xff, 0xf0, 
  0xff, 0xff, 0xff, 0xff, 0xc0, 0x1c, 0x1f, 0x55, 0x57, 0xff, 0xff, 0xff, 0xff, 0xff, 0xff, 0xff, 0xff, 0xf0, 
  0xff, 0xff, 0xff, 0xff, 0xe0, 0x18, 0x3e, 0xaa, 0xbf, 0xff, 0xff, 0xff, 0xff, 0xff, 0xff, 0xff, 0xff, 0xf0, 
  0xff, 0xff, 0xff, 0xff, 0xe0, 0x19, 0xd5, 0x55, 0x5f, 0xff, 0xff, 0xff, 0xff, 0xff, 0xff, 0xff, 0xff, 0xf0, 
  0xff, 0xff, 0xff, 0xff, 0xe0, 0x3b, 0xca, 0xaa, 0xbf, 0xff, 0xff, 0xff, 0xff, 0xff, 0xff, 0xff, 0xff, 0xf0, 
  0xff, 0xff, 0xff, 0xff, 0xf0, 0x33, 0x85, 0x55, 0x5f, 0xff, 0xff, 0xff, 0xff, 0xff, 0xff, 0xff, 0xff, 0xf0, 
  0xff, 0xff, 0xff, 0xff, 0xfc, 0x37, 0x0a, 0xaa, 0xaf, 0xff, 0xff, 0xff, 0xff, 0xff, 0xff, 0xff, 0xff, 0xf0, 
  0xff, 0xff, 0xff, 0xff, 0xff, 0x77, 0x45, 0x55, 0x57, 0xff, 0xff, 0xff, 0xff, 0xff, 0xff, 0xff, 0xff, 0xf0, 
  0xff, 0xff, 0xff, 0xff, 0xff, 0xf7, 0xe2, 0xaa, 0xaf, 0xff, 0xff, 0xff, 0xff, 0xff, 0xff, 0xff, 0xff, 0xf0, 
  0xff, 0xff, 0xff, 0xff, 0xff, 0xf7, 0xe1, 0x55, 0x57, 0xff, 0xff, 0xff, 0xff, 0xff, 0xff, 0xff, 0xff, 0xf0, 
  0xff, 0xff, 0xff, 0xff, 0xff, 0xf3, 0xe0, 0xaa, 0xaf, 0xff, 0xff, 0xff, 0xff, 0xff, 0xff, 0xff, 0xff, 0xf0, 
  0xff, 0xff, 0xff, 0xff, 0xff, 0xf7, 0xe0, 0x55, 0x57, 0x7f, 0xff, 0xff, 0xff, 0xff, 0xff, 0xff, 0xff, 0xf0, 
  0xff, 0xff, 0xff, 0xff, 0xff, 0xf7, 0xe0, 0x0a, 0xa7, 0xaf, 0xff, 0xff, 0xff, 0xff, 0xff, 0xff, 0xff, 0xf0, 
  0xff, 0xff, 0xff, 0xff, 0xff, 0xf7, 0x00, 0x00, 0x07, 0x55, 0xff, 0xff, 0xff, 0xff, 0xff, 0xff, 0xff, 0xf0, 
  0xff, 0xff, 0xff, 0xff, 0xff, 0xf7, 0x00, 0x00, 0x07, 0xab, 0xff, 0xff, 0xff, 0xff, 0xff, 0xff, 0xff, 0xf0, 
  0xff, 0xff, 0xff, 0xff, 0xff, 0xf7, 0x00, 0x00, 0x07, 0x55, 0xff, 0xff, 0xff, 0xff, 0xff, 0xff, 0xff, 0xf0, 
  0xff, 0xff, 0xff, 0xff, 0xff, 0xf3, 0x80, 0x00, 0x07, 0xaa, 0xff, 0xff, 0xff, 0xff, 0xff, 0xff, 0xff, 0xf0, 
  0xff, 0xff, 0xff, 0xff, 0xff, 0xf1, 0x00, 0x00, 0x07, 0x55, 0x5f, 0xff, 0xff, 0xff, 0xff, 0xff, 0xff, 0xf0, 
  0xff, 0xff, 0xff, 0xff, 0xff, 0xf0, 0x00, 0x00, 0x06, 0xaa, 0xbf, 0xff, 0xff, 0xff, 0xff, 0xff, 0xff, 0xf0, 
  0xff, 0xff, 0xff, 0xff, 0xff, 0xf0, 0x10, 0x00, 0x07, 0x55, 0x57, 0xff, 0xff, 0xff, 0xff, 0xff, 0xff, 0xf0, 
  0xff, 0xff, 0xff, 0xff, 0xff, 0xf0, 0x3c, 0x00, 0x0e, 0xaa, 0xaf, 0xff, 0xff, 0xff, 0xff, 0xff, 0xff, 0xf0, 
  0xff, 0xff, 0xff, 0xff, 0xff, 0xf0, 0x3c, 0x00, 0x0f, 0x55, 0x57, 0xff, 0xff, 0xff, 0xff, 0xff, 0xff, 0xf0, 
  0xff, 0xff, 0xff, 0xff, 0xff, 0xf8, 0x3c, 0x00, 0x0e, 0xaa, 0xab, 0xff, 0xff, 0xff, 0xff, 0xff, 0xff, 0xf0, 
  0xff, 0xff, 0xff, 0xff, 0xff, 0xf8, 0x18, 0x00, 0x0f, 0x55, 0x55, 0xff, 0xff, 0xff, 0xff, 0xff, 0xff, 0xf0, 
  0xff, 0xff, 0xff, 0xff, 0xff, 0xf8, 0x00, 0x00, 0x0f, 0xaa, 0xab, 0xff, 0xff, 0xff, 0xff, 0xff, 0xff, 0xf0, 
  0xff, 0xff, 0xff, 0xff, 0xe7, 0xf8, 0x00, 0x00, 0x03, 0x55, 0x55, 0xff, 0xff, 0xff, 0xff, 0xff, 0xff, 0xf0, 
  0xff, 0xff, 0xff, 0xff, 0xe7, 0xf8, 0x00, 0x00, 0x03, 0xaa, 0xab, 0xff, 0xff, 0xff, 0xff, 0xff, 0xff, 0xf0, 
  0xff, 0xff, 0xff, 0xff, 0xff, 0xdc, 0x00, 0x00, 0x03, 0xd5, 0x55, 0x7f, 0xff, 0xff, 0xff, 0xff, 0xff, 0xf0, 
  0xff, 0xff, 0xff, 0xff, 0xff, 0xce, 0x00, 0x00, 0x03, 0xaa, 0xaa, 0xff, 0xff, 0xff, 0xff, 0xff, 0xff, 0xf0, 
  0xff, 0xff, 0xff, 0xff, 0xff, 0xce, 0x00, 0x00, 0x01, 0xd5, 0x55, 0x7f, 0xff, 0xff, 0xff, 0xff, 0xff, 0xf0, 
  0xff, 0xff, 0xff, 0xff, 0xff, 0xce, 0x00, 0x00, 0xff, 0xaa, 0xaa, 0xff, 0xff, 0xff, 0xff, 0xff, 0xff, 0xf0, 
  0xff, 0xff, 0xff, 0xff, 0xff, 0xc7, 0x00, 0x01, 0xff, 0xd5, 0x55, 0x7f, 0xff, 0xff, 0xff, 0xff, 0xff, 0xf0, 
  0xff, 0xff, 0xff, 0xff, 0xff, 0xe3, 0xc0, 0x03, 0xee, 0xaa, 0xaa, 0xff, 0xff, 0xff, 0xff, 0xff, 0xff, 0xf0, 
  0xff, 0xff, 0xff, 0xff, 0xff, 0xe1, 0xc0, 0x07, 0xd5, 0x55, 0x55, 0x7f, 0xff, 0xff, 0xff, 0xff, 0xff, 0xf0, 
  0xff, 0xff, 0xff, 0xff, 0xff, 0xe0, 0xf8, 0xbf, 0xaa, 0xaa, 0xaa, 0xff, 0xff, 0xff, 0xff, 0xff, 0xff, 0xf0, 
  0xff, 0xff, 0xff, 0xff, 0xff, 0xf0, 0x7f, 0xfd, 0x55, 0x55, 0x55, 0x7f, 0xff, 0x57, 0xff, 0xff, 0xff, 0xf0, 
  0xff, 0xff, 0xff, 0xff, 0xff, 0xf8, 0x3f, 0xfe, 0xaa, 0xaa, 0xaa, 0xff, 0xfe, 0xab, 0xff, 0xff, 0xff, 0xf0, 
  0xff, 0xff, 0xff, 0xff, 0xff, 0xf8, 0x00, 0x55, 0x55, 0x55, 0x55, 0x75, 0x55, 0x57, 0xff, 0xff, 0xff, 0xf0, 
  0xff, 0xff, 0xff, 0xff, 0xff, 0xfe, 0x00, 0x3a, 0xaa, 0xaa, 0xab, 0xfa, 0xaa, 0xaf, 0xff, 0xff, 0xff, 0xf0, 
  0xff, 0xff, 0xff, 0xff, 0xff, 0xff, 0x80, 0x15, 0x55, 0x55, 0x55, 0xf5, 0x55, 0x5f, 0xff, 0xff, 0xff, 0xf0, 
  0xff, 0xff, 0xff, 0xff, 0xff, 0xff, 0xe3, 0x0a, 0xaa, 0xaa, 0xab, 0xea, 0xab, 0xff, 0xff, 0xff, 0xff, 0xf0, 
  0xff, 0xff, 0xff, 0xff, 0xff, 0xff, 0xff, 0x80, 0x55, 0x55, 0x55, 0xff, 0xff, 0xff, 0xff, 0xff, 0xff, 0xf0, 
  0xff, 0xff, 0xff, 0xff, 0xff, 0xff, 0xff, 0xe0, 0x2a, 0xaa, 0xab, 0xff, 0xff, 0xff, 0xff, 0xff, 0xff, 0xf0, 
  0xff, 0xff, 0xff, 0xff, 0xff, 0xff, 0xff, 0xf0, 0x15, 0x55, 0x57, 0xff, 0xff, 0xff, 0xff, 0xff, 0xff, 0xf0, 
  0xff, 0xff, 0xff, 0xff, 0xff, 0xff, 0xfe, 0xf8, 0x0a, 0xaa, 0xaf, 0xff, 0xff, 0xff, 0xff, 0xff, 0xff, 0xf0, 
  0xff, 0xff, 0xff, 0xff, 0xff, 0xff, 0xfc, 0x1f, 0x05, 0x55, 0x5f, 0xff, 0xff, 0xff, 0xff, 0xff, 0xff, 0xf0, 
  0xff, 0xff, 0xff, 0xff, 0xff, 0xff, 0xfe, 0x0f, 0xe2, 0xaa, 0xbf, 0xff, 0xff, 0xff, 0xff, 0xff, 0xff, 0xf0, 
  0xff, 0xff, 0xff, 0xff, 0xff, 0xff, 0xfe, 0x05, 0xe1, 0x55, 0x7f, 0xff, 0xff, 0xff, 0xff, 0xff, 0xff, 0xf0, 
  0xff, 0xff, 0xff, 0xff, 0xff, 0xff, 0xff, 0x80, 0x00, 0xab, 0xff, 0xff, 0xff, 0xff, 0xff, 0xff, 0xff, 0xf0, 
  0xff, 0xff, 0xff, 0xff, 0xff, 0xff, 0xff, 0xc0, 0x00, 0x57, 0xff, 0xff, 0xff, 0xff, 0xff, 0xff, 0xff, 0xf0, 
  0xff, 0xff, 0xff, 0xff, 0xff, 0xff, 0xff, 0xf8, 0x00, 0x3f, 0xff, 0xff, 0xff, 0xff, 0xff, 0xff, 0xff, 0xf0, 
  0xff, 0xff, 0xff, 0xff, 0xff, 0xff, 0xff, 0xff, 0xff, 0xff, 0xff, 0xff, 0xff, 0xff, 0xff, 0xff, 0xff, 0xf0, 
  0xff, 0xff, 0xff, 0xff, 0xff, 0xff, 0xff, 0xff, 0xff, 0xff, 0xff, 0xff, 0xff, 0xff, 0xff, 0xff, 0xff, 0xf0, 
  0xff, 0xff, 0xff, 0xff, 0xff, 0xff, 0xff, 0xff, 0xff, 0xff, 0xff, 0xff, 0xff, 0xff, 0xff, 0xff, 0xff, 0xf0, 
  0xff, 0xff, 0xff, 0xff, 0xff, 0xff, 0xff, 0xff, 0xff, 0xff, 0xff, 0xff, 0xff, 0xff, 0xff, 0xff, 0xff, 0xf0, 
  0xff, 0xff, 0xff, 0xff, 0xff, 0xff, 0xff, 0xff, 0xff, 0xff, 0xff, 0xff, 0xff, 0xff, 0xff, 0xff, 0xff, 0xf0, 
};

const lv_img_dsc_t lexy2 = {
  .header.cf = LV_IMG_CF_INDEXED_1BIT,
  .header.always_zero = 0,
  .header.reserved = 0,
  .header.w = 140,
  .header.h = 68,
  .data_size = 1232,
  .data = lexy2_map,
};

#ifndef LV_ATTRIBUTE_IMG_LEXY3
#define LV_ATTRIBUTE_IMG_LEXY3
#endif

const LV_ATTRIBUTE_MEM_ALIGN LV_ATTRIBUTE_LARGE_CONST LV_ATTRIBUTE_IMG_LEXY3 uint8_t lexy3_map[] = {
#if CONFIG_NICE_VIEW_WIDGET_INVERTED
        0xff, 0xff, 0xff, 0xff, /*Color of index 0*/
        0x00, 0x00, 0x00, 0xff, /*Color of index 1*/
#else
        0x00, 0x00, 0x00, 0xff, /*Color of index 0*/
        0xff, 0xff, 0xff, 0xff, /*Color of index 1*/
#endif

  0xff, 0xff, 0xff, 0xff, 0xff, 0xff, 0xff, 0xff, 0xff, 0xff, 0xff, 0xff, 0xff, 0xff, 0xff, 0xff, 0xff, 0xf0, 
  0xff, 0xff, 0xff, 0xff, 0xff, 0xff, 0xff, 0xff, 0xff, 0xff, 0xff, 0xff, 0xff, 0xff, 0xff, 0xff, 0xff, 0xf0, 
  0xff, 0xff, 0xff, 0xff, 0xff, 0xff, 0xff, 0xff, 0xff, 0xff, 0xff, 0xff, 0xff, 0xff, 0xff, 0xff, 0xff, 0xf0, 
  0xff, 0xff, 0xff, 0xff, 0xff, 0xff, 0xff, 0xff, 0xff, 0xff, 0xff, 0xff, 0xff, 0xff, 0xff, 0xff, 0xff, 0xf0, 
  0xff, 0xff, 0xff, 0xff, 0xff, 0xff, 0xfe, 0xff, 0xff, 0xff, 0xff, 0xff, 0xff, 0xff, 0xff, 0xff, 0xff, 0xf0, 
  0xff, 0xff, 0xff, 0xff, 0xff, 0xff, 0xd5, 0x5f, 0xff, 0xff, 0xff, 0xff, 0xff, 0xff, 0xff, 0xff, 0xff, 0xf0, 
  0xff, 0xff, 0xff, 0xff, 0xff, 0xff, 0xca, 0xaf, 0xff, 0xff, 0xff, 0xff, 0xff, 0xff, 0xff, 0xff, 0xff, 0xf0, 
  0xff, 0xff, 0xff, 0xff, 0xff, 0xff, 0x15, 0x57, 0xff, 0xff, 0xff, 0xff, 0xff, 0xff, 0xff, 0xff, 0xff, 0xf0, 
  0xff, 0xff, 0xff, 0xfd, 0xff, 0xff, 0x2a, 0xab, 0xff, 0xff, 0xff, 0xff, 0xff, 0xff, 0xff, 0xff, 0xff, 0xf0, 
  0xff, 0xff, 0xff, 0xfd, 0xff, 0xfe, 0x15, 0x55, 0xd7, 0xff, 0xff, 0xff, 0xff, 0xff, 0xff, 0xff, 0xff, 0xf0, 
  0xff, 0xff, 0xff, 0xff, 0x9f, 0xfe, 0x2a, 0xaa, 0xab, 0xff, 0xff, 0xff, 0xff, 0xff, 0xff, 0xff, 0xff, 0xf0, 
  0xff, 0xff, 0xff, 0xff, 0x9f, 0xfc, 0x1f, 0x55, 0x55, 0xff, 0xff, 0xff, 0xff, 0xff, 0xff, 0xff, 0xff, 0xf0, 
  0xff, 0xff, 0xff, 0xff, 0xfe, 0x1c, 0x2f, 0xaa, 0xab, 0xff, 0xff, 0xff, 0xff, 0xff, 0xff, 0xff, 0xff, 0xf0, 
  0xff, 0xff, 0xff, 0xff, 0xfc, 0x18, 0x1f, 0x55, 0x57, 0xff, 0xff, 0xff, 0xff, 0xff, 0xff, 0xff, 0xff, 0xf0, 
  0xff, 0xff, 0xff, 0xff, 0xfc, 0x38, 0x2e, 0xaa, 0xaf, 0xff, 0xff, 0xff, 0xff, 0xff, 0xff, 0xff, 0xff, 0xf0, 
  0xff, 0xff, 0xff, 0xff, 0xfc, 0x38, 0x15, 0x55, 0x5f, 0xff, 0xff, 0xff, 0xff, 0xff, 0xff, 0xff, 0xff, 0xf0, 
  0xff, 0xff, 0xff, 0xff, 0xfc, 0x39, 0xca, 0xaa, 0xbf, 0xff, 0xff, 0xff, 0xff, 0xff, 0xff, 0xff, 0xff, 0xf0, 
  0xff, 0xff, 0xff, 0xff, 0xfc, 0x33, 0xd5, 0x55, 0x5f, 0xff, 0xff, 0xff, 0xff, 0xff, 0xff, 0xff, 0xff, 0xf0, 
  0xff, 0xff, 0xff, 0xff, 0xfc, 0x33, 0x02, 0xaa, 0xaf, 0xff, 0xff, 0xff, 0xff, 0xff, 0xff, 0xff, 0xff, 0xf0, 
  0xff, 0xff, 0xff, 0xff, 0xfe, 0x77, 0x45, 0x55, 0x5f, 0xff, 0xff, 0xff, 0xff, 0xff, 0xff, 0xff, 0xff, 0xf0, 
  0xff, 0xff, 0xff, 0xff, 0xff, 0x73, 0xe2, 0xaa, 0xaf, 0xff, 0xff, 0xff, 0xff, 0xff, 0xff, 0xff, 0xff, 0xf0, 
  0xff, 0xff, 0xff, 0xff, 0xff, 0xf3, 0xe1, 0x55, 0x57, 0xff, 0xff, 0xff, 0xff, 0xff, 0xff, 0xff, 0xff, 0xf0, 
  0xff, 0xff, 0xff, 0xff, 0xff, 0xf3, 0xe0, 0xaa, 0xaf, 0xff, 0xff, 0xff, 0xff, 0xff, 0xff, 0xff, 0xff, 0xf0, 
  0xff, 0xff, 0xff, 0xff, 0xff, 0xf3, 0xe0, 0x55, 0x57, 0xff, 0xff, 0xff, 0xff, 0xff, 0xff, 0xff, 0xff, 0xf0, 
  0xff, 0xff, 0xff, 0xff, 0xff, 0xf3, 0xe0, 0x0a, 0xaf, 0xaf, 0xff, 0xff, 0xff, 0xff, 0xff, 0xff, 0xff, 0xf0, 
  0xff, 0xff, 0xff, 0xff, 0xff, 0xf7, 0x60, 0x05, 0x57, 0xd7, 0xff, 0xff, 0xff, 0xff, 0xff, 0xff, 0xff, 0xf0, 
  0xff, 0xff, 0xff, 0xff, 0xff, 0xe3, 0x00, 0x00, 0x03, 0xaa, 0xff, 0xff, 0xff, 0xff, 0xff, 0xff, 0xff, 0xf0, 
  0xff, 0xff, 0xff, 0xff, 0xff, 0xf3, 0x80, 0x00, 0x07, 0x55, 0xff, 0xff, 0xff, 0xff, 0xff, 0xff, 0xff, 0xf0, 
  0xff, 0xff, 0xff, 0xff, 0xeb, 0xe3, 0x80, 0x00, 0x07, 0xaa, 0xbf, 0xff, 0xff, 0xff, 0xff, 0xff, 0xff, 0xf0, 
  0xff, 0xff, 0xff, 0xff, 0xc0, 0xf1, 0x00, 0x00, 0x07, 0x55, 0xff, 0xff, 0xff, 0xff, 0xff, 0xff, 0xff, 0xf0, 
  0xff, 0xff, 0xff, 0xff, 0x80, 0x70, 0x00, 0x00, 0x06, 0xaa, 0xaf, 0xff, 0xff, 0xff, 0xff, 0xff, 0xff, 0xf0, 
  0xff, 0xff, 0xff, 0xff, 0x80, 0x70, 0x00, 0x00, 0x07, 0x55, 0x57, 0xff, 0xff, 0xff, 0xff, 0xff, 0xff, 0xf0, 
  0xff, 0xff, 0xff, 0xff, 0x80, 0x70, 0x1c, 0x00, 0x0e, 0xaa, 0xab, 0xff, 0xff, 0xff, 0xff, 0xff, 0xff, 0xf0, 
  0xff, 0xff, 0xff, 0xff, 0x80, 0x70, 0x1e, 0x00, 0x0f, 0x55, 0x57, 0xff, 0xff, 0xff, 0xff, 0xff, 0xff, 0xf0, 
  0xff, 0xff, 0xff, 0xff, 0x80, 0x30, 0x3e, 0x00, 0x0e, 0xaa, 0xab, 0xff, 0xff, 0xff, 0xff, 0xff, 0xff, 0xf0, 
  0xff, 0xff, 0xff, 0xff, 0x80, 0x30, 0x1c, 0x00, 0x1f, 0x55, 0x55, 0xff, 0xff, 0xff, 0xff, 0xff, 0xff, 0xf0, 
  0xff, 0xff, 0xff, 0xff, 0xc0, 0x38, 0x00, 0x00, 0x0f, 0xaa, 0xaa, 0xff, 0xff, 0xff, 0xff, 0xff, 0xff, 0xf0, 
  0xff, 0xff, 0xff, 0xff, 0xc0, 0x38, 0x00, 0x00, 0x07, 0xd5, 0x55, 0x7f, 0xff, 0xff, 0xff, 0xff, 0xff, 0xf0, 
  0xff, 0xff, 0xff, 0xff, 0xe0, 0x38, 0x00, 0x00, 0x03, 0xaa, 0xaa, 0xff, 0xff, 0xff, 0xff, 0xff, 0xff, 0xf0, 
  0xff, 0xff, 0xff, 0xff, 0xf0, 0x1c, 0x00, 0x00, 0x01, 0xd5, 0x55, 0x7f, 0xff, 0xff, 0xff, 0xff, 0xff, 0xf0, 
  0xff, 0xff, 0xff, 0xff, 0xf8, 0x0e, 0x00, 0x00, 0x01, 0xea, 0xaa, 0xbf, 0xff, 0xff, 0xff, 0xff, 0xff, 0xf0, 
  0xff, 0xff, 0xff, 0xff, 0xfc, 0x0e, 0x00, 0x00, 0x01, 0xd5, 0x55, 0x7f, 0xff, 0xff, 0xff, 0xff, 0xff, 0xf0, 
  0xff, 0xff, 0xff, 0xff, 0xfe, 0x0f, 0x00, 0x00, 0xff, 0xea, 0xaa, 0xbf, 0xff, 0xff, 0xff, 0xff, 0xff, 0xf0, 
  0xff, 0xff, 0xff, 0xff, 0xff, 0x07, 0x80, 0x01, 0xff, 0xd5, 0x55, 0x7f, 0xff, 0xff, 0xff, 0xff, 0xff, 0xf0, 
  0xff, 0xff, 0xff, 0xff, 0xff, 0x83, 0x80, 0x01, 0xff, 0xaa, 0xaa, 0xbf, 0xff, 0xff, 0xff, 0xff, 0xff, 0xf0, 
  0xff, 0xff, 0xff, 0xff, 0xff, 0xe1, 0xe0, 0x07, 0xd5, 0x55, 0x55, 0x7f, 0xff, 0xff, 0xff, 0xff, 0xff, 0xf0, 
  0xff, 0xff, 0xff, 0xff, 0xff, 0xf8, 0xf8, 0x1f, 0xaa, 0xaa, 0xaa, 0xbf, 0xff, 0xff, 0xff, 0xff, 0xff, 0xf0, 
  0xff, 0xff, 0xff, 0xff, 0xff, 0xfc, 0x7f, 0xff, 0x55, 0x55, 0x55, 0x7f, 0xff, 0xf7, 0xff, 0xff, 0xff, 0xf0, 
  0xff, 0xff, 0xff, 0xff, 0xff, 0xff, 0x1f, 0xfa, 0xaa, 0xaa, 0xaa, 0xbf, 0xfe, 0xab, 0xff, 0xff, 0xff, 0xf0, 
  0xff, 0xff, 0xff, 0xff, 0xff, 0xff, 0xc1, 0x7d, 0x55, 0x55, 0x55, 0x7f, 0xf5, 0x55, 0xff, 0xff, 0xff, 0xf0, 
  0xff, 0xff, 0xff, 0xff, 0xff, 0xff, 0xf8, 0x2a, 0xaa, 0xaa, 0xaa, 0xfa, 0xaa, 0xab, 0xff, 0xff, 0xff, 0xf0, 
  0xff, 0xff, 0xff, 0xff, 0xff, 0xff, 0xfc, 0x15, 0x55, 0x55, 0x55, 0xf5, 0x55, 0x57, 0xff, 0xff, 0xff, 0xf0, 
  0xff, 0xff, 0xff, 0xff, 0xff, 0xff, 0xff, 0x02, 0xaa, 0xaa, 0xaa, 0xea, 0xaa, 0xbf, 0xff, 0xff, 0xff, 0xf0, 
  0xff, 0xff, 0xff, 0xff, 0xff, 0xff, 0xff, 0xc1, 0x55, 0x55, 0x55, 0xff, 0xff, 0xff, 0xff, 0xff, 0xff, 0xf0, 
  0xff, 0xff, 0xff, 0xff, 0xff, 0xff, 0xff, 0xe0, 0x2a, 0xaa, 0xab, 0xff, 0xff, 0xff, 0xff, 0xff, 0xff, 0xf0, 
  0xff, 0xff, 0xff, 0xff, 0xff, 0xff, 0xff, 0xf8, 0x15, 0x55, 0x57, 0xff, 0xff, 0xff, 0xff, 0xff, 0xff, 0xf0, 
  0xff, 0xff, 0xff, 0xff, 0xff, 0xff, 0xfe, 0x3e, 0x0a, 0xaa, 0xaf, 0xff, 0xff, 0xff, 0xff, 0xff, 0xff, 0xf0, 
  0xff, 0xff, 0xff, 0xff, 0xff, 0xff, 0xfe, 0x1f, 0x05, 0x55, 0x5f, 0xff, 0xff, 0xff, 0xff, 0xff, 0xff, 0xf0, 
  0xff, 0xff, 0xff, 0xff, 0xff, 0xff, 0xfe, 0x07, 0xc2, 0xaa, 0xbf, 0xff, 0xff, 0xff, 0xff, 0xff, 0xff, 0xf0, 
  0xff, 0xff, 0xff, 0xff, 0xff, 0xff, 0xfe, 0x01, 0xc1, 0x55, 0x7f, 0xff, 0xff, 0xff, 0xff, 0xff, 0xff, 0xf0, 
  0xff, 0xff, 0xff, 0xff, 0xff, 0xff, 0xfe, 0x00, 0x00, 0xaa, 0xff, 0xff, 0xff, 0xff, 0xff, 0xff, 0xff, 0xf0, 
  0xff, 0xff, 0xff, 0xff, 0xff, 0xff, 0xff, 0x80, 0x00, 0x55, 0xff, 0xff, 0xff, 0xff, 0xff, 0xff, 0xff, 0xf0, 
  0xff, 0xff, 0xff, 0xff, 0xff, 0xff, 0xff, 0xf0, 0x00, 0x0f, 0xff, 0xff, 0xff, 0xff, 0xff, 0xff, 0xff, 0xf0, 
  0xff, 0xff, 0xff, 0xff, 0xff, 0xff, 0xff, 0xff, 0xff, 0xff, 0xff, 0xff, 0xff, 0xff, 0xff, 0xff, 0xff, 0xf0, 
  0xff, 0xff, 0xff, 0xff, 0xff, 0xff, 0xff, 0xff, 0xff, 0xff, 0xff, 0xff, 0xff, 0xff, 0xff, 0xff, 0xff, 0xf0, 
  0xff, 0xff, 0xff, 0xff, 0xff, 0xff, 0xff, 0xff, 0xff, 0xff, 0xff, 0xff, 0xff, 0xff, 0xff, 0xff, 0xff, 0xf0, 
  0xff, 0xff, 0xff, 0xff, 0xff, 0xff, 0xff, 0xff, 0xff, 0xff, 0xff, 0xff, 0xff, 0xff, 0xff, 0xff, 0xff, 0xf0, 
  0xff, 0xff, 0xff, 0xff, 0xff, 0xff, 0xff, 0xff, 0xff, 0xff, 0xff, 0xff, 0xff, 0xff, 0xff, 0xff, 0xff, 0xf0, 
};

const lv_img_dsc_t lexy3 = {
  .header.cf = LV_IMG_CF_INDEXED_1BIT,
  .header.always_zero = 0,
  .header.reserved = 0,
  .header.w = 140,
  .header.h = 68,
  .data_size = 1232,
  .data = lexy3_map,
};

#ifndef LV_ATTRIBUTE_IMG_LEXY4
#define LV_ATTRIBUTE_IMG_LEXY4
#endif

const LV_ATTRIBUTE_MEM_ALIGN LV_ATTRIBUTE_LARGE_CONST LV_ATTRIBUTE_IMG_LEXY4 uint8_t lexy4_map[] = {
#if CONFIG_NICE_VIEW_WIDGET_INVERTED
        0xff, 0xff, 0xff, 0xff, /*Color of index 0*/
        0x00, 0x00, 0x00, 0xff, /*Color of index 1*/
#else
        0x00, 0x00, 0x00, 0xff, /*Color of index 0*/
        0xff, 0xff, 0xff, 0xff, /*Color of index 1*/
#endif

  0xff, 0xff, 0xff, 0xff, 0xff, 0xff, 0xff, 0xff, 0xff, 0xff, 0xff, 0xff, 0xff, 0xff, 0xff, 0xff, 0xff, 0xf0, 
  0xff, 0xff, 0xff, 0xff, 0xff, 0xff, 0xff, 0xff, 0xff, 0xff, 0xff, 0xff, 0xff, 0xff, 0xff, 0xff, 0xff, 0xf0, 
  0xff, 0xff, 0xff, 0xff, 0xff, 0xff, 0xff, 0xff, 0xff, 0xff, 0xff, 0xff, 0xff, 0xff, 0xff, 0xff, 0xff, 0xf0, 
  0xff, 0xff, 0xff, 0xff, 0xff, 0xff, 0xff, 0xff, 0xff, 0xff, 0xff, 0xff, 0xff, 0xff, 0xff, 0xff, 0xff, 0xf0, 
  0xff, 0xff, 0xff, 0xff, 0xff, 0xff, 0xff, 0xff, 0xff, 0xff, 0xff, 0xff, 0xff, 0xff, 0xff, 0xff, 0xff, 0xf0, 
  0xff, 0xff, 0xff, 0xff, 0xff, 0xff, 0xfa, 0xbf, 0xff, 0xff, 0xff, 0xff, 0xff, 0xff, 0xff, 0xff, 0xff, 0xf0, 
  0xff, 0xff, 0xff, 0xff, 0xff, 0xff, 0xd5, 0x5f, 0xff, 0xff, 0xff, 0xff, 0xff, 0xff, 0xff, 0xff, 0xff, 0xf0, 
  0xff, 0xff, 0xff, 0xff, 0xff, 0xff, 0x8a, 0xab, 0xff, 0xff, 0xff, 0xff, 0xff, 0xff, 0xff, 0xff, 0xff, 0xf0, 
  0xff, 0xff, 0xff, 0xff, 0xff, 0xff, 0x95, 0x55, 0xff, 0xff, 0xff, 0xff, 0xff, 0xff, 0xff, 0xff, 0xff, 0xf0, 
  0xff, 0xff, 0xff, 0xff, 0xff, 0xff, 0x2a, 0xaa, 0xeb, 0xff, 0xff, 0xff, 0xff, 0xff, 0xff, 0xff, 0xff, 0xf0, 
  0xff, 0xff, 0xff, 0xff, 0xff, 0xfe, 0x15, 0x55, 0x55, 0xff, 0xff, 0xff, 0xff, 0xff, 0xff, 0xff, 0xff, 0xf0, 
  0xff, 0xff, 0xff, 0xff, 0xff, 0xfe, 0x2f, 0xaa, 0xab, 0xff, 0xff, 0xff, 0xff, 0xff, 0xff, 0xff, 0xff, 0xf0, 
  0xff, 0xff, 0xff, 0xff, 0xff, 0xfc, 0x1f, 0xd5, 0x55, 0xff, 0xff, 0xff, 0xff, 0xff, 0xff, 0xff, 0xff, 0xf0, 
  0xff, 0xff, 0xff, 0xff, 0xff, 0xfc, 0x0f, 0xaa, 0xab, 0xff, 0xff, 0xff, 0xff, 0xff, 0xff, 0xff, 0xff, 0xf0, 
  0xff, 0xff, 0xff, 0xff, 0xff, 0xfc, 0x1f, 0xd5, 0x57, 0xff, 0xff, 0xff, 0xff, 0xff, 0xff, 0xff, 0xff, 0xf0, 
  0xff, 0xff, 0xff, 0xff, 0xff, 0xf8, 0x0a, 0xaa, 0xaf, 0xff, 0xff, 0xff, 0xff, 0xff, 0xff, 0xff, 0xff, 0xf0, 
  0xff, 0xff, 0xff, 0xff, 0xff, 0xd9, 0xd5, 0x55, 0x5f, 0xff, 0xff, 0xff, 0xff, 0xff, 0xff, 0xff, 0xff, 0xf0, 
  0xff, 0xff, 0xff, 0xff, 0xff, 0xf9, 0xca, 0xaa, 0xaf, 0xff, 0xff, 0xff, 0xff, 0xff, 0xff, 0xff, 0xff, 0xf0, 
  0xff, 0xff, 0xff, 0xff, 0xff, 0xfb, 0x85, 0x55, 0x5f, 0xff, 0xff, 0xff, 0xff, 0xff, 0xff, 0xff, 0xff, 0xf0, 
  0xff, 0xff, 0xff, 0xff, 0xff, 0xbb, 0x82, 0xaa, 0xaf, 0xff, 0xff, 0xff, 0xff, 0xff, 0xff, 0xff, 0xff, 0xf0, 
  0xff, 0xff, 0xff, 0xff, 0xff, 0xf3, 0xf1, 0x55, 0x57, 0xff, 0xff, 0xff, 0xff, 0xff, 0xff, 0xff, 0xff, 0xf0, 
  0xff, 0xff, 0xff, 0xff, 0xff, 0xf3, 0xf0, 0xaa, 0xaf, 0xff, 0xff, 0xff, 0xff, 0xff, 0xff, 0xff, 0xff, 0xf0, 
  0xff, 0xff, 0xff, 0xff, 0xff, 0xf1, 0xf0, 0x55, 0x57, 0xff, 0xff, 0xff, 0xff, 0xff, 0xff, 0xff, 0xff, 0xf0, 
  0xff, 0xff, 0xff, 0xff, 0xff, 0xf3, 0xf0, 0x2a, 0xab, 0xff, 0xff, 0xff, 0xff, 0xff, 0xff, 0xff, 0xff, 0xf0, 
  0xff, 0xff, 0xff, 0xff, 0xff, 0xf3, 0xf0, 0x15, 0x57, 0xdf, 0xff, 0xff, 0xff, 0xff, 0xff, 0xff, 0xff, 0xf0, 
  0xff, 0xff, 0xff, 0xff, 0xff, 0xf3, 0xe0, 0x02, 0xab, 0xaf, 0xff, 0xff, 0xff, 0xff, 0xff, 0xff, 0xff, 0xf0, 
  0xff, 0xff, 0xff, 0xff, 0xff, 0xf3, 0x80, 0x00, 0x03, 0xd5, 0xff, 0xff, 0xff, 0xff, 0xff, 0xff, 0xff, 0xf0, 
  0xff, 0xff, 0xff, 0xff, 0xff, 0xf3, 0x80, 0x00, 0x03, 0xaa, 0xff, 0xff, 0xff, 0xff, 0xff, 0xff, 0xff, 0xf0, 
  0xff, 0xff, 0xff, 0xff, 0xff, 0xf3, 0x80, 0x00, 0x03, 0xd5, 0x7f, 0xff, 0xff, 0xff, 0xff, 0xff, 0xff, 0xf0, 
  0xff, 0xff, 0xff, 0xff, 0xc0, 0xf0, 0x00, 0x00, 0x03, 0xaa, 0xbf, 0xff, 0xff, 0xff, 0xff, 0xff, 0xff, 0xf0, 
  0xff, 0xff, 0xff, 0xff, 0xc0, 0x70, 0x00, 0x00, 0x03, 0xd5, 0x5f, 0xff, 0xff, 0xff, 0xff, 0xff, 0xff, 0xf0, 
  0xff, 0xff, 0xff, 0xff, 0x80, 0x30, 0x00, 0x00, 0x03, 0xaa, 0xaf, 0xff, 0xff, 0xff, 0xff, 0xff, 0xff, 0xf0, 
  0xff, 0xff, 0xff, 0xff, 0x80, 0x30, 0x1e, 0x00, 0x07, 0x55, 0x57, 0xff, 0xff, 0xff, 0xff, 0xff, 0xff, 0xf0, 
  0xff, 0xff, 0xff, 0xff, 0x80, 0x38, 0x1e, 0x00, 0x07, 0xaa, 0xab, 0xff, 0xff, 0xff, 0xff, 0xff, 0xff, 0xf0, 
  0xff, 0xff, 0xff, 0xff, 0xc0, 0x38, 0x1e, 0x00, 0x07, 0x55, 0x57, 0xff, 0xff, 0xff, 0xff, 0xff, 0xff, 0xf0, 
  0xff, 0xff, 0xff, 0xff, 0x80, 0x38, 0x0e, 0x00, 0x07, 0xaa, 0xaa, 0xff, 0xff, 0xff, 0xff, 0xff, 0xff, 0xf0, 
  0xff, 0xff, 0xff, 0xff, 0xc0, 0x1c, 0x00, 0x00, 0x07, 0xd5, 0x55, 0xff, 0xff, 0xff, 0xff, 0xff, 0xff, 0xf0, 
  0xff, 0xff, 0xff, 0xff, 0xe0, 0x18, 0x00, 0x00, 0x03, 0xaa, 0xaa, 0xff, 0xff, 0xff, 0xff, 0xff, 0xff, 0xf0, 
  0xff, 0xff, 0xff, 0xff, 0xf0, 0x1c, 0x00, 0x00, 0x03, 0xd5, 0x55, 0xff, 0xff, 0xff, 0xff, 0xff, 0xff, 0xf0, 
  0xff, 0xff, 0xff, 0xff, 0xf0, 0x0c, 0x00, 0x00, 0x01, 0xea, 0xaa, 0xff, 0xff, 0xff, 0xff, 0xff, 0xff, 0xf0, 
  0xff, 0xff, 0xff, 0xff, 0xf8, 0x1c, 0x00, 0x00, 0x01, 0xd5, 0x55, 0x7f, 0xff, 0xff, 0xff, 0xff, 0xff, 0xf0, 
  0xff, 0xff, 0xff, 0xff, 0xfc, 0x0e, 0x00, 0x00, 0x00, 0xea, 0xaa, 0xff, 0xff, 0xff, 0xff, 0xff, 0xff, 0xf0, 
  0xff, 0xff, 0xff, 0xff, 0xfe, 0x07, 0x00, 0x00, 0x5f, 0xd5, 0x55, 0x7f, 0xff, 0xff, 0xff, 0xff, 0xff, 0xf0, 
  0xff, 0xff, 0xff, 0xff, 0xff, 0x07, 0x80, 0x00, 0xff, 0xea, 0xaa, 0xbf, 0xff, 0xff, 0xff, 0xff, 0xff, 0xf0, 
  0xff, 0xff, 0xff, 0xff, 0xff, 0xc3, 0xc0, 0x01, 0xff, 0xd5, 0x55, 0x7f, 0xff, 0xff, 0xff, 0xff, 0xff, 0xf0, 
  0xff, 0xff, 0xff, 0xff, 0xff, 0xe1, 0xe0, 0x03, 0xaa, 0xaa, 0xaa, 0xbf, 0xff, 0xff, 0xff, 0xff, 0xff, 0xf0, 
  0xff, 0xff, 0xff, 0xff, 0xff, 0xf1, 0xf0, 0x0f, 0xd5, 0x55, 0x55, 0x7f, 0xff, 0xff, 0xff, 0xff, 0xff, 0xf0, 
  0xff, 0xff, 0xff, 0xff, 0xff, 0xf8, 0x7f, 0xfe, 0xaa, 0xaa, 0xaa, 0xbf, 0xff, 0xfb, 0xff, 0xff, 0xff, 0xf0, 
  0xff, 0xff, 0xff, 0xff, 0xff, 0xff, 0x1f, 0xfd, 0x55, 0x55, 0x55, 0x7f, 0xff, 0xd5, 0xff, 0xff, 0xff, 0xf0, 
  0xff, 0xff, 0xff, 0xff, 0xff, 0xff, 0x8f, 0xfa, 0xaa, 0xaa, 0xaa, 0xff, 0xfe, 0xab, 0xff, 0xff, 0xff, 0xf0, 
  0xff, 0xff, 0xff, 0xff, 0xff, 0xff, 0xe0, 0x75, 0x55, 0x55, 0x55, 0x7f, 0xd5, 0x57, 0xff, 0xff, 0xff, 0xf0, 
  0xff, 0xff, 0xff, 0xff, 0xff, 0xff, 0xf8, 0x0a, 0xaa, 0xaa, 0xaa, 0xfa, 0xaa, 0xaf, 0xff, 0xff, 0xff, 0xf0, 
  0xff, 0xff, 0xff, 0xff, 0xff, 0xff, 0xff, 0x05, 0x55, 0x55, 0x55, 0xf5, 0x55, 0x7f, 0xff, 0xff, 0xff, 0xf0, 
  0xff, 0xff, 0xff, 0xff, 0xff, 0xff, 0xff, 0x80, 0xaa, 0xaa, 0xaa, 0xfa, 0xab, 0xff, 0xff, 0xff, 0xff, 0xf0, 
  0xff, 0xff, 0xff, 0xff, 0xff, 0xff, 0xff, 0xe0, 0x75, 0x55, 0x55, 0xff, 0xff, 0xff, 0xff, 0xff, 0xff, 0xf0, 
  0xff, 0xff, 0xff, 0xff, 0xff, 0xff, 0xff, 0xf0, 0x0a, 0xaa, 0xab, 0xff, 0xff, 0xff, 0xff, 0xff, 0xff, 0xf0, 
  0xff, 0xff, 0xff, 0xff, 0xff, 0xff, 0xff, 0x7c, 0x05, 0x55, 0x57, 0xff, 0xff, 0xff, 0xff, 0xff, 0xff, 0xf0, 
  0xff, 0xff, 0xff, 0xff, 0xff, 0xff, 0xfe, 0x1e, 0x02, 0xaa, 0xaf, 0xff, 0xff, 0xff, 0xff, 0xff, 0xff, 0xf0, 
  0xff, 0xff, 0xff, 0xff, 0xff, 0xff, 0xff, 0x0f, 0xc1, 0x55, 0x5f, 0xff, 0xff, 0xff, 0xff, 0xff, 0xff, 0xf0, 
  0xff, 0xff, 0xff, 0xff, 0xff, 0xff, 0xfe, 0x03, 0xe0, 0xaa, 0xbf, 0xff, 0xff, 0xff, 0xff, 0xff, 0xff, 0xf0, 
  0xff, 0xff, 0xff, 0xff, 0xff, 0xff, 0xff, 0x01, 0xf0, 0x55, 0xff, 0xff, 0xff, 0xff, 0xff, 0xff, 0xff, 0xf0, 
  0xff, 0xff, 0xff, 0xff, 0xff, 0xff, 0xff, 0x80, 0x00, 0x2b, 0xff, 0xff, 0xff, 0xff, 0xff, 0xff, 0xff, 0xf0, 
  0xff, 0xff, 0xff, 0xff, 0xff, 0xff, 0xff, 0xe0, 0x00, 0x1f, 0xff, 0xff, 0xff, 0xff, 0xff, 0xff, 0xff, 0xf0, 
  0xff, 0xff, 0xff, 0xff, 0xff, 0xff, 0xff, 0xfe, 0x00, 0xff, 0xff, 0xff, 0xff, 0xff, 0xff, 0xff, 0xff, 0xf0, 
  0xff, 0xff, 0xff, 0xff, 0xff, 0xff, 0xff, 0xff, 0xff, 0xff, 0xff, 0xff, 0xff, 0xff, 0xff, 0xff, 0xff, 0xf0, 
  0xff, 0xff, 0xff, 0xff, 0xff, 0xff, 0xff, 0xff, 0xff, 0xff, 0xff, 0xff, 0xff, 0xff, 0xff, 0xff, 0xff, 0xf0, 
  0xff, 0xff, 0xff, 0xff, 0xff, 0xff, 0xff, 0xff, 0xff, 0xff, 0xff, 0xff, 0xff, 0xff, 0xff, 0xff, 0xff, 0xf0, 
  0xff, 0xff, 0xff, 0xff, 0xff, 0xff, 0xff, 0xff, 0xff, 0xff, 0xff, 0xff, 0xff, 0xff, 0xff, 0xff, 0xff, 0xf0, 
};

const lv_img_dsc_t lexy4 = {
  .header.cf = LV_IMG_CF_INDEXED_1BIT,
  .header.always_zero = 0,
  .header.reserved = 0,
  .header.w = 140,
  .header.h = 68,
  .data_size = 1232,
  .data = lexy4_map,
};

#ifndef LV_ATTRIBUTE_IMG_IIDX
#define LV_ATTRIBUTE_IMG_IIDX
#endif

const LV_ATTRIBUTE_MEM_ALIGN LV_ATTRIBUTE_LARGE_CONST LV_ATTRIBUTE_IMG_IIDX uint8_t iidx_map[] = {
#if CONFIG_NICE_VIEW_WIDGET_INVERTED
        0xff, 0xff, 0xff, 0xff, /*Color of index 0*/
        0x00, 0x00, 0x00, 0xff, /*Color of index 1*/
#else
        0x00, 0x00, 0x00, 0xff, /*Color of index 0*/
        0xff, 0xff, 0xff, 0xff, /*Color of index 1*/
#endif

  0xff, 0xff, 0xff, 0xff, 0xfd, 0x5e, 0xff, 0xff, 0xff, 0xff, 0xff, 0xff, 0xff, 0xff, 0xff, 0xff, 0xff, 0x70, 
  0xff, 0xfe, 0xea, 0xff, 0xa2, 0xae, 0xf8, 0xdf, 0x7d, 0xf7, 0xdf, 0x7d, 0xf7, 0xdf, 0x7d, 0xf7, 0xdf, 0x70, 
  0xff, 0xff, 0xd7, 0x7f, 0x55, 0x5e, 0xd8, 0xfb, 0xef, 0xbe, 0xfb, 0xef, 0xbe, 0xfb, 0xef, 0xbe, 0xfb, 0x70, 
  0xff, 0xee, 0xfe, 0xaa, 0xa8, 0x2e, 0xff, 0xff, 0xff, 0xff, 0xff, 0xff, 0xff, 0xff, 0xff, 0xff, 0xff, 0x70, 
  0xff, 0xdf, 0xeb, 0x7f, 0xff, 0x50, 0x00, 0x00, 0x00, 0x00, 0x00, 0x00, 0x00, 0x00, 0x00, 0x00, 0x00, 0x00, 
  0xfe, 0xae, 0xd6, 0xfb, 0xfa, 0x83, 0xea, 0xaa, 0xaa, 0xaa, 0xaa, 0xaa, 0xab, 0xff, 0xe0, 0x00, 0x00, 0x00, 
  0xff, 0xff, 0xff, 0x7f, 0xff, 0xd5, 0xff, 0xff, 0xff, 0xff, 0xff, 0xff, 0xff, 0xff, 0xe5, 0x55, 0x00, 0x00, 
  0xfa, 0xae, 0xea, 0xbb, 0xc2, 0x83, 0xea, 0xaa, 0xaa, 0xaa, 0xaa, 0xaa, 0xab, 0xff, 0xe0, 0xa8, 0x00, 0x00, 
  0xff, 0xff, 0xd7, 0x7f, 0xd7, 0xd5, 0xff, 0xff, 0xff, 0xff, 0xff, 0xff, 0xff, 0xff, 0xff, 0xff, 0xff, 0xf0, 
  0xea, 0xae, 0xfe, 0xaf, 0xa3, 0xa3, 0xea, 0xaa, 0xaa, 0xaa, 0xaa, 0xaa, 0xab, 0xff, 0xea, 0xaa, 0xff, 0xf0, 
  0xff, 0xff, 0xeb, 0x7f, 0xf7, 0xd5, 0xff, 0xff, 0xff, 0xff, 0xff, 0xff, 0xff, 0xff, 0xf5, 0x55, 0x55, 0x50, 
  0xea, 0xae, 0xd6, 0xab, 0xef, 0xe3, 0xea, 0xaa, 0xaa, 0xaa, 0xaa, 0xaa, 0xab, 0xff, 0xea, 0xaa, 0xaa, 0xa0, 
  0xff, 0xff, 0xff, 0x77, 0xff, 0xd5, 0xff, 0xff, 0xff, 0xff, 0xff, 0xff, 0xff, 0xff, 0xfd, 0x55, 0x55, 0x50, 
  0xea, 0xae, 0xea, 0xbb, 0xff, 0xb3, 0xea, 0xaa, 0xaa, 0xaa, 0xaa, 0xaa, 0xab, 0xff, 0xea, 0xaa, 0xaa, 0xa0, 
  0xff, 0xff, 0xd7, 0x7f, 0xff, 0xf5, 0xff, 0xff, 0xff, 0xff, 0xff, 0xff, 0xff, 0xff, 0xf5, 0x55, 0x55, 0x50, 
  0xea, 0xae, 0xfe, 0xae, 0xfe, 0xa3, 0xea, 0xaa, 0xaa, 0xaa, 0xaa, 0xaa, 0xab, 0xff, 0xea, 0xaa, 0xaa, 0xa0, 
  0xff, 0xff, 0xeb, 0x7f, 0x57, 0xd5, 0xff, 0xff, 0xff, 0xff, 0xff, 0xff, 0xff, 0xff, 0xfd, 0x55, 0x55, 0x50, 
  0xea, 0xae, 0xd6, 0xbb, 0xab, 0xb3, 0xff, 0xff, 0xfe, 0xbf, 0xff, 0xaa, 0xab, 0xff, 0xea, 0xaa, 0xaa, 0xa0, 
  0xff, 0xff, 0xff, 0x7f, 0xea, 0x05, 0xeb, 0x39, 0xff, 0xf3, 0x9c, 0xff, 0xff, 0xff, 0xfd, 0x55, 0x55, 0x50, 
  0xeb, 0xee, 0xea, 0xff, 0xd5, 0x53, 0xff, 0x39, 0xfe, 0xb3, 0x9c, 0xaa, 0xab, 0xff, 0xee, 0xaa, 0xaa, 0xa0, 
  0xff, 0xf7, 0xd7, 0xff, 0xa8, 0x05, 0xeb, 0x39, 0xff, 0xf3, 0x9c, 0xff, 0xff, 0xff, 0xff, 0x55, 0x55, 0x50, 
  0xeb, 0xee, 0xfe, 0xff, 0xd5, 0x53, 0xff, 0x39, 0xfe, 0xb3, 0x9c, 0xaa, 0xab, 0xff, 0xea, 0xaa, 0xaa, 0xa0, 
  0xfe, 0x37, 0xeb, 0xff, 0xa8, 0x05, 0xeb, 0x39, 0xff, 0xf3, 0x9c, 0xff, 0xff, 0xff, 0xff, 0x55, 0x55, 0x50, 
  0xeb, 0xee, 0xd6, 0xff, 0xd5, 0x53, 0xff, 0x39, 0xfe, 0xb3, 0x9c, 0xaa, 0xab, 0xff, 0xea, 0xaa, 0xaa, 0xa0, 
  0xff, 0xb7, 0xff, 0xff, 0xff, 0xf7, 0xff, 0xff, 0xff, 0xff, 0xff, 0xff, 0xff, 0xff, 0xff, 0x55, 0x55, 0x50, 
  0xeb, 0xae, 0xea, 0xff, 0xff, 0xf5, 0xeb, 0x3a, 0xce, 0x73, 0xac, 0xe7, 0xeb, 0xff, 0xea, 0xaa, 0xaa, 0xa0, 
  0xff, 0xb7, 0xd7, 0xff, 0xff, 0xd3, 0xff, 0x3f, 0xce, 0x73, 0xfc, 0xe7, 0xff, 0xff, 0xff, 0x55, 0x55, 0x50, 
  0xeb, 0xae, 0xfe, 0xff, 0xfa, 0xa5, 0xeb, 0x3a, 0xce, 0x73, 0xac, 0xe7, 0xeb, 0xff, 0xea, 0xaa, 0xaa, 0xa0, 
  0xfe, 0x37, 0xeb, 0xff, 0xff, 0xd3, 0xff, 0x3f, 0xce, 0x73, 0xfc, 0xe7, 0xff, 0xff, 0xff, 0x55, 0x55, 0x50, 
  0xeb, 0xee, 0xd6, 0xff, 0xfa, 0xa5, 0xeb, 0x3a, 0xce, 0x73, 0xac, 0xe7, 0xeb, 0xff, 0xea, 0xaa, 0xaa, 0xa0, 
  0xff, 0x3f, 0xff, 0xff, 0xff, 0xf3, 0xff, 0x3f, 0xce, 0x73, 0xfc, 0xe7, 0xff, 0xff, 0xff, 0x55, 0x55, 0x50, 
  0xeb, 0x6e, 0xea, 0xff, 0xff, 0xf7, 0xff, 0xfa, 0xaa, 0xaa, 0xaa, 0xab, 0xeb, 0xff, 0xea, 0xaa, 0xaa, 0xa0, 
  0xff, 0x7f, 0xd7, 0xff, 0xea, 0x07, 0xeb, 0x3f, 0xff, 0xff, 0xff, 0xff, 0x3f, 0xff, 0xff, 0xff, 0xff, 0xf0, 
  0xeb, 0x6e, 0xfe, 0xff, 0xd5, 0x53, 0xff, 0x3a, 0xaa, 0xaa, 0xaa, 0xab, 0x2b, 0xff, 0xea, 0xaa, 0xaa, 0xa0, 
  0xfe, 0x3f, 0xeb, 0xff, 0xa8, 0x05, 0xeb, 0x3f, 0xff, 0xff, 0xff, 0xff, 0x3f, 0xff, 0xff, 0xff, 0xff, 0xf0, 
  0xeb, 0xee, 0xd6, 0xff, 0xd5, 0x53, 0xff, 0x3a, 0xaa, 0xaa, 0xaa, 0xab, 0x2b, 0xff, 0xea, 0xaa, 0xaa, 0xa0, 
  0xfe, 0x3f, 0xff, 0xff, 0xa8, 0x05, 0xeb, 0x3f, 0xff, 0xff, 0xff, 0xff, 0x3f, 0xff, 0xff, 0xff, 0xff, 0xf0, 
  0xea, 0xae, 0xea, 0xff, 0xd5, 0x53, 0xff, 0x3a, 0xaa, 0xaa, 0xaa, 0xab, 0x2b, 0xff, 0xea, 0xaa, 0xaa, 0xa0, 
  0xfe, 0xbf, 0xd7, 0xff, 0xff, 0xf7, 0xff, 0xff, 0xff, 0xff, 0xff, 0xff, 0xff, 0xff, 0xff, 0xff, 0xff, 0xf0, 
  0xea, 0xae, 0xfe, 0xbf, 0xff, 0xf7, 0xeb, 0x3a, 0xaa, 0xaa, 0xaa, 0xab, 0xeb, 0xff, 0xea, 0xaa, 0xaa, 0xa0, 
  0xfe, 0x3f, 0xeb, 0xff, 0xff, 0xd3, 0xff, 0x3f, 0xff, 0xff, 0xff, 0xff, 0xff, 0xff, 0xff, 0x55, 0x55, 0x50, 
  0xeb, 0xee, 0xd7, 0xaf, 0xfa, 0xa5, 0xeb, 0x3a, 0xaa, 0xaa, 0xaa, 0xab, 0xeb, 0xff, 0xea, 0xaa, 0xaa, 0xa0, 
  0xff, 0xff, 0xff, 0xff, 0xff, 0xd3, 0xff, 0x3f, 0xff, 0xff, 0xff, 0xff, 0xff, 0xff, 0xff, 0x55, 0x55, 0x50, 
  0xeb, 0xee, 0xeb, 0xef, 0xfa, 0xa5, 0xeb, 0x3a, 0xaa, 0xaa, 0xaa, 0xab, 0xeb, 0xff, 0xea, 0xaa, 0xaa, 0xa0, 
  0xff, 0xff, 0xd7, 0xff, 0xff, 0xf3, 0xff, 0x3f, 0xff, 0xff, 0xff, 0xff, 0xff, 0xff, 0xff, 0x55, 0x55, 0x50, 
  0xea, 0xae, 0xff, 0xef, 0xff, 0xf7, 0xff, 0xfa, 0xaa, 0xaa, 0xaa, 0xab, 0xeb, 0xff, 0xea, 0xaa, 0xaa, 0xa0, 
  0xff, 0xff, 0xea, 0x3f, 0xea, 0x07, 0xeb, 0x3f, 0xfe, 0x73, 0xfc, 0xe7, 0x3f, 0xff, 0xff, 0x55, 0x55, 0x50, 
  0xeb, 0xee, 0xd7, 0xef, 0xd5, 0x53, 0xff, 0x3a, 0xfe, 0x73, 0xac, 0xe7, 0x2b, 0xff, 0xea, 0xaa, 0xaa, 0xa0, 
  0xff, 0xff, 0xfe, 0x3f, 0xa8, 0x05, 0xeb, 0x3f, 0xfe, 0x73, 0xfc, 0xe7, 0x3f, 0xff, 0xff, 0x55, 0x55, 0x50, 
  0xeb, 0xee, 0xea, 0xaf, 0xd5, 0x53, 0xff, 0x3a, 0xfe, 0x73, 0xac, 0xe7, 0x2b, 0xff, 0xea, 0xaa, 0xaa, 0xa0, 
  0xff, 0xff, 0xd6, 0xbf, 0xa8, 0x05, 0xeb, 0x3f, 0xfe, 0x73, 0xfc, 0xe7, 0x3f, 0xff, 0xff, 0x55, 0x55, 0x50, 
  0xeb, 0x6e, 0xfe, 0x2f, 0xd5, 0x53, 0xff, 0x3a, 0xfe, 0x73, 0xac, 0xe7, 0x2b, 0xff, 0xee, 0xaa, 0xaa, 0xa0, 
  0xfe, 0x3f, 0xc3, 0xff, 0xff, 0xf7, 0xff, 0xff, 0xff, 0xff, 0xff, 0xff, 0xff, 0xff, 0xfd, 0x55, 0x55, 0x50, 
  0xeb, 0x6e, 0xc2, 0x2f, 0xff, 0xf7, 0xeb, 0x3f, 0xfe, 0xb3, 0x9c, 0xaa, 0xab, 0xff, 0xea, 0xaa, 0xaa, 0xa0, 
  0xff, 0xff, 0xfe, 0xbf, 0xff, 0xd3, 0xff, 0x3f, 0xff, 0xf3, 0x9c, 0xff, 0xff, 0xff, 0xfd, 0x55, 0x55, 0x50, 
  0xea, 0xee, 0xc2, 0xaf, 0xfa, 0xa5, 0xeb, 0x3f, 0xfe, 0xb3, 0x9c, 0xaa, 0xab, 0xff, 0xea, 0xaa, 0xaa, 0xa0, 
  0xff, 0xf7, 0xc2, 0x3f, 0xff, 0xd3, 0xff, 0x3f, 0xff, 0xf3, 0x9c, 0xff, 0xff, 0xff, 0xfd, 0x55, 0x55, 0x50, 
  0xea, 0xa6, 0xff, 0xef, 0xfa, 0xa5, 0xeb, 0x3f, 0xfe, 0xb3, 0x9c, 0xaa, 0xab, 0xff, 0xea, 0xaa, 0xaa, 0xa0, 
  0xff, 0x77, 0xc2, 0xff, 0xff, 0xf3, 0xff, 0x3f, 0xff, 0xf3, 0x9c, 0xff, 0xff, 0xff, 0xfd, 0x55, 0x55, 0x50, 
  0xea, 0x26, 0xc3, 0xef, 0xff, 0xf7, 0xff, 0xff, 0xfe, 0xbf, 0xff, 0xaa, 0xab, 0xff, 0xea, 0xaa, 0xaa, 0xa0, 
  0xff, 0xf7, 0xfe, 0x7f, 0xea, 0x07, 0xff, 0xff, 0xff, 0xff, 0xff, 0xff, 0xff, 0xff, 0xf5, 0x55, 0x55, 0x50, 
  0xeb, 0xee, 0xc2, 0x6f, 0xd5, 0x53, 0xea, 0xaa, 0xaa, 0xaa, 0xaa, 0xaa, 0xab, 0xff, 0xea, 0xaa, 0xff, 0xf0, 
  0xfe, 0x37, 0xc3, 0xff, 0xa8, 0x05, 0xff, 0xff, 0xff, 0xff, 0xff, 0xff, 0xff, 0xff, 0xff, 0xff, 0xff, 0xf0, 
  0xeb, 0xee, 0xff, 0xef, 0xd5, 0x53, 0xea, 0xaa, 0xaa, 0xaa, 0xaa, 0xaa, 0xab, 0xff, 0xe0, 0xa8, 0x00, 0x00, 
  0xff, 0xf7, 0xc3, 0xff, 0xa8, 0x05, 0xff, 0xff, 0xff, 0xff, 0xff, 0xff, 0xff, 0xff, 0xe5, 0x55, 0x00, 0x00, 
  0xbb, 0xee, 0xc2, 0xaf, 0xd5, 0x53, 0xea, 0xaa, 0xaa, 0xaa, 0xaa, 0xaa, 0xab, 0xff, 0xe0, 0x00, 0x00, 0x00, 
  0xff, 0xff, 0xff, 0xff, 0xff, 0xff, 0xff, 0xff, 0xff, 0xff, 0xff, 0xff, 0xff, 0xff, 0xff, 0xff, 0xff, 0xf0, 
  0xbe, 0xbf, 0xaa, 0xff, 0xff, 0xff, 0xff, 0xff, 0xff, 0xff, 0xff, 0xff, 0xff, 0xff, 0xff, 0xff, 0xff, 0xf0, 
};

const lv_img_dsc_t iidx = {
  .header.cf = LV_IMG_CF_INDEXED_1BIT,
  .header.always_zero = 0,
  .header.reserved = 0,
  .header.w = 140,
  .header.h = 68,
  .data_size = 1232,
  .data = iidx_map,
};

#ifndef LV_ATTRIBUTE_IMG_CARAMELLDANSEN01
#define LV_ATTRIBUTE_IMG_CARAMELLDANSEN01
#endif

const LV_ATTRIBUTE_MEM_ALIGN LV_ATTRIBUTE_LARGE_CONST LV_ATTRIBUTE_IMG_CARAMELLDANSEN01 uint8_t caramelldansen01_map[] = {
#if CONFIG_NICE_VIEW_WIDGET_INVERTED
        0xff, 0xff, 0xff, 0xff, /*Color of index 0*/
        0x00, 0x00, 0x00, 0xff, /*Color of index 1*/
#else
        0x00, 0x00, 0x00, 0xff, /*Color of index 0*/
        0xff, 0xff, 0xff, 0xff, /*Color of index 1*/
#endif

  0xff, 0xf5, 0xff, 0x15, 0xff, 0xf9, 0xff, 0xde, 0xff, 0xff, 0xff, 0xbf, 0xff, 0xff, 0xff, 0xff, 0x7f, 0xf0, 
  0xff, 0xeb, 0xff, 0xb9, 0xff, 0xf9, 0xff, 0xdf, 0xff, 0xff, 0xec, 0xf7, 0xff, 0xff, 0xff, 0xff, 0x7f, 0xf0, 
  0x7f, 0xf2, 0xff, 0xfb, 0xff, 0xff, 0xff, 0xdf, 0xff, 0xff, 0xf7, 0xbf, 0xff, 0xff, 0xff, 0xff, 0x7f, 0xf0, 
  0xff, 0xec, 0xff, 0xff, 0xff, 0xff, 0xff, 0xff, 0xff, 0xff, 0xff, 0xef, 0xff, 0xff, 0xff, 0xff, 0x7f, 0xf0, 
  0xff, 0xd3, 0xff, 0xff, 0xff, 0xfb, 0xff, 0xff, 0xff, 0xff, 0xf6, 0xb7, 0xff, 0xff, 0xef, 0xfe, 0x7f, 0xf0, 
  0xff, 0xf4, 0xff, 0xf3, 0xff, 0xfa, 0xff, 0xbf, 0xff, 0xff, 0xff, 0xff, 0xff, 0xff, 0xef, 0xff, 0xff, 0xf0, 
  0xff, 0xea, 0xff, 0xff, 0xff, 0xf9, 0x7f, 0xbf, 0xff, 0xff, 0xff, 0xff, 0xff, 0xff, 0xff, 0xff, 0xfd, 0xf0, 
  0xff, 0xf5, 0xff, 0xf5, 0xff, 0xf8, 0xff, 0xff, 0xff, 0xff, 0xfe, 0xbf, 0xf9, 0xff, 0xff, 0xbf, 0xfc, 0xf0, 
  0xff, 0xff, 0xff, 0xf5, 0xff, 0xfb, 0x7f, 0xff, 0xff, 0xff, 0xff, 0xff, 0xe4, 0x7f, 0xff, 0xff, 0xfa, 0xf0, 
  0x79, 0xff, 0xff, 0xfb, 0xff, 0x7f, 0xff, 0xff, 0xff, 0xff, 0xff, 0xfa, 0xa0, 0x3f, 0xff, 0xff, 0x6a, 0xf0, 
  0xb6, 0xf3, 0xfd, 0xf5, 0xfe, 0x7f, 0xff, 0xbf, 0xff, 0xff, 0xff, 0xf0, 0xb5, 0x1f, 0xff, 0xff, 0x5a, 0xf0, 
  0xb5, 0x6d, 0xfb, 0xfb, 0xff, 0x7f, 0xff, 0xbf, 0xff, 0xff, 0xff, 0xc4, 0xd0, 0x4f, 0xff, 0xff, 0x6c, 0xf0, 
  0x25, 0x71, 0xf7, 0xdf, 0xfe, 0xff, 0xff, 0xbf, 0xff, 0xff, 0xff, 0x80, 0x50, 0x07, 0xff, 0xfd, 0x6a, 0xf0, 
  0xbd, 0x66, 0xef, 0xbf, 0xff, 0x7f, 0x7f, 0xff, 0xff, 0xff, 0xfe, 0x00, 0x3d, 0x53, 0xff, 0xfd, 0x7a, 0xf0, 
  0x23, 0x54, 0xce, 0x7f, 0xbf, 0xff, 0xfb, 0xff, 0xff, 0xff, 0xfc, 0x00, 0x24, 0x81, 0xff, 0x7d, 0x4d, 0xf0, 
  0x6c, 0x69, 0xd8, 0xff, 0xff, 0xff, 0xff, 0xff, 0xff, 0xff, 0xf0, 0x00, 0x16, 0x14, 0xff, 0x79, 0x7d, 0xf0, 
  0xfb, 0xf5, 0xb9, 0xff, 0xff, 0x7f, 0xff, 0xff, 0xff, 0xff, 0xc0, 0x00, 0x01, 0x00, 0x7f, 0x7b, 0x7d, 0xf0, 
  0xfa, 0xeb, 0x33, 0xff, 0xff, 0xcf, 0xff, 0xff, 0xff, 0xfe, 0x80, 0x00, 0x05, 0xa4, 0x3d, 0x7f, 0x7f, 0xf0, 
  0xff, 0xf3, 0x33, 0xff, 0xff, 0xef, 0xdf, 0xff, 0xff, 0xc0, 0x00, 0x00, 0x2d, 0x49, 0x17, 0x7b, 0xff, 0xf0, 
  0xff, 0xff, 0x63, 0xff, 0xff, 0xff, 0xdf, 0xff, 0xfc, 0x38, 0x3f, 0xff, 0xaa, 0x70, 0x4b, 0x7f, 0xff, 0x80, 
  0xff, 0xe6, 0xf7, 0xff, 0xff, 0xff, 0xd4, 0xff, 0xf1, 0xe5, 0xe0, 0x00, 0x01, 0x89, 0x03, 0xff, 0xff, 0xa0, 
  0xf9, 0xf6, 0xef, 0xff, 0xff, 0xff, 0xdb, 0xff, 0x87, 0xc4, 0x00, 0x00, 0x01, 0x74, 0x13, 0xff, 0xff, 0xd0, 
  0xfe, 0xfc, 0xcf, 0xff, 0xff, 0xff, 0xff, 0xfe, 0x3f, 0xd0, 0x04, 0x00, 0xbd, 0x4a, 0x41, 0xff, 0xff, 0xa0, 
  0xfe, 0xfc, 0xcf, 0xff, 0xff, 0xfc, 0xff, 0xf8, 0xff, 0x80, 0x00, 0x45, 0x40, 0x15, 0x94, 0xef, 0xff, 0xa0, 
  0xfe, 0xff, 0xcf, 0xff, 0xff, 0xf8, 0x67, 0xff, 0xc1, 0x80, 0x00, 0x14, 0x02, 0x03, 0x40, 0x57, 0xff, 0xd0, 
  0xfe, 0xfd, 0xaf, 0xff, 0xff, 0xfa, 0x03, 0xfe, 0x00, 0x00, 0x02, 0xaa, 0xa4, 0x80, 0x21, 0x00, 0xff, 0xa0, 
  0xfc, 0xf9, 0xbf, 0xff, 0xff, 0xf8, 0x20, 0x00, 0x00, 0x00, 0x04, 0x00, 0x09, 0x21, 0x54, 0x00, 0x3f, 0xa0, 
  0xf8, 0xf9, 0x9f, 0xff, 0xff, 0xf8, 0x80, 0x00, 0x00, 0x00, 0x0a, 0x24, 0x64, 0x58, 0x08, 0x50, 0x0f, 0xd0, 
  0xf8, 0xb9, 0x8f, 0xff, 0xff, 0xfa, 0x40, 0x00, 0x00, 0x00, 0x30, 0x89, 0xe6, 0x16, 0x12, 0x02, 0x03, 0xc0, 
  0xbd, 0xf9, 0x9f, 0xff, 0xff, 0xf1, 0x00, 0x00, 0x00, 0x00, 0x6c, 0x41, 0x7f, 0x05, 0x08, 0x00, 0xc3, 0x90, 
  0xf9, 0xfb, 0x9f, 0xff, 0xff, 0xf4, 0x20, 0x00, 0x00, 0x00, 0x51, 0x12, 0x7e, 0x50, 0xd4, 0x10, 0x39, 0xf0, 
  0xf9, 0xdb, 0xff, 0xff, 0xff, 0xf1, 0x00, 0x00, 0x00, 0x1f, 0xc0, 0x09, 0xfe, 0x05, 0x6a, 0x04, 0x05, 0xf0, 
  0xfb, 0xdf, 0x3f, 0xff, 0xff, 0xf0, 0x40, 0x00, 0x00, 0x3f, 0xe4, 0x25, 0xff, 0x40, 0x15, 0x81, 0x01, 0xf0, 
  0xf0, 0x7b, 0x9f, 0xff, 0xef, 0xf5, 0x00, 0x1f, 0x00, 0x7f, 0xf1, 0xe0, 0x7c, 0x14, 0x08, 0x00, 0x67, 0xd0, 
  0xf0, 0x79, 0xdf, 0xff, 0xff, 0xf0, 0x01, 0xff, 0xf0, 0xff, 0x83, 0x70, 0x08, 0x09, 0x10, 0x3f, 0xcf, 0x90, 
  0xff, 0xfd, 0x5f, 0xff, 0xff, 0xf0, 0x00, 0xff, 0xfc, 0xfc, 0x16, 0xc2, 0x81, 0x00, 0x61, 0x2f, 0x4f, 0xa0, 
  0xfe, 0xfd, 0x9f, 0xff, 0xff, 0xe5, 0x00, 0x3f, 0xff, 0xf0, 0x15, 0x44, 0x00, 0x00, 0x80, 0x2f, 0x4f, 0x80, 
  0xff, 0xff, 0xdf, 0xff, 0xff, 0xe0, 0x00, 0x1f, 0xff, 0xe0, 0x03, 0x68, 0x10, 0x41, 0x44, 0x2f, 0xd7, 0xa0, 
  0xff, 0x7f, 0xff, 0xff, 0xff, 0xf0, 0x00, 0x0f, 0xff, 0xf0, 0x14, 0x80, 0x42, 0x12, 0x00, 0x1f, 0xc3, 0xa0, 
  0xff, 0x7d, 0xdf, 0xff, 0xff, 0xe4, 0x80, 0xff, 0xfe, 0xbf, 0x83, 0x60, 0x00, 0x04, 0x40, 0x5e, 0x28, 0x80, 
  0xfe, 0xff, 0xdf, 0xff, 0xff, 0xe0, 0x0f, 0xff, 0xf8, 0xff, 0xf6, 0xf0, 0x08, 0x01, 0x95, 0x80, 0x03, 0xa0, 
  0xff, 0x7e, 0x8f, 0xff, 0xff, 0xf0, 0x03, 0xff, 0xe0, 0xff, 0x21, 0xf0, 0x24, 0x8a, 0x00, 0x21, 0x0c, 0xa0, 
  0x7e, 0x7c, 0xff, 0xff, 0xff, 0xf1, 0x00, 0xff, 0x80, 0x78, 0x30, 0x01, 0xe6, 0x14, 0x00, 0x08, 0x61, 0x80, 
  0xee, 0x7f, 0xef, 0xff, 0xff, 0xd4, 0x00, 0x00, 0x00, 0x00, 0x10, 0x01, 0x7e, 0x18, 0x02, 0x82, 0x87, 0xa0, 
  0xfe, 0x7f, 0xd7, 0xff, 0xff, 0xf0, 0x00, 0x00, 0x00, 0x00, 0x08, 0x09, 0x7e, 0x00, 0xc0, 0x28, 0x13, 0xc0, 
  0x7c, 0x7e, 0xc7, 0xff, 0xff, 0xf0, 0x00, 0x00, 0x00, 0x00, 0x00, 0x01, 0xfe, 0x31, 0x05, 0x40, 0xcf, 0xf0, 
  0xfc, 0x76, 0x67, 0xff, 0xff, 0xf0, 0x80, 0x00, 0x00, 0x00, 0x00, 0x41, 0x7e, 0x83, 0x30, 0x12, 0x3f, 0xf0, 
  0xff, 0x7b, 0x7f, 0xff, 0xff, 0xff, 0x80, 0x00, 0x00, 0x00, 0x00, 0x00, 0x34, 0x2c, 0x39, 0x00, 0xff, 0xf0, 
  0xff, 0xf3, 0xfb, 0xff, 0xff, 0xff, 0xb4, 0xf0, 0x00, 0x00, 0x00, 0x00, 0x08, 0x08, 0x24, 0x03, 0xff, 0xf0, 
  0xff, 0xeb, 0xb5, 0xff, 0xff, 0xff, 0x74, 0xd8, 0x00, 0x00, 0x00, 0x0d, 0x01, 0xf0, 0xac, 0x7f, 0xff, 0xf0, 
  0xff, 0xff, 0xd9, 0xff, 0xff, 0xfa, 0x64, 0xde, 0x01, 0xc0, 0x00, 0x42, 0x16, 0x00, 0xeb, 0xbf, 0xff, 0xf0, 
  0xff, 0xff, 0xd8, 0xff, 0xfb, 0xcd, 0x7c, 0xde, 0x9f, 0xe0, 0x01, 0x75, 0xe0, 0x00, 0x30, 0xaf, 0xff, 0xf0, 
  0xff, 0xff, 0xce, 0x3f, 0xff, 0xc9, 0x7c, 0xf8, 0x63, 0x95, 0x7f, 0x88, 0x01, 0x05, 0x0f, 0xcf, 0xff, 0xf0, 
  0xff, 0xf8, 0xee, 0x3f, 0xfb, 0xeb, 0xf8, 0xb9, 0xf8, 0xf0, 0x00, 0x00, 0x12, 0x00, 0x01, 0xef, 0xff, 0xf0, 
  0xff, 0xf2, 0xe7, 0x1b, 0xf0, 0xcf, 0xf8, 0x09, 0x7f, 0x1e, 0x00, 0x22, 0x40, 0x10, 0x4f, 0xd7, 0xff, 0xf0, 
  0xfc, 0x60, 0xf3, 0xdf, 0xf1, 0xcf, 0x78, 0x81, 0xff, 0xc1, 0x80, 0x00, 0x00, 0x25, 0x1f, 0xef, 0x7f, 0xf0, 
  0xf0, 0x6a, 0xf9, 0xfd, 0xdb, 0xff, 0x7f, 0xa3, 0xff, 0xff, 0xe0, 0x00, 0x1f, 0x80, 0x36, 0xe6, 0x7f, 0xf0, 
  0xf1, 0x34, 0xfe, 0xf9, 0xb3, 0xfe, 0x7f, 0xb3, 0xff, 0xff, 0xf0, 0x00, 0x1f, 0x00, 0x7e, 0xff, 0x5f, 0xf0, 
  0xf4, 0x22, 0xff, 0xf5, 0xf3, 0xfe, 0x7f, 0xfb, 0xff, 0xff, 0xfc, 0x00, 0x1e, 0x08, 0xfe, 0xbf, 0x4f, 0xf0, 
  0xe0, 0x20, 0xff, 0x11, 0x77, 0xff, 0xff, 0xff, 0xff, 0xff, 0xfe, 0x00, 0x3c, 0xa1, 0xfe, 0xfe, 0x6f, 0xf0, 
  0xe1, 0x7d, 0xff, 0x55, 0xff, 0xff, 0xff, 0x9f, 0xff, 0xff, 0xff, 0x80, 0x28, 0x03, 0xff, 0xaf, 0x4f, 0xf0, 
  0xe4, 0x73, 0xe2, 0xd9, 0xff, 0xff, 0xff, 0xbf, 0xff, 0xff, 0xff, 0xe0, 0x58, 0x07, 0xff, 0xaf, 0x4f, 0xf0, 
  0xe0, 0x7f, 0xc3, 0x33, 0xff, 0xff, 0xff, 0xff, 0xff, 0xff, 0xf7, 0xf8, 0x52, 0x0f, 0xff, 0xaf, 0x6f, 0xf0, 
  0xf0, 0xff, 0xd2, 0xb7, 0xff, 0xf9, 0xff, 0xff, 0xff, 0xff, 0xc7, 0xfe, 0x50, 0x1f, 0xff, 0xeb, 0x47, 0x90, 
  0xfb, 0xfd, 0x82, 0xbf, 0xff, 0xf9, 0xff, 0xff, 0xff, 0xf0, 0x87, 0xff, 0xf0, 0x3f, 0xef, 0xeb, 0xef, 0xd0, 
  0xff, 0xfb, 0x83, 0x79, 0xff, 0xf9, 0xff, 0xff, 0xff, 0xf8, 0x12, 0xff, 0xfc, 0xff, 0xef, 0xe9, 0xcf, 0x90, 
  0xfe, 0xef, 0x97, 0xf9, 0xff, 0xfb, 0xff, 0xfd, 0xff, 0xf9, 0xf4, 0xef, 0xff, 0xff, 0xff, 0xf9, 0xef, 0x80, 
  0xf8, 0x7a, 0xc7, 0xf2, 0xff, 0xfb, 0xff, 0xf7, 0xff, 0xfd, 0xa0, 0x97, 0xff, 0xff, 0xff, 0xac, 0xff, 0xa0, 
};

const lv_img_dsc_t caramelldansen01 = {
  .header.cf = LV_IMG_CF_INDEXED_1BIT,
  .header.always_zero = 0,
  .header.reserved = 0,
  .header.w = 140,
  .header.h = 68,
  .data_size = 1232,
  .data = caramelldansen01_map,
};

#ifndef LV_ATTRIBUTE_IMG_CARAMELLDANSEN02
#define LV_ATTRIBUTE_IMG_CARAMELLDANSEN02
#endif

const LV_ATTRIBUTE_MEM_ALIGN LV_ATTRIBUTE_LARGE_CONST LV_ATTRIBUTE_IMG_CARAMELLDANSEN02 uint8_t caramelldansen02_map[] = {
#if CONFIG_NICE_VIEW_WIDGET_INVERTED
        0xff, 0xff, 0xff, 0xff, /*Color of index 0*/
        0x00, 0x00, 0x00, 0xff, /*Color of index 1*/
#else
        0x00, 0x00, 0x00, 0xff, /*Color of index 0*/
        0xff, 0xff, 0xff, 0xff, /*Color of index 1*/
#endif

  0xff, 0xaf, 0xe7, 0xd7, 0xff, 0xf3, 0xff, 0xff, 0xff, 0xff, 0xf6, 0xff, 0xff, 0xff, 0xff, 0xfb, 0xff, 0xf0, 
  0xff, 0x17, 0x0c, 0x67, 0xff, 0xf6, 0xff, 0xde, 0xff, 0xff, 0xee, 0x87, 0xff, 0xff, 0xff, 0xfd, 0xff, 0xf0, 
  0xff, 0xee, 0x7c, 0x6f, 0xff, 0xf7, 0xff, 0xff, 0xff, 0x7f, 0xfa, 0xff, 0xff, 0xff, 0xff, 0xfb, 0xff, 0xf0, 
  0xff, 0x2d, 0xe1, 0xff, 0xff, 0xff, 0xff, 0xff, 0xff, 0x7f, 0xff, 0xff, 0xff, 0xff, 0xff, 0xfb, 0xff, 0xf0, 
  0xff, 0x99, 0x83, 0xff, 0xff, 0xf7, 0xff, 0x7f, 0xff, 0xff, 0xf4, 0xa7, 0xff, 0xff, 0xdf, 0xfb, 0xff, 0xf0, 
  0xff, 0x6b, 0x0f, 0xef, 0xff, 0xf5, 0xff, 0x7f, 0xff, 0xbf, 0xf0, 0x7f, 0xff, 0xff, 0xdf, 0x7b, 0xff, 0xf0, 
  0xff, 0xd6, 0x3f, 0xd7, 0xff, 0xf2, 0xff, 0x7f, 0xff, 0x9f, 0xf5, 0x3f, 0xff, 0xff, 0xff, 0xff, 0xcf, 0xf0, 
  0xff, 0x9e, 0x7f, 0xff, 0xff, 0xf0, 0xff, 0x7f, 0xff, 0xdf, 0x70, 0x1f, 0xff, 0xff, 0xdf, 0xff, 0xef, 0xf0, 
  0xff, 0xf6, 0xff, 0xf7, 0xff, 0xf7, 0xff, 0xff, 0xe3, 0xec, 0x54, 0x4f, 0xff, 0xff, 0xf7, 0xff, 0x6f, 0xf0, 
  0xa7, 0xf7, 0xff, 0xff, 0xfe, 0xff, 0xff, 0x7f, 0xfc, 0xa0, 0x59, 0x07, 0xff, 0xff, 0xfe, 0xfb, 0xef, 0xf0, 
  0x4f, 0xe4, 0xff, 0xff, 0xf8, 0xff, 0xff, 0x7f, 0xfc, 0x40, 0x28, 0x57, 0xff, 0xff, 0xf7, 0xfb, 0x0f, 0xf0, 
  0xbb, 0x2c, 0xff, 0xff, 0xfb, 0xff, 0xff, 0x7f, 0xff, 0x00, 0x36, 0x03, 0xff, 0xff, 0xff, 0xea, 0xe7, 0xf0, 
  0x50, 0x2d, 0xff, 0xff, 0xfe, 0xff, 0xff, 0x7f, 0xfe, 0x80, 0x19, 0x55, 0xff, 0xff, 0xff, 0xed, 0x5f, 0xf0, 
  0xe4, 0x79, 0xff, 0xff, 0xfc, 0xfe, 0xff, 0xff, 0xfc, 0x03, 0x05, 0x00, 0xff, 0xff, 0xff, 0xe9, 0xaf, 0xf0, 
  0xf0, 0x6d, 0xff, 0xff, 0xff, 0xfd, 0xff, 0xff, 0xf8, 0x00, 0x42, 0x90, 0x7f, 0xff, 0xfd, 0xeb, 0x6f, 0xf0, 
  0xe8, 0xcf, 0xff, 0xff, 0xff, 0xff, 0xfb, 0xf1, 0x70, 0x00, 0x0d, 0x45, 0x7f, 0xff, 0xfd, 0xea, 0xcf, 0xf0, 
  0xf0, 0xd9, 0xff, 0xff, 0xfd, 0xff, 0xff, 0xfe, 0x2c, 0x00, 0x11, 0x60, 0x1f, 0xff, 0xf5, 0xfb, 0xff, 0xf0, 
  0xf1, 0xb3, 0xff, 0xff, 0xfa, 0x00, 0x1f, 0xf0, 0x01, 0xf5, 0x78, 0xd2, 0xa7, 0xff, 0xf5, 0xeb, 0xff, 0xe0, 
  0xf1, 0xb3, 0xff, 0xff, 0xf2, 0x2a, 0x81, 0x8e, 0x00, 0x00, 0x86, 0x18, 0x0b, 0xff, 0xfd, 0xff, 0xfd, 0xd0, 
  0x69, 0xe7, 0xff, 0xff, 0xe5, 0x95, 0x7c, 0x3c, 0x00, 0x00, 0x00, 0x04, 0x88, 0xff, 0xf5, 0xff, 0xfe, 0xe0, 
  0xe0, 0xf7, 0xff, 0xff, 0xc0, 0xe0, 0x31, 0xf8, 0x00, 0x00, 0x01, 0x02, 0x21, 0x7f, 0x77, 0xff, 0xfa, 0xa0, 
  0xe0, 0xb7, 0xff, 0xff, 0xc9, 0xb5, 0x47, 0xf0, 0x00, 0x04, 0x04, 0x01, 0x02, 0xbf, 0xff, 0xff, 0xfa, 0x90, 
  0xe2, 0xb7, 0xff, 0xff, 0xc1, 0x38, 0x1f, 0xf0, 0x00, 0x11, 0x50, 0x40, 0xc8, 0xbf, 0xff, 0xbf, 0xfa, 0xa0, 
  0xe8, 0xa7, 0xff, 0xff, 0x90, 0x0e, 0x7c, 0x60, 0x00, 0x44, 0x81, 0x54, 0x22, 0x03, 0xff, 0xbf, 0xfa, 0xa0, 
  0xc1, 0xe7, 0xff, 0xff, 0x84, 0x07, 0x60, 0x00, 0x00, 0x10, 0x14, 0x08, 0x94, 0x40, 0xde, 0xbf, 0xfa, 0xd0, 
  0xc0, 0xff, 0xff, 0xff, 0x42, 0x00, 0x00, 0x00, 0x00, 0x81, 0x02, 0x95, 0x00, 0x10, 0x7f, 0xbf, 0xfa, 0xa0, 
  0xaf, 0xb7, 0xff, 0xff, 0x10, 0x00, 0x00, 0x00, 0x07, 0x24, 0x77, 0x2a, 0x10, 0x84, 0x5f, 0x3f, 0xfa, 0xa0, 
  0xff, 0xf7, 0xff, 0xff, 0x04, 0x00, 0x00, 0x00, 0x04, 0x8a, 0xbf, 0x05, 0x84, 0x00, 0x7f, 0xbf, 0xfc, 0xd0, 
  0x80, 0xff, 0xff, 0xfe, 0x50, 0x00, 0x00, 0x00, 0x0a, 0x00, 0xbf, 0x01, 0x70, 0x11, 0x7f, 0xff, 0xfa, 0xe0, 
  0xd0, 0x57, 0xff, 0xfe, 0x00, 0x00, 0x00, 0x00, 0x18, 0xa8, 0xff, 0x28, 0x4d, 0x04, 0x7f, 0xff, 0xfd, 0xc0, 
  0xc5, 0x6f, 0xff, 0xfd, 0x00, 0x00, 0x00, 0x02, 0xb4, 0x02, 0xbf, 0x84, 0x12, 0x20, 0x7f, 0xff, 0xfd, 0xd0, 
  0xd1, 0xff, 0xff, 0xfc, 0x40, 0x00, 0x00, 0x07, 0xfa, 0x08, 0x7e, 0x21, 0x05, 0x4f, 0xdb, 0xff, 0xff, 0xf0, 
  0xc1, 0xf7, 0xff, 0xfc, 0x10, 0x00, 0x00, 0x0f, 0xfc, 0xf8, 0x04, 0x08, 0xa8, 0x27, 0x5b, 0x3b, 0xff, 0xf0, 
  0xd5, 0xa7, 0xff, 0xfc, 0x00, 0x00, 0x00, 0x1f, 0xe1, 0x7a, 0x80, 0x02, 0x50, 0x0f, 0x7b, 0x3a, 0x7d, 0xf0, 
  0xc0, 0xef, 0xff, 0xfc, 0x00, 0x00, 0x7c, 0x3f, 0x02, 0xc1, 0x28, 0x00, 0x22, 0x0f, 0xfa, 0xfe, 0x7c, 0xe0, 
  0xe0, 0xa7, 0xff, 0xfc, 0x80, 0x01, 0xff, 0xbc, 0x03, 0xb4, 0x01, 0x20, 0xc0, 0x0f, 0xfb, 0x1a, 0x7a, 0xe0, 
  0xe4, 0xf7, 0xff, 0xfc, 0x00, 0x03, 0xff, 0xf8, 0x48, 0x51, 0x00, 0x00, 0x82, 0x47, 0xfb, 0xbb, 0x78, 0x90, 
  0xc0, 0xff, 0xff, 0xfc, 0x00, 0x07, 0xff, 0xf8, 0x05, 0xd0, 0x40, 0x03, 0x30, 0x07, 0xdf, 0x7a, 0x38, 0xa0, 
  0xd0, 0x7b, 0xff, 0xfd, 0x00, 0x0f, 0xff, 0xfc, 0x00, 0xb0, 0x05, 0x24, 0x8a, 0x47, 0xdf, 0xfa, 0x7a, 0xa0, 
  0xc2, 0x3f, 0xff, 0xfc, 0x00, 0x0f, 0xff, 0xbf, 0xf9, 0x58, 0x12, 0x04, 0x00, 0x0f, 0xdf, 0xfb, 0x78, 0xd0, 
  0xc0, 0x1d, 0xff, 0xf8, 0x40, 0x04, 0x7f, 0x3f, 0xfc, 0x70, 0x33, 0x02, 0x00, 0x18, 0xdf, 0xfe, 0x3c, 0xa0, 
  0x80, 0x1e, 0xff, 0xfe, 0x00, 0x00, 0xfe, 0x3f, 0x94, 0x00, 0xff, 0x4a, 0xc1, 0x50, 0xf7, 0xbf, 0x7a, 0xa0, 
  0xfe, 0x1b, 0xff, 0xff, 0xc0, 0x01, 0xf8, 0x1c, 0x04, 0x04, 0xbf, 0x04, 0x24, 0x04, 0x7f, 0xbf, 0xf8, 0xd0, 
  0xff, 0xdd, 0xff, 0x6f, 0xc0, 0x01, 0xf0, 0x00, 0x00, 0x00, 0xbf, 0x88, 0x00, 0x01, 0x7f, 0xaf, 0xfc, 0xa0, 
  0xff, 0xfd, 0x78, 0x7f, 0xf0, 0x03, 0xc0, 0x00, 0x00, 0x00, 0x5f, 0x51, 0xc1, 0x55, 0x5f, 0xab, 0xfc, 0xe0, 
  0xff, 0x55, 0xf0, 0x5f, 0xfe, 0x87, 0x00, 0x00, 0x00, 0x05, 0x3a, 0x01, 0x08, 0x00, 0xdf, 0xbf, 0xfd, 0xd0, 
  0xff, 0x9d, 0xfc, 0xff, 0xc0, 0xf4, 0x00, 0x00, 0x00, 0x00, 0x02, 0x0e, 0x00, 0x28, 0x77, 0xab, 0xff, 0xc0, 
  0xff, 0x79, 0xdd, 0xff, 0xc2, 0xb6, 0x00, 0x00, 0x00, 0x00, 0x00, 0xf0, 0x62, 0x80, 0x53, 0xab, 0xff, 0xf0, 
  0xff, 0xbd, 0x7f, 0xe7, 0xc4, 0xbf, 0x00, 0x10, 0x00, 0x00, 0x08, 0x00, 0x28, 0x01, 0xfb, 0xff, 0xff, 0xf0, 
  0xff, 0x56, 0x7e, 0xc7, 0x66, 0xfc, 0x40, 0x70, 0x00, 0x00, 0x37, 0x00, 0xe0, 0x0f, 0x7b, 0xed, 0xff, 0xf0, 
  0xff, 0xea, 0x78, 0x50, 0xcd, 0xf5, 0x33, 0xf8, 0x00, 0x03, 0xc8, 0x10, 0xb1, 0xff, 0x7b, 0x7b, 0xff, 0xf0, 
  0xff, 0xfb, 0xfd, 0x27, 0xcf, 0x92, 0x3c, 0x7e, 0x00, 0x02, 0xb0, 0x41, 0x5b, 0xff, 0xda, 0xbf, 0xfd, 0xc0, 
  0xff, 0xf8, 0xf9, 0x47, 0x7e, 0x94, 0x7f, 0x1f, 0x00, 0x0a, 0x02, 0x05, 0x67, 0xff, 0xef, 0x3f, 0xff, 0x80, 
  0xff, 0xcc, 0xf2, 0x47, 0xee, 0x96, 0x0e, 0x40, 0x00, 0x34, 0x80, 0x08, 0x1b, 0xff, 0xee, 0xbf, 0xff, 0xa0, 
  0xff, 0x87, 0xfd, 0x4f, 0xc0, 0x96, 0x06, 0xff, 0xe0, 0x28, 0x02, 0xa0, 0x97, 0xff, 0xef, 0x3b, 0xfd, 0x80, 
  0xc3, 0x13, 0xf8, 0xff, 0x47, 0x9c, 0x70, 0x7f, 0xf8, 0x42, 0x0f, 0xc4, 0x1f, 0xff, 0xeb, 0x5b, 0xff, 0xa0, 
  0x83, 0xab, 0x7d, 0xf7, 0xc5, 0xfe, 0xf8, 0x3f, 0xfd, 0xa0, 0x0f, 0x80, 0x3f, 0xff, 0xeb, 0xbb, 0xff, 0x80, 
  0xa9, 0x13, 0xdf, 0xe5, 0x47, 0xfc, 0xbc, 0x7f, 0xfe, 0x00, 0x0f, 0x10, 0x7f, 0xff, 0xfb, 0xba, 0xff, 0xa0, 
  0x01, 0x07, 0xff, 0xd2, 0xcf, 0xfc, 0xfe, 0xff, 0xfe, 0x00, 0x0e, 0x00, 0xff, 0xff, 0xfa, 0xfa, 0x7d, 0x80, 
  0x11, 0x67, 0xfc, 0x47, 0xef, 0xdd, 0xff, 0xff, 0xf8, 0x00, 0x16, 0x01, 0xff, 0xff, 0xfb, 0xfb, 0x7f, 0xa0, 
  0x43, 0x8f, 0xf9, 0x6a, 0xff, 0xbf, 0xff, 0x3f, 0xf1, 0x00, 0x3d, 0x21, 0xff, 0xff, 0xfb, 0x7a, 0x7f, 0xc0, 
  0x03, 0x9f, 0x1b, 0x57, 0xff, 0xff, 0xff, 0x7f, 0xe6, 0x30, 0x28, 0x07, 0xff, 0xff, 0xfe, 0x3a, 0x7f, 0xa0, 
  0x93, 0xff, 0x0e, 0x47, 0xff, 0xf7, 0xff, 0x7f, 0xce, 0x74, 0x48, 0x07, 0xff, 0xff, 0xff, 0xbb, 0x7f, 0xc0, 
  0x47, 0xfe, 0x08, 0xef, 0xff, 0xf3, 0xff, 0xff, 0xdc, 0xe7, 0x10, 0x1f, 0xff, 0xff, 0xff, 0xaa, 0x7d, 0xe0, 
  0x8f, 0xd6, 0x4a, 0xff, 0xff, 0xfb, 0xff, 0xff, 0x3f, 0xca, 0x10, 0x3f, 0xff, 0xff, 0xdf, 0x2e, 0x59, 0xe0, 
  0xff, 0xab, 0x0d, 0xe7, 0xff, 0xf3, 0xff, 0xfe, 0xff, 0xc0, 0x9c, 0x7f, 0xff, 0xff, 0xdf, 0xaf, 0x7c, 0xe0, 
  0xf3, 0xfc, 0x1f, 0xc3, 0xff, 0xf7, 0xff, 0xff, 0xff, 0xef, 0x97, 0xd7, 0xff, 0xff, 0xff, 0xcf, 0x78, 0xf0, 
  0xc3, 0x57, 0x5f, 0xd7, 0xff, 0xf6, 0xff, 0xeb, 0xff, 0xc6, 0xc0, 0xad, 0xff, 0xff, 0xdf, 0xab, 0xdd, 0x70, 
};

const lv_img_dsc_t caramelldansen02 = {
  .header.cf = LV_IMG_CF_INDEXED_1BIT,
  .header.always_zero = 0,
  .header.reserved = 0,
  .header.w = 140,
  .header.h = 68,
  .data_size = 1232,
  .data = caramelldansen02_map,
};

#ifndef LV_ATTRIBUTE_MEM_ALIGN
#define LV_ATTRIBUTE_MEM_ALIGN
#endif

#ifndef LV_ATTRIBUTE_IMG_CARAMELLDANSEN03
#define LV_ATTRIBUTE_IMG_CARAMELLDANSEN03
#endif

const LV_ATTRIBUTE_MEM_ALIGN LV_ATTRIBUTE_LARGE_CONST LV_ATTRIBUTE_IMG_CARAMELLDANSEN03 uint8_t caramelldansen03_map[] = {
#if CONFIG_NICE_VIEW_WIDGET_INVERTED
        0xff, 0xff, 0xff, 0xff, /*Color of index 0*/
        0x00, 0x00, 0x00, 0xff, /*Color of index 1*/
#else
        0x00, 0x00, 0x00, 0xff, /*Color of index 0*/
        0xff, 0xff, 0xff, 0xff, /*Color of index 1*/
#endif

  0xff, 0xd7, 0xbf, 0xfb, 0xff, 0xf2, 0xff, 0xfe, 0xfc, 0x21, 0xf4, 0x93, 0xff, 0xff, 0xff, 0xfe, 0xff, 0xf0, 
  0xff, 0x8f, 0xaf, 0xf7, 0xff, 0xf2, 0x7f, 0xde, 0xfc, 0x05, 0xf2, 0xa7, 0xff, 0xff, 0xff, 0xfe, 0xff, 0xf0, 
  0xff, 0x73, 0x4f, 0xf7, 0xff, 0xff, 0x3f, 0xdf, 0xf8, 0x10, 0xf4, 0x57, 0xff, 0xff, 0xff, 0xfe, 0xff, 0xf0, 
  0xff, 0xbf, 0xdf, 0xff, 0xff, 0xff, 0x9f, 0xff, 0xf0, 0x28, 0x56, 0x95, 0xff, 0xff, 0xef, 0xfc, 0xff, 0xf0, 
  0xfe, 0x1f, 0x9f, 0xbf, 0xff, 0xf3, 0x1f, 0x7f, 0xf8, 0x72, 0x14, 0xa6, 0xff, 0xff, 0xef, 0xbe, 0xff, 0xf0, 
  0xf0, 0x0f, 0x3f, 0xff, 0xff, 0xf2, 0x4f, 0x7f, 0xfd, 0x75, 0x1f, 0xff, 0xff, 0xff, 0xff, 0xfd, 0xfb, 0xf0, 
  0xc0, 0x8e, 0xff, 0xff, 0xff, 0xfa, 0xaf, 0x7f, 0xfa, 0x58, 0x44, 0xbf, 0xff, 0xff, 0xef, 0xbf, 0xfb, 0xf0, 
  0xea, 0x2d, 0xbf, 0xff, 0xff, 0xf3, 0x27, 0xff, 0xf0, 0x28, 0x27, 0xe7, 0xff, 0xff, 0xff, 0xff, 0xf3, 0xf0, 
  0xe0, 0x8b, 0x3f, 0xff, 0xff, 0xfa, 0x8b, 0xbf, 0xe0, 0x2d, 0x07, 0xff, 0xff, 0xff, 0xfb, 0xbf, 0xdd, 0xf0, 
  0xe4, 0x0e, 0x7f, 0xff, 0xfc, 0xf2, 0x2b, 0x1f, 0xc0, 0x1a, 0x4b, 0xff, 0xff, 0xff, 0xfb, 0xfe, 0xd1, 0xf0, 
  0xe0, 0x0c, 0xff, 0xff, 0xfe, 0xfb, 0x55, 0x4f, 0x80, 0x04, 0x11, 0xff, 0xff, 0xff, 0xff, 0xfe, 0xb6, 0xf0, 
  0xe1, 0x0f, 0xff, 0xff, 0xfe, 0xeb, 0x92, 0xe7, 0x00, 0x03, 0x41, 0xff, 0xff, 0xff, 0xfb, 0xfa, 0xcd, 0xb0, 
  0xe0, 0x0b, 0xff, 0xff, 0xfe, 0xe1, 0x65, 0x72, 0x00, 0x0a, 0x84, 0xff, 0xff, 0xff, 0xff, 0xfa, 0xd1, 0xf0, 
  0xe4, 0x0d, 0xff, 0xff, 0xbe, 0xed, 0x8a, 0x39, 0xc0, 0x04, 0x92, 0x5f, 0xff, 0xff, 0xff, 0xfa, 0xbb, 0xf0, 
  0x60, 0x4d, 0xff, 0xff, 0x1f, 0xe1, 0x95, 0xf8, 0x20, 0x19, 0x68, 0x27, 0xff, 0xff, 0xfe, 0xfa, 0xdb, 0xf0, 
  0xc1, 0x0d, 0xff, 0xfe, 0x1f, 0xe1, 0xd6, 0x00, 0x1d, 0x7f, 0xa0, 0x89, 0xff, 0xff, 0xfa, 0xfa, 0xb3, 0xf0, 
  0xc4, 0x0d, 0xff, 0xfe, 0x04, 0xfa, 0xf0, 0xc1, 0x00, 0x80, 0x52, 0x3a, 0x7f, 0xff, 0xfa, 0xf6, 0xdf, 0xf0, 
  0xe0, 0x4f, 0xff, 0xfc, 0x8e, 0x92, 0xcf, 0x00, 0x00, 0x00, 0x08, 0x86, 0xbf, 0xff, 0xfe, 0xf6, 0xff, 0xf0, 
  0x80, 0x1f, 0xff, 0xf9, 0x2a, 0xd1, 0x1e, 0x00, 0x08, 0x08, 0x02, 0x09, 0x5f, 0xff, 0xfa, 0xff, 0xff, 0xb0, 
  0x8b, 0xfb, 0xff, 0xf0, 0x00, 0xd4, 0x7e, 0x00, 0x00, 0x00, 0x00, 0xa0, 0x6f, 0xff, 0xba, 0xff, 0xff, 0x30, 
  0x51, 0xf9, 0xff, 0xf6, 0x81, 0x9b, 0xfc, 0x00, 0x02, 0xa1, 0x50, 0x0e, 0x07, 0xff, 0xfb, 0xff, 0xff, 0x50, 
  0x05, 0xf7, 0xff, 0xe0, 0x20, 0xff, 0xf8, 0x00, 0x04, 0x4a, 0x08, 0x80, 0x87, 0xff, 0xbf, 0xff, 0xfb, 0x50, 
  0x11, 0xf7, 0xff, 0xe8, 0x00, 0x7c, 0x10, 0x00, 0x11, 0x02, 0xa4, 0x20, 0x57, 0xff, 0xff, 0x8f, 0xff, 0x50, 
  0x40, 0xf7, 0xff, 0xc2, 0x80, 0x00, 0x00, 0x00, 0x08, 0x11, 0x06, 0x80, 0x07, 0xff, 0xff, 0xbf, 0xff, 0x50, 
  0xa4, 0xe7, 0xff, 0xc0, 0x00, 0x00, 0x00, 0x00, 0xa2, 0x7f, 0x49, 0xa0, 0x27, 0xff, 0xef, 0xef, 0xfb, 0x50, 
  0x08, 0xff, 0xff, 0x94, 0x00, 0x00, 0x00, 0x01, 0x08, 0xbf, 0x94, 0x48, 0x83, 0xff, 0xdf, 0x9d, 0xfe, 0x50, 
  0x00, 0xd7, 0xff, 0x80, 0x00, 0x00, 0x00, 0x03, 0x82, 0xbf, 0x40, 0x22, 0x09, 0xff, 0xef, 0xaf, 0xff, 0x90, 
  0xa0, 0x7f, 0xff, 0x40, 0x00, 0x00, 0x00, 0x02, 0x28, 0xff, 0x05, 0x02, 0x25, 0xff, 0xdf, 0xef, 0xfb, 0x50, 
  0x04, 0xfb, 0xff, 0x00, 0x00, 0x00, 0x00, 0x04, 0x00, 0x5f, 0x52, 0x50, 0x93, 0xff, 0xff, 0xdf, 0xff, 0xb0, 
  0x00, 0x7f, 0xfb, 0x00, 0x00, 0x00, 0x00, 0x7e, 0x82, 0x1e, 0x08, 0x00, 0x01, 0xff, 0xff, 0xff, 0xff, 0x30, 
  0x90, 0x7f, 0xff, 0x40, 0x00, 0x00, 0x03, 0xfc, 0x7c, 0x80, 0x02, 0x9c, 0x31, 0xff, 0xfd, 0xff, 0xff, 0x70, 
  0x00, 0xfd, 0xfe, 0x00, 0x00, 0x00, 0x07, 0xfc, 0xf0, 0x21, 0x40, 0x21, 0x03, 0xff, 0xcd, 0xbf, 0xff, 0xf0, 
  0x00, 0xff, 0xfe, 0x00, 0x00, 0x00, 0x0f, 0xe1, 0x52, 0x88, 0x10, 0x24, 0x0b, 0xff, 0xdd, 0x8e, 0x9f, 0xf0, 
  0x80, 0xff, 0xfe, 0x00, 0x00, 0x00, 0x1f, 0x85, 0x51, 0x00, 0x00, 0xc0, 0x41, 0xff, 0xed, 0xbf, 0x9f, 0x30, 
  0x00, 0xdf, 0x7b, 0x00, 0x00, 0x03, 0xde, 0x04, 0xb0, 0x20, 0x01, 0x11, 0x01, 0xff, 0xfd, 0xae, 0xdf, 0x30, 
  0xd5, 0x5f, 0xfd, 0x00, 0x00, 0x1f, 0xfc, 0x01, 0xd0, 0x02, 0x0a, 0x60, 0x51, 0xff, 0xfd, 0x9a, 0x97, 0x50, 
  0x00, 0xdd, 0xfc, 0xc0, 0x00, 0x3f, 0xfc, 0x01, 0x38, 0x01, 0x40, 0x80, 0x01, 0xff, 0xfd, 0xae, 0x9e, 0x90, 
  0x01, 0x7f, 0xfd, 0x40, 0x00, 0x7f, 0xfe, 0x08, 0xec, 0x19, 0x01, 0x02, 0x0b, 0xff, 0xef, 0xde, 0xde, 0x50, 
  0xa9, 0xd7, 0xff, 0xc0, 0x00, 0x7f, 0xff, 0x9e, 0x30, 0x7f, 0x92, 0x20, 0x23, 0xff, 0xef, 0xff, 0x9f, 0x10, 
  0x81, 0x6f, 0xff, 0xe0, 0x00, 0x7f, 0xff, 0xfe, 0x00, 0x5f, 0x86, 0x28, 0x07, 0xff, 0xef, 0xfe, 0x9e, 0x90, 
  0x83, 0xb7, 0xfe, 0x7c, 0x00, 0x7f, 0xdf, 0xc1, 0x02, 0x5f, 0x80, 0x00, 0x07, 0xff, 0xf7, 0xfe, 0x9e, 0x50, 
  0xf7, 0xd5, 0x9c, 0x7f, 0x00, 0x77, 0x8e, 0x01, 0x00, 0x77, 0x88, 0x60, 0x67, 0xff, 0xeb, 0xdf, 0xdb, 0x10, 
  0xff, 0xdd, 0x69, 0x57, 0xc0, 0x67, 0x00, 0x00, 0x00, 0x39, 0x85, 0xc0, 0x07, 0xff, 0x7f, 0xcf, 0xdf, 0x90, 
  0xff, 0xf1, 0xaa, 0x2b, 0xf0, 0x06, 0x00, 0x00, 0x02, 0x00, 0xba, 0x2b, 0x27, 0xff, 0xff, 0x67, 0xff, 0x50, 
  0xff, 0xbf, 0x58, 0x7f, 0x7c, 0x06, 0x00, 0x00, 0x40, 0x00, 0x00, 0x04, 0x8f, 0xff, 0x4f, 0xda, 0xff, 0x10, 
  0xff, 0xae, 0xa8, 0x6f, 0xff, 0x02, 0x00, 0x00, 0x00, 0x80, 0x00, 0x00, 0x0f, 0xff, 0xdf, 0xc7, 0xff, 0xb0, 
  0xff, 0xd9, 0x6a, 0x5f, 0x64, 0x42, 0x08, 0x00, 0x10, 0x00, 0xf0, 0x05, 0x6f, 0xff, 0xeb, 0xea, 0xff, 0xf0, 
  0xff, 0xb3, 0xdc, 0xff, 0x44, 0x62, 0x1c, 0x00, 0x04, 0x16, 0x80, 0x80, 0x0f, 0xfe, 0xed, 0xd5, 0xff, 0xf0, 
  0xff, 0xef, 0x1f, 0xe2, 0xd2, 0x7c, 0x7e, 0x00, 0x03, 0x0d, 0x01, 0xa0, 0x0f, 0xfe, 0xfd, 0xfe, 0xff, 0xf0, 
  0xff, 0x97, 0xfe, 0x71, 0x64, 0xff, 0x1f, 0x00, 0x01, 0x32, 0x13, 0x85, 0x2f, 0xff, 0x79, 0xfb, 0xff, 0xf0, 
  0xff, 0xef, 0xfd, 0x43, 0xe4, 0xd2, 0xc7, 0xc0, 0x00, 0x48, 0x42, 0xc0, 0xff, 0xff, 0xdd, 0xbe, 0xff, 0x70, 
  0xff, 0xff, 0xfd, 0x51, 0xa7, 0xdc, 0xe0, 0x00, 0x00, 0xb0, 0x02, 0x67, 0xff, 0xff, 0xdd, 0x9f, 0xff, 0xf0, 
  0xff, 0xff, 0x6c, 0x42, 0x7e, 0x92, 0xac, 0x40, 0x00, 0x40, 0x09, 0xbf, 0xff, 0xff, 0xed, 0xaf, 0xff, 0xf0, 
  0xff, 0xe3, 0xf9, 0x55, 0x76, 0xcb, 0xcb, 0xc8, 0x01, 0x48, 0x32, 0xd7, 0xff, 0xff, 0xd7, 0xaf, 0xff, 0x70, 
  0xff, 0xc9, 0xfa, 0x47, 0xe2, 0x97, 0xc0, 0xce, 0x00, 0x82, 0x20, 0x27, 0xff, 0xff, 0xf7, 0xcf, 0xff, 0xd0, 
  0xf3, 0xab, 0x5d, 0x7b, 0xa5, 0x9e, 0xc6, 0x0f, 0x01, 0x20, 0x55, 0x3f, 0xff, 0xff, 0xf5, 0x9e, 0xff, 0x60, 
  0xc1, 0xc1, 0xfc, 0xff, 0x06, 0xfe, 0xff, 0x1f, 0x82, 0x00, 0x00, 0x3f, 0xff, 0xff, 0xd5, 0xec, 0xff, 0xb0, 
  0x80, 0x0b, 0xff, 0xe3, 0x67, 0xfe, 0x7f, 0x9f, 0xc4, 0x05, 0x10, 0xff, 0xff, 0xff, 0xdd, 0xfe, 0xbf, 0xd0, 
  0x94, 0x93, 0xdf, 0xe3, 0xc7, 0xdc, 0xff, 0xdf, 0xe4, 0x88, 0x41, 0xff, 0xff, 0xff, 0xdc, 0xee, 0x9f, 0x70, 
  0x80, 0x63, 0xfe, 0x5b, 0x6f, 0xfe, 0xff, 0xff, 0xf0, 0x16, 0x01, 0xff, 0xff, 0xff, 0xdd, 0xb4, 0xdf, 0xb0, 
  0x81, 0x87, 0xfd, 0x42, 0xff, 0xdf, 0xbf, 0x5f, 0xfc, 0x3d, 0x03, 0xbf, 0xff, 0xff, 0xdd, 0xbe, 0x9f, 0x50, 
  0x29, 0xcf, 0x8d, 0x53, 0xff, 0xff, 0xff, 0x5f, 0xf8, 0x28, 0x07, 0xff, 0xff, 0xff, 0xff, 0x5e, 0x97, 0xf0, 
  0x81, 0xff, 0x0a, 0xa7, 0xff, 0xfb, 0xff, 0x7f, 0xf9, 0x58, 0x0f, 0xff, 0xff, 0xff, 0xff, 0x9e, 0xdf, 0xf0, 
  0x83, 0xff, 0x0d, 0x6f, 0xff, 0xf3, 0xff, 0xff, 0xf9, 0x90, 0x0f, 0xff, 0xff, 0xff, 0xff, 0xd6, 0x9f, 0x70, 
  0xc7, 0xea, 0xa2, 0x7f, 0xff, 0xf3, 0xff, 0xff, 0xf9, 0xc0, 0x2f, 0xff, 0xff, 0xff, 0xef, 0x97, 0x9f, 0x30, 
  0xfd, 0xf6, 0x0c, 0xf3, 0xff, 0xfb, 0xff, 0xff, 0xfb, 0xc0, 0x66, 0xaf, 0xff, 0xff, 0xef, 0xb3, 0x96, 0xb0, 
  0xfb, 0xae, 0x0d, 0xe3, 0xff, 0xf3, 0xff, 0xfb, 0xfb, 0xe1, 0xea, 0xd7, 0xff, 0xff, 0xef, 0xe1, 0x9e, 0x30, 
  0xa1, 0xaa, 0xaf, 0x6b, 0xff, 0xf6, 0xbf, 0xef, 0xfb, 0xf5, 0x20, 0xaa, 0xff, 0xff, 0xff, 0xb6, 0xd6, 0x90, 
};

const lv_img_dsc_t caramelldansen03 = {
  .header.cf = LV_IMG_CF_INDEXED_1BIT,
  .header.always_zero = 0,
  .header.reserved = 0,
  .header.w = 140,
  .header.h = 68,
  .data_size = 1232,
  .data = caramelldansen03_map,
};

#ifndef LV_ATTRIBUTE_IMG_CARAMELLDANSEN04
#define LV_ATTRIBUTE_IMG_CARAMELLDANSEN04
#endif

const LV_ATTRIBUTE_MEM_ALIGN LV_ATTRIBUTE_LARGE_CONST LV_ATTRIBUTE_IMG_CARAMELLDANSEN04 uint8_t caramelldansen04_map[] = {
#if CONFIG_NICE_VIEW_WIDGET_INVERTED
        0xff, 0xff, 0xff, 0xff, /*Color of index 0*/
        0x00, 0x00, 0x00, 0xff, /*Color of index 1*/
#else
        0x00, 0x00, 0x00, 0xff, /*Color of index 0*/
        0xff, 0xff, 0xff, 0xff, /*Color of index 1*/
#endif
  0xff, 0xeb, 0xfa, 0xff, 0xff, 0xf9, 0xef, 0xdf, 0xff, 0xc2, 0x1e, 0x2f, 0xff, 0xff, 0xff, 0xef, 0xdf, 0xf0, 
  0xff, 0xeb, 0xfc, 0xff, 0xff, 0xf9, 0xf7, 0xde, 0xff, 0x80, 0x5c, 0xbf, 0xff, 0xff, 0xff, 0xff, 0xaf, 0xf0, 
  0xff, 0xf1, 0xfd, 0xff, 0xff, 0xff, 0x73, 0xff, 0xff, 0x03, 0x04, 0xaf, 0xff, 0xff, 0xff, 0xff, 0xdf, 0xf0, 
  0xff, 0xc0, 0xf9, 0xff, 0xff, 0xff, 0xeb, 0xdf, 0xff, 0x06, 0x87, 0xbf, 0xff, 0xff, 0xff, 0xff, 0xdf, 0xf0, 
  0xfe, 0x04, 0xf7, 0xff, 0xff, 0xfb, 0xf5, 0x7f, 0xff, 0xaa, 0x28, 0x3f, 0xff, 0xff, 0xf7, 0xef, 0xdf, 0xf0, 
  0xfe, 0x20, 0xeb, 0xff, 0xff, 0xfa, 0xf1, 0x7f, 0xff, 0x8a, 0x11, 0xbf, 0xff, 0xff, 0xff, 0xff, 0x9f, 0xb0, 
  0xbf, 0x0a, 0xdb, 0xff, 0xff, 0xf8, 0xf5, 0x5f, 0xff, 0x0d, 0x42, 0xff, 0xff, 0xff, 0xf7, 0xff, 0xff, 0x30, 
  0xde, 0x40, 0xb7, 0xff, 0xff, 0xf9, 0x2a, 0x6f, 0xfe, 0x05, 0x84, 0xbf, 0xff, 0xff, 0xff, 0xef, 0xff, 0x50, 
  0xaf, 0x00, 0xef, 0xff, 0xff, 0xfa, 0xa1, 0x77, 0xfc, 0x02, 0x50, 0x7f, 0xff, 0xff, 0xff, 0xff, 0xfb, 0x50, 
  0xde, 0x00, 0xef, 0xff, 0xfe, 0x7f, 0xba, 0xb9, 0xf8, 0x01, 0xc1, 0x7f, 0xff, 0xff, 0xfd, 0xff, 0xd5, 0x10, 
  0xce, 0x00, 0xbf, 0xff, 0xff, 0x7f, 0xb4, 0x9c, 0xf0, 0x00, 0x14, 0x3f, 0xff, 0xff, 0xff, 0xff, 0xde, 0xd0, 
  0x8f, 0x10, 0xef, 0xff, 0xff, 0x7e, 0x32, 0xae, 0x60, 0x00, 0xa2, 0x9f, 0xff, 0xff, 0xfd, 0xfe, 0xd9, 0x50, 
  0x8e, 0x00, 0xef, 0xff, 0xfd, 0x7e, 0x39, 0x27, 0x00, 0x00, 0x50, 0x07, 0xff, 0xff, 0xff, 0xfe, 0x97, 0x10, 
  0xde, 0x04, 0x5f, 0xff, 0xf9, 0x7e, 0xdc, 0xab, 0x1c, 0x01, 0xac, 0xa9, 0xff, 0xff, 0xff, 0xff, 0x6c, 0xb0, 
  0x9c, 0x50, 0xdf, 0xff, 0xe1, 0xff, 0x1b, 0x7e, 0x02, 0x05, 0x54, 0x05, 0x3f, 0xff, 0xff, 0xbe, 0xdb, 0xb0, 
  0x1c, 0x00, 0xff, 0xff, 0xe1, 0xfe, 0x7c, 0x80, 0x20, 0xd5, 0x5b, 0x22, 0x4f, 0xff, 0xff, 0xde, 0x93, 0x30, 
  0xbe, 0x00, 0xff, 0xff, 0xc4, 0x7e, 0x9e, 0x18, 0x00, 0x00, 0x04, 0x08, 0xa7, 0xff, 0xfe, 0xbe, 0xdf, 0x70, 
  0x78, 0xbf, 0xbf, 0xff, 0x80, 0xdf, 0x28, 0xe0, 0x08, 0x00, 0x00, 0x45, 0x59, 0xff, 0xfd, 0x9e, 0xdf, 0xf0, 
  0x82, 0x3f, 0xdf, 0xff, 0x2a, 0x0e, 0xe3, 0xe0, 0x00, 0x00, 0x00, 0x10, 0xaa, 0xff, 0xfe, 0xbf, 0xff, 0xf0, 
  0x80, 0x1f, 0x3f, 0xff, 0x80, 0x2f, 0x8f, 0xc0, 0x00, 0x25, 0x41, 0x05, 0x02, 0xff, 0xfd, 0xbf, 0xff, 0xf0, 
  0xca, 0x9d, 0x7f, 0xfe, 0x01, 0x1f, 0x3f, 0x80, 0x00, 0x88, 0x14, 0x80, 0x40, 0x7f, 0xdd, 0xff, 0xff, 0xf0, 
  0xd0, 0x4f, 0x7f, 0xfc, 0x28, 0x0f, 0xff, 0x80, 0x02, 0x40, 0x28, 0xb0, 0x94, 0x7f, 0xff, 0xff, 0xff, 0xb0, 
  0xe2, 0x0f, 0x7f, 0xfc, 0x90, 0x07, 0x00, 0x00, 0x00, 0x11, 0x21, 0x44, 0x09, 0x7f, 0xff, 0xfb, 0xff, 0xf0, 
  0xe4, 0xae, 0xff, 0xf8, 0x40, 0x00, 0x00, 0x00, 0x0a, 0x87, 0x72, 0xa8, 0x20, 0x7f, 0xff, 0xeb, 0xff, 0xe0, 
  0xe0, 0x0e, 0xff, 0xf8, 0x00, 0x00, 0x00, 0x00, 0x10, 0x2b, 0xf8, 0x28, 0x02, 0x7f, 0xff, 0xeb, 0xff, 0xf0, 
  0x60, 0x07, 0x7f, 0xf5, 0x00, 0x00, 0x00, 0x00, 0x12, 0x8f, 0xf0, 0x82, 0x08, 0xbf, 0xf7, 0xeb, 0xff, 0xf0, 
  0xe0, 0x0f, 0xff, 0xf0, 0x00, 0x00, 0x00, 0x00, 0x24, 0x2b, 0xf2, 0x04, 0x92, 0x1f, 0xef, 0xeb, 0xff, 0xe0, 
  0xe2, 0x07, 0xff, 0xf0, 0x00, 0x00, 0x00, 0x00, 0x60, 0x0b, 0xf4, 0x51, 0x04, 0x1f, 0xff, 0xfb, 0xff, 0xf0, 
  0xe0, 0x47, 0xbf, 0xa0, 0x00, 0x00, 0x00, 0x00, 0x50, 0xa7, 0xe0, 0xa0, 0x41, 0x3f, 0xff, 0xeb, 0xff, 0xf0, 
  0x48, 0x0f, 0xff, 0xe0, 0x00, 0x00, 0x00, 0x0f, 0xc7, 0x00, 0x41, 0x02, 0x10, 0x9f, 0xff, 0xff, 0xff, 0xf0, 
  0xc1, 0x07, 0xdf, 0xe2, 0x00, 0x00, 0x00, 0x7f, 0xcf, 0xa8, 0x04, 0x05, 0x02, 0x1f, 0xff, 0xff, 0xff, 0xf0, 
  0xc0, 0x0f, 0xfb, 0xa0, 0x00, 0x00, 0x00, 0xff, 0x9a, 0x02, 0x00, 0x2a, 0x00, 0x3f, 0xad, 0x6f, 0xff, 0xf0, 
  0x80, 0x0f, 0xef, 0xe0, 0x00, 0x00, 0x01, 0xfc, 0x2a, 0x20, 0x80, 0x08, 0x84, 0x3f, 0xef, 0x6b, 0xfb, 0xf0, 
  0xf8, 0x1d, 0xfe, 0xb0, 0x00, 0x00, 0x01, 0xf0, 0x17, 0x48, 0x00, 0x12, 0x10, 0x1f, 0xed, 0x6b, 0xd3, 0xf0, 
  0xe5, 0x7f, 0xbf, 0x20, 0x00, 0x00, 0xfb, 0xc0, 0xac, 0x00, 0x08, 0x25, 0x21, 0x1f, 0xf6, 0x6b, 0xd1, 0xf0, 
  0xe0, 0x2f, 0xfe, 0xd0, 0x00, 0x03, 0xff, 0x80, 0x1b, 0x00, 0x20, 0x48, 0x00, 0x1f, 0xff, 0x6b, 0xb5, 0xb0, 
  0xe0, 0x3b, 0xfe, 0x98, 0x00, 0x07, 0xff, 0x80, 0x15, 0xa1, 0xb1, 0x10, 0x0a, 0x1f, 0xff, 0xeb, 0xd9, 0xe0, 
  0xe2, 0xbc, 0xbf, 0x30, 0x00, 0x07, 0xff, 0xc3, 0x4f, 0x87, 0x34, 0x20, 0x80, 0x3f, 0xff, 0xef, 0xd1, 0xe0, 
  0xe8, 0x77, 0xff, 0x7c, 0x00, 0x0f, 0xff, 0xf9, 0xc0, 0x05, 0xf8, 0x42, 0x00, 0x7f, 0xf7, 0xfb, 0xd5, 0xf0, 
  0xe0, 0x7b, 0xbf, 0xff, 0x00, 0x0f, 0xff, 0xfe, 0x60, 0x0b, 0xf8, 0x84, 0x00, 0x7f, 0xf3, 0xfd, 0xd9, 0xe0, 
  0xe0, 0x7b, 0xbf, 0x7f, 0xe0, 0x07, 0xfb, 0xf8, 0x20, 0x26, 0xf8, 0xa2, 0x02, 0x7f, 0xf5, 0xff, 0x50, 0xe0, 
  0xf9, 0xfe, 0x3f, 0x1b, 0xf8, 0x0e, 0xf1, 0xc0, 0x10, 0x05, 0x70, 0x09, 0x04, 0x3f, 0xff, 0xdb, 0xfb, 0xf0, 
  0xff, 0xff, 0x46, 0x15, 0xfe, 0x0c, 0xe0, 0x00, 0x00, 0x01, 0x12, 0xb0, 0x10, 0x7e, 0xff, 0xfb, 0xfb, 0xf0, 
  0xff, 0xf7, 0xf6, 0x5f, 0xff, 0x80, 0xc0, 0x00, 0x00, 0x00, 0x05, 0x46, 0x48, 0x7f, 0xbf, 0xfa, 0xff, 0xf0, 
  0xff, 0xe9, 0x8a, 0x93, 0xff, 0xe0, 0x40, 0x00, 0x00, 0x40, 0x00, 0x00, 0x81, 0xff, 0xb7, 0xf2, 0xff, 0xf0, 
  0xff, 0xfb, 0x3a, 0x19, 0xff, 0x70, 0x40, 0x00, 0x02, 0x00, 0x08, 0x00, 0x23, 0xff, 0xef, 0xfb, 0xdf, 0xf0, 
  0xff, 0xf6, 0xd6, 0x37, 0xf2, 0x78, 0x41, 0x80, 0x00, 0x08, 0x5d, 0x02, 0x0b, 0xfe, 0xf7, 0xea, 0xbf, 0xf0, 
  0xff, 0xec, 0xa6, 0xbf, 0x22, 0xbb, 0x47, 0x80, 0x00, 0x60, 0xb0, 0x10, 0x81, 0xff, 0xf4, 0xfa, 0xdf, 0xf0, 
  0xff, 0xd3, 0xef, 0x5b, 0xe9, 0x3f, 0xc7, 0xc0, 0x00, 0x61, 0xa0, 0x28, 0x23, 0xff, 0xbd, 0x7b, 0x5f, 0xf0, 
  0xff, 0xed, 0xdf, 0xf1, 0xd2, 0x7f, 0x71, 0xf0, 0x00, 0x13, 0x42, 0x30, 0x09, 0xff, 0xbe, 0x6e, 0xff, 0xf0, 
  0xff, 0xf5, 0xfb, 0x14, 0xb3, 0x7b, 0x6c, 0x78, 0x00, 0x04, 0x00, 0x68, 0x03, 0xff, 0xef, 0x6f, 0xdf, 0xf0, 
  0xff, 0xff, 0xfe, 0x11, 0xe3, 0xc8, 0x6e, 0x00, 0x00, 0x0b, 0x28, 0x59, 0x7f, 0xff, 0xee, 0xd7, 0xbf, 0xf0, 
  0xff, 0xff, 0xef, 0x44, 0xff, 0xcb, 0x7f, 0xdf, 0x00, 0x04, 0x01, 0x57, 0xff, 0xff, 0xeb, 0x6b, 0xff, 0xf0, 
  0xff, 0xfd, 0xfe, 0x91, 0xdb, 0x6a, 0xff, 0x9f, 0x80, 0x18, 0x00, 0xb4, 0xff, 0xff, 0xeb, 0xeb, 0xff, 0xf0, 
  0xff, 0xf0, 0xfa, 0x51, 0x33, 0xcb, 0xff, 0x03, 0x00, 0x10, 0x06, 0x0d, 0xff, 0xff, 0xfb, 0xeb, 0xff, 0xf0, 
  0xfe, 0xea, 0xdf, 0x3b, 0xf1, 0x4f, 0x7f, 0x00, 0x20, 0x20, 0x80, 0x43, 0xff, 0xff, 0xfa, 0xeb, 0xbf, 0xf0, 
  0xf8, 0x6a, 0x76, 0xbf, 0xb2, 0xdf, 0x7f, 0xfc, 0x30, 0x24, 0x01, 0x0f, 0xff, 0xff, 0xfb, 0x6b, 0xdf, 0xf0, 
  0xf0, 0x20, 0xff, 0x71, 0xa9, 0xfe, 0x7f, 0x3e, 0x3c, 0x40, 0x90, 0x1f, 0xff, 0xff, 0xef, 0x7b, 0x9f, 0xf0, 
  0xe1, 0x0a, 0xaf, 0xf4, 0xe3, 0xfe, 0x7f, 0xff, 0x7c, 0x11, 0xc0, 0x17, 0xff, 0xff, 0xee, 0x7b, 0xd3, 0xf0, 
  0xe8, 0x34, 0xff, 0xb9, 0xb7, 0xee, 0xff, 0xdf, 0xff, 0x41, 0x44, 0x3f, 0xff, 0xff, 0xef, 0xaf, 0xd3, 0xf0, 
  0xe0, 0x41, 0xff, 0x15, 0xff, 0xff, 0xff, 0xbf, 0xff, 0x82, 0xa0, 0x7f, 0xff, 0xff, 0xff, 0x6e, 0x91, 0xf0, 
  0xe2, 0x61, 0xe6, 0xe9, 0xbf, 0xef, 0xff, 0xdf, 0xff, 0x85, 0x00, 0xff, 0xff, 0xff, 0xff, 0xd7, 0xd5, 0xf0, 
  0xe8, 0x7f, 0xc3, 0x11, 0xff, 0xdf, 0xff, 0x3f, 0xff, 0xa5, 0x01, 0xff, 0xff, 0xff, 0xff, 0xeb, 0xd1, 0xf0, 
  0xe0, 0x7f, 0xd2, 0xd3, 0xff, 0xf9, 0x7f, 0xff, 0xff, 0xbb, 0x01, 0xbf, 0xff, 0xff, 0xff, 0xea, 0xd5, 0xf0, 
  0xe0, 0xfd, 0x81, 0x3f, 0xff, 0xf9, 0xff, 0xff, 0xff, 0xb8, 0x84, 0xff, 0xff, 0xff, 0xff, 0xe4, 0xd9, 0x70, 
  0xfb, 0xfa, 0xa2, 0xbf, 0xff, 0xf9, 0xff, 0xfd, 0xff, 0xbc, 0x00, 0x5f, 0xff, 0xff, 0xf7, 0xfa, 0x71, 0xf0, 
  0xff, 0xff, 0x8b, 0x79, 0xff, 0xfb, 0xff, 0xff, 0xff, 0xbc, 0x19, 0xb7, 0xff, 0xff, 0xff, 0xf8, 0xf5, 0xe0, 
  0x6c, 0xb2, 0xc3, 0xf0, 0xff, 0xfb, 0x7f, 0xff, 0xff, 0xbe, 0x10, 0x57, 0xff, 0xff, 0xf7, 0xda, 0x5b, 0x70, 
};

const lv_img_dsc_t caramelldansen04 = {
  .header.cf = LV_IMG_CF_INDEXED_1BIT,
  .header.always_zero = 0,
  .header.reserved = 0,
  .header.w = 140,
  .header.h = 68,
  .data_size = 1232,
  .data = caramelldansen04_map,
};

#ifndef LV_ATTRIBUTE_IMG_CARAMELLDANSEN05
#define LV_ATTRIBUTE_IMG_CARAMELLDANSEN05
#endif

const LV_ATTRIBUTE_MEM_ALIGN LV_ATTRIBUTE_LARGE_CONST LV_ATTRIBUTE_IMG_CARAMELLDANSEN05 uint8_t caramelldansen05_map[] = {
#if CONFIG_NICE_VIEW_WIDGET_INVERTED
        0xff, 0xff, 0xff, 0xff, /*Color of index 0*/
        0x00, 0x00, 0x00, 0xff, /*Color of index 1*/
#else
        0x00, 0x00, 0x00, 0xff, /*Color of index 0*/
        0xff, 0xff, 0xff, 0xff, /*Color of index 1*/
#endif

  0xff, 0xfd, 0x7f, 0x93, 0xff, 0xfc, 0xff, 0xdf, 0xff, 0xff, 0xee, 0x3f, 0xff, 0xff, 0xff, 0xfb, 0xfb, 0xf0, 
  0xff, 0xfa, 0x7f, 0xf5, 0xff, 0xfd, 0xff, 0xde, 0xff, 0xff, 0xe0, 0x27, 0xff, 0xff, 0xff, 0xef, 0xf9, 0xf0, 
  0xff, 0xf9, 0xbf, 0xec, 0x7f, 0xff, 0xff, 0xff, 0xff, 0xff, 0xc2, 0x41, 0xff, 0xff, 0xff, 0xff, 0xfb, 0xf0, 
  0xff, 0xfa, 0x7f, 0xf9, 0xff, 0xff, 0xff, 0xff, 0xff, 0xff, 0xc0, 0x51, 0xff, 0xff, 0xff, 0xff, 0xfb, 0xf0, 
  0xff, 0xfa, 0xb9, 0xf3, 0xff, 0xfd, 0xfe, 0xbf, 0xff, 0xff, 0x85, 0xc4, 0xff, 0xff, 0xfb, 0xff, 0xfb, 0xf0, 
  0xff, 0xfe, 0x81, 0xe3, 0xff, 0xfc, 0x7f, 0x3f, 0xff, 0xff, 0x81, 0x60, 0x7f, 0xff, 0xfb, 0xfb, 0xfb, 0xf0, 
  0xff, 0xfc, 0x00, 0xdf, 0xff, 0xfc, 0xbf, 0xcf, 0xff, 0xff, 0xb1, 0x6a, 0x3f, 0xff, 0xff, 0xfb, 0xff, 0xf0, 
  0x3f, 0xfc, 0x29, 0xb7, 0xff, 0xfd, 0xbf, 0xb7, 0xff, 0xff, 0xc0, 0xb1, 0x1f, 0xff, 0xfb, 0xff, 0xff, 0xf0, 
  0x5f, 0xbe, 0x83, 0x67, 0xff, 0xfd, 0x7f, 0xab, 0xff, 0xff, 0x80, 0x58, 0x4f, 0xff, 0xff, 0x7b, 0xff, 0xa0, 
  0x5f, 0x5e, 0x10, 0xcf, 0xff, 0xff, 0xff, 0xc5, 0xfb, 0xff, 0x00, 0x21, 0x07, 0xff, 0xff, 0xff, 0xfb, 0x20, 
  0xff, 0xde, 0x41, 0x9f, 0xff, 0xff, 0xff, 0x9a, 0xfd, 0xfe, 0x00, 0x14, 0x17, 0xff, 0xff, 0x7f, 0xf9, 0xf0, 
  0xff, 0x5e, 0x01, 0xff, 0xff, 0xff, 0xff, 0xa4, 0x3e, 0x7c, 0x00, 0x0a, 0x43, 0xff, 0xff, 0xff, 0xd7, 0x60, 
  0xff, 0x9c, 0x01, 0xbf, 0xff, 0xff, 0xfe, 0xa5, 0xdf, 0x18, 0x00, 0x24, 0x29, 0xff, 0xff, 0x7f, 0xa9, 0xa0, 
  0xff, 0x9e, 0x02, 0x9f, 0xff, 0xfd, 0xfe, 0xe9, 0x2f, 0xc2, 0x00, 0x1a, 0x00, 0x7f, 0xff, 0xff, 0xda, 0xf0, 
  0xff, 0x1c, 0x52, 0xbf, 0xff, 0xf8, 0x7e, 0xea, 0x57, 0xc4, 0x80, 0x2b, 0x2a, 0x9f, 0xff, 0xef, 0xf5, 0xa0, 
  0xbf, 0x9c, 0x03, 0xbf, 0xff, 0xf2, 0xfd, 0x74, 0xb0, 0x10, 0xa8, 0xd6, 0x80, 0x27, 0xff, 0xef, 0xcb, 0x30, 
  0xff, 0x1c, 0x01, 0xbf, 0xff, 0xe8, 0xfe, 0xb1, 0xc2, 0x00, 0x13, 0x2a, 0x80, 0x89, 0xff, 0x6f, 0x9b, 0xf0, 
  0x77, 0x3d, 0x41, 0xff, 0xff, 0xe0, 0x7e, 0x3a, 0x1c, 0x00, 0x00, 0x00, 0x4a, 0x2a, 0x7f, 0xa7, 0xfb, 0xf0, 
  0xff, 0x78, 0x01, 0xbf, 0xff, 0xe2, 0x5e, 0x98, 0x78, 0x00, 0x00, 0x00, 0x20, 0x95, 0x3f, 0x6f, 0xff, 0xf0, 
  0xff, 0x78, 0x1e, 0xbf, 0xff, 0x88, 0x8d, 0x63, 0xf0, 0x00, 0x00, 0x00, 0x00, 0x02, 0x9f, 0x6f, 0xff, 0xf0, 
  0xff, 0x54, 0xbf, 0xbf, 0xff, 0x82, 0x0d, 0x0f, 0xf0, 0x00, 0x14, 0xa9, 0x02, 0xa8, 0x4f, 0xff, 0xff, 0xf0, 
  0xef, 0x81, 0x1a, 0xff, 0xff, 0xa8, 0x07, 0x7f, 0xe0, 0x00, 0x41, 0x04, 0x20, 0x00, 0x1f, 0xff, 0xff, 0xf0, 
  0xf7, 0xa2, 0x5a, 0xff, 0xff, 0x00, 0x01, 0x40, 0x40, 0x00, 0x14, 0x02, 0x58, 0xa2, 0x8f, 0xfa, 0xff, 0xf0, 
  0xfb, 0xc8, 0x0e, 0xff, 0xfe, 0x22, 0x00, 0x00, 0x00, 0x01, 0x00, 0x24, 0x84, 0x08, 0x07, 0xfb, 0x7f, 0xf0, 
  0xf7, 0xe4, 0x8e, 0xff, 0xfe, 0x08, 0x00, 0x00, 0x00, 0x02, 0x41, 0xee, 0x17, 0x00, 0x27, 0xfa, 0xff, 0xf0, 
  0xf5, 0xd1, 0x25, 0xff, 0xfd, 0x40, 0x00, 0x00, 0x00, 0x06, 0x15, 0x7e, 0x24, 0xa0, 0x83, 0xfd, 0x7f, 0xf0, 
  0xfd, 0xe0, 0x0c, 0xff, 0xfc, 0x00, 0x00, 0x00, 0x00, 0x0c, 0xa9, 0xfe, 0x81, 0x42, 0x2b, 0xfa, 0xff, 0xf0, 
  0xf1, 0xe4, 0x0e, 0xff, 0xfc, 0x00, 0x00, 0x00, 0x00, 0x08, 0x02, 0xfe, 0x08, 0x48, 0x03, 0xfa, 0xff, 0xf0, 
  0x71, 0xe0, 0x07, 0xff, 0xf8, 0x00, 0x00, 0x00, 0x00, 0x1a, 0x41, 0x7e, 0x20, 0x10, 0x17, 0xfb, 0x7f, 0xf0, 
  0xf0, 0xe0, 0x87, 0xff, 0xf8, 0x80, 0x00, 0x00, 0x01, 0xf1, 0x08, 0xfc, 0x92, 0x02, 0x67, 0xff, 0xff, 0xf0, 
  0xf1, 0xe0, 0x07, 0x7f, 0xd8, 0x00, 0x00, 0x00, 0x0f, 0xf8, 0xf2, 0x08, 0x44, 0xb0, 0x43, 0xff, 0xff, 0xf0, 
  0x71, 0xc4, 0x27, 0xff, 0xf8, 0x00, 0x00, 0x00, 0x1f, 0xf3, 0x50, 0x02, 0x00, 0xa0, 0x07, 0xbb, 0xff, 0xf0, 
  0xe2, 0xd0, 0x07, 0xbf, 0xf0, 0x00, 0x00, 0x00, 0x3f, 0x83, 0x4a, 0xa0, 0x00, 0x42, 0x03, 0x9a, 0xff, 0xf0, 
  0xeb, 0xc0, 0x87, 0xbf, 0xf1, 0x00, 0x00, 0x00, 0x7e, 0x14, 0xc4, 0x00, 0x01, 0x10, 0x07, 0xbb, 0x7b, 0x30, 
  0xff, 0x80, 0x0f, 0xff, 0xf4, 0x00, 0x00, 0x7f, 0x78, 0x03, 0x40, 0x00, 0x43, 0x00, 0x43, 0xda, 0xfb, 0x30, 
  0xf8, 0x14, 0x0b, 0xff, 0x78, 0x00, 0x01, 0xff, 0xf0, 0x16, 0xa0, 0x02, 0x08, 0x40, 0x03, 0x99, 0x7a, 0xb0, 
  0xf8, 0x0f, 0xff, 0xb8, 0xfc, 0x00, 0x03, 0xff, 0xe0, 0x02, 0xc0, 0x0c, 0x06, 0x92, 0x47, 0xfa, 0xfa, 0x10, 
  0xf8, 0x4b, 0x3b, 0xec, 0xfe, 0x00, 0x03, 0xff, 0xf0, 0x41, 0xb0, 0x26, 0x48, 0x00, 0x03, 0xfb, 0x76, 0x90, 
  0xfd, 0x0c, 0x7b, 0xff, 0xfe, 0x00, 0x03, 0xff, 0xfe, 0xf8, 0xf0, 0xe7, 0x04, 0x00, 0x0b, 0xfa, 0xfb, 0x30, 
  0xf8, 0x1b, 0xee, 0xff, 0xfe, 0x00, 0x07, 0xfe, 0xff, 0xb8, 0x01, 0x7e, 0x08, 0x50, 0x4f, 0xff, 0xf4, 0x90, 
  0xfc, 0x3e, 0xfd, 0xdf, 0xff, 0xc0, 0x07, 0x7e, 0x7f, 0x04, 0x01, 0x7f, 0x10, 0x80, 0x19, 0xff, 0xfb, 0x10, 
  0xfe, 0x3f, 0xf7, 0xce, 0xff, 0xf8, 0x07, 0x7c, 0x70, 0x04, 0x04, 0xfe, 0x14, 0x00, 0x8f, 0x7e, 0xff, 0x30, 
  0xff, 0xff, 0xfa, 0x2f, 0xff, 0xbe, 0x00, 0x78, 0x00, 0x00, 0x00, 0xbe, 0x41, 0xea, 0x0f, 0xfe, 0x7f, 0xb0, 
  0xff, 0xfe, 0x7c, 0x03, 0xff, 0xff, 0x80, 0x60, 0x00, 0x02, 0x00, 0x46, 0x06, 0x00, 0xaf, 0xfb, 0x7f, 0xf0, 
  0xff, 0xfd, 0xbd, 0xa6, 0xff, 0xfd, 0x70, 0x60, 0x00, 0x00, 0x24, 0x01, 0xb8, 0x02, 0x1b, 0xfe, 0x5f, 0xf0, 
  0xff, 0xfa, 0xaf, 0x8d, 0xff, 0xbd, 0x3c, 0x40, 0x00, 0x00, 0x00, 0x00, 0x00, 0x40, 0x57, 0xfd, 0x5b, 0xf0, 
  0xff, 0xfe, 0xb4, 0x0a, 0xfd, 0x9d, 0x3e, 0x40, 0x00, 0x00, 0x00, 0x02, 0x00, 0x08, 0x8b, 0xfe, 0x6b, 0xf0, 
  0xff, 0xfd, 0xba, 0x8f, 0xf9, 0x5e, 0xf7, 0x80, 0xe0, 0x00, 0x00, 0x1d, 0x41, 0x82, 0x1b, 0xbe, 0x5f, 0xf0, 
  0xff, 0xfa, 0x75, 0xfe, 0xf8, 0x3d, 0xf2, 0xe7, 0xf0, 0x00, 0x11, 0x64, 0x03, 0x20, 0x0b, 0x1e, 0xdb, 0xf0, 
  0xff, 0xfe, 0xf3, 0xfc, 0x79, 0x9f, 0xb2, 0xf9, 0xf8, 0x00, 0x0c, 0x28, 0x05, 0x00, 0x0f, 0xdf, 0xff, 0xf0, 
  0xff, 0xf9, 0xbf, 0xc8, 0x79, 0x7d, 0xb7, 0xdc, 0x3e, 0x00, 0x00, 0xd1, 0x05, 0x04, 0xf7, 0xbb, 0xfb, 0xf0, 
  0xff, 0xfe, 0xff, 0xaa, 0x79, 0xf5, 0x37, 0xdf, 0x02, 0x00, 0x01, 0xa0, 0x07, 0xdf, 0xff, 0x1a, 0xfb, 0xf0, 
  0xff, 0xff, 0xfd, 0x88, 0x7f, 0xe5, 0x3f, 0xff, 0x50, 0x80, 0x01, 0x00, 0x0a, 0xef, 0xf5, 0xda, 0xff, 0xf0, 
  0xff, 0xff, 0xf6, 0x84, 0xff, 0xa5, 0x7f, 0xfe, 0x7e, 0x60, 0x07, 0x00, 0xe5, 0x1f, 0xf9, 0xf9, 0x7f, 0xf0, 
  0xff, 0xfc, 0x3f, 0x28, 0xfd, 0xf5, 0xff, 0xfe, 0x06, 0x70, 0x04, 0x01, 0xc1, 0x5f, 0xfe, 0xfa, 0x7f, 0xf0, 
  0xff, 0xfc, 0xbf, 0x8c, 0xf8, 0xa7, 0xbf, 0xbc, 0x02, 0xf8, 0x0c, 0x23, 0x90, 0xff, 0xfe, 0xba, 0xf7, 0xf0, 
  0xff, 0x19, 0x1d, 0x0f, 0xd8, 0xef, 0x3f, 0xbf, 0xf0, 0xfc, 0x10, 0x86, 0x01, 0xff, 0xfe, 0xbb, 0x73, 0xf0, 
  0xfc, 0x0a, 0xbf, 0xfe, 0xe9, 0x7f, 0x7f, 0xbf, 0xf8, 0xfe, 0x10, 0x04, 0x41, 0xff, 0xf7, 0xde, 0x7b, 0xf0, 
  0xfc, 0x49, 0x3f, 0xfc, 0x79, 0xff, 0x3f, 0xff, 0xfc, 0xff, 0x00, 0x29, 0x03, 0xff, 0xf7, 0x9f, 0xfb, 0x70, 
  0xfd, 0x0c, 0x3f, 0xda, 0xa9, 0xf7, 0x7f, 0xff, 0xff, 0xff, 0xd0, 0x7c, 0x07, 0xff, 0xff, 0xab, 0xf2, 0x30, 
  0xf8, 0x09, 0x7f, 0xed, 0x7f, 0xff, 0xff, 0xff, 0xff, 0xff, 0xc0, 0x50, 0x0f, 0xff, 0xf7, 0xdb, 0xf8, 0xb0, 
  0xf8, 0x4a, 0x7b, 0xaa, 0x7f, 0xff, 0xff, 0x9f, 0xff, 0xff, 0xc0, 0xa0, 0x1f, 0xff, 0xff, 0xfa, 0xfb, 0x30, 
  0xfd, 0x1c, 0xf9, 0xa8, 0xff, 0xef, 0xff, 0xbf, 0xff, 0xff, 0xd9, 0x24, 0x3f, 0xff, 0xff, 0xfa, 0xfa, 0x30, 
  0xf8, 0x1f, 0xf0, 0xac, 0xff, 0xfc, 0xff, 0xff, 0xff, 0xff, 0x98, 0x40, 0x7f, 0xff, 0xff, 0xfa, 0xfa, 0x90, 
  0xfc, 0x3f, 0xe0, 0x4f, 0xff, 0xfc, 0xff, 0xff, 0xff, 0xff, 0x98, 0x40, 0xff, 0xff, 0xff, 0xfa, 0x9b, 0x50, 
  0xfc, 0x7d, 0x64, 0xaf, 0xff, 0xfc, 0xff, 0xff, 0xff, 0xff, 0x01, 0x11, 0xff, 0xff, 0xfb, 0xfa, 0x9f, 0x10, 
  0xff, 0xff, 0xa0, 0xdc, 0xff, 0xfd, 0xff, 0xff, 0xff, 0xff, 0xa4, 0x57, 0xff, 0xff, 0xfb, 0xff, 0x5f, 0xb0, 
  0xff, 0xbd, 0x69, 0xfe, 0x7f, 0xfd, 0xff, 0xfb, 0xff, 0xff, 0x9a, 0x2f, 0xff, 0xff, 0xfb, 0xde, 0x8b, 0x30, 
};

const lv_img_dsc_t caramelldansen05 = {
  .header.cf = LV_IMG_CF_INDEXED_1BIT,
  .header.always_zero = 0,
  .header.reserved = 0,
  .header.w = 140,
  .header.h = 68,
  .data_size = 1232,
  .data = caramelldansen05_map,
};

#ifndef LV_ATTRIBUTE_IMG_CARAMELLDANSEN06
#define LV_ATTRIBUTE_IMG_CARAMELLDANSEN06
#endif

const LV_ATTRIBUTE_MEM_ALIGN LV_ATTRIBUTE_LARGE_CONST LV_ATTRIBUTE_IMG_CARAMELLDANSEN06 uint8_t caramelldansen06_map[] = {
#if CONFIG_NICE_VIEW_WIDGET_INVERTED
        0xff, 0xff, 0xff, 0xff, /*Color of index 0*/
        0x00, 0x00, 0x00, 0xff, /*Color of index 1*/
#else
        0x00, 0x00, 0x00, 0xff, /*Color of index 0*/
        0xff, 0xff, 0xff, 0xff, /*Color of index 1*/
#endif

  0xff, 0xfe, 0xbf, 0xe7, 0x70, 0x5e, 0xff, 0xfe, 0xff, 0xff, 0xf5, 0x2d, 0xff, 0xff, 0xff, 0xfd, 0xfd, 0x70, 
  0xff, 0xfd, 0x5f, 0xfe, 0x53, 0xfe, 0xff, 0xff, 0xff, 0xff, 0xf4, 0x14, 0xff, 0xff, 0xff, 0xff, 0xf7, 0x70, 
  0xff, 0xfd, 0x59, 0xff, 0xd7, 0xff, 0xff, 0xef, 0xff, 0xff, 0xfe, 0xfe, 0xfe, 0xff, 0xff, 0xff, 0xfc, 0x70, 
  0xff, 0xfd, 0x56, 0xff, 0x97, 0xff, 0xff, 0xff, 0xff, 0xff, 0xf5, 0x24, 0xfc, 0x3f, 0xff, 0xff, 0xff, 0xf0, 
  0xff, 0xfe, 0x5f, 0xff, 0xb7, 0xff, 0xff, 0xbf, 0xff, 0xff, 0xea, 0x4a, 0x71, 0x1f, 0xfd, 0xff, 0xfe, 0x70, 
  0xff, 0xfe, 0x98, 0xff, 0x67, 0xfe, 0xbf, 0xbf, 0xff, 0xff, 0xfd, 0x9b, 0x38, 0x4f, 0xff, 0xfe, 0xf6, 0xf0, 
  0xff, 0xff, 0xbf, 0xff, 0xc7, 0xff, 0xbf, 0xff, 0xff, 0xff, 0xfd, 0xd4, 0x2a, 0x07, 0xfd, 0xff, 0xff, 0xf0, 
  0x0f, 0xff, 0x3f, 0xc3, 0x4f, 0xff, 0xbf, 0xff, 0xff, 0xff, 0xff, 0x30, 0x24, 0x93, 0xfb, 0xfd, 0xef, 0xf0, 
  0xaf, 0xff, 0xfc, 0x03, 0x5f, 0xff, 0xff, 0xff, 0xff, 0xff, 0xff, 0xc0, 0x16, 0x21, 0xff, 0xff, 0xff, 0xf0, 
  0x57, 0x1f, 0xf0, 0x2e, 0xff, 0xff, 0xff, 0xbb, 0xff, 0xff, 0xff, 0xc0, 0x0a, 0x85, 0xff, 0xbd, 0xfe, 0x60, 
  0x87, 0x6f, 0xf9, 0x0d, 0x9f, 0xff, 0xff, 0xf0, 0x3f, 0xff, 0xff, 0x80, 0x09, 0x08, 0xff, 0xff, 0xff, 0x50, 
  0x29, 0x5d, 0x78, 0x49, 0x9f, 0xff, 0xff, 0x9e, 0xcf, 0xfd, 0xff, 0x00, 0x04, 0xa0, 0x7f, 0xbf, 0xf5, 0x60, 
  0x53, 0xff, 0x7a, 0x8b, 0x7f, 0xff, 0xff, 0xfe, 0xb3, 0xfe, 0x7e, 0x00, 0x02, 0x42, 0x3f, 0xff, 0xf5, 0x50, 
  0xdf, 0xff, 0x78, 0x0e, 0x7f, 0xff, 0xff, 0xff, 0x24, 0xff, 0x8c, 0x00, 0x02, 0x29, 0x3f, 0xff, 0xf5, 0x70, 
  0xbf, 0xff, 0x78, 0x0a, 0xff, 0xff, 0xff, 0xff, 0x4b, 0x3f, 0xc1, 0x00, 0x0d, 0x94, 0x0f, 0xff, 0xf6, 0x40, 
  0xfb, 0xfe, 0x78, 0x0a, 0xff, 0xff, 0xfd, 0xff, 0xb4, 0xce, 0x20, 0xd0, 0x12, 0x89, 0x43, 0xfb, 0xf5, 0x70, 
  0xfe, 0xfe, 0x78, 0x0e, 0x7f, 0xff, 0xf8, 0xff, 0xc8, 0xb0, 0x88, 0x25, 0xef, 0x60, 0x12, 0xb3, 0xee, 0xf0, 
  0xdf, 0xdc, 0x72, 0x1a, 0xff, 0xff, 0xf0, 0xf9, 0xc5, 0x87, 0x02, 0x00, 0x00, 0x81, 0x04, 0x5b, 0xf6, 0xf0, 
  0x7f, 0xfd, 0x78, 0x96, 0xff, 0xff, 0xe2, 0x7e, 0xe6, 0x3e, 0x00, 0x00, 0x00, 0x29, 0x51, 0x17, 0xff, 0xf0, 
  0xfb, 0xfe, 0x70, 0x0e, 0xff, 0xff, 0xf0, 0x4e, 0xf8, 0xfc, 0x00, 0x00, 0x00, 0x00, 0x01, 0x77, 0xff, 0xf0, 
  0xff, 0x6c, 0x70, 0x0f, 0xff, 0xff, 0xc5, 0x4c, 0x23, 0xf8, 0x00, 0x04, 0x40, 0x00, 0x44, 0x87, 0xff, 0xf0, 
  0x6f, 0xfc, 0xe9, 0x0e, 0xff, 0xff, 0xc0, 0x07, 0xbf, 0xf8, 0x00, 0x11, 0x15, 0x48, 0x50, 0x17, 0xff, 0xf0, 
  0xff, 0xfd, 0xe0, 0x2a, 0xff, 0xff, 0xd4, 0x00, 0xb0, 0x10, 0x00, 0x04, 0x08, 0x14, 0x15, 0x40, 0xbf, 0xf0, 
  0xff, 0xff, 0xff, 0xfe, 0xff, 0xff, 0x81, 0x00, 0x00, 0x00, 0x00, 0x41, 0x41, 0x47, 0x00, 0x00, 0x3f, 0xf0, 
  0xff, 0xef, 0x00, 0x29, 0xff, 0xff, 0x04, 0x00, 0x00, 0x00, 0x00, 0x90, 0x28, 0x80, 0xa0, 0x00, 0x9f, 0xf0, 
  0xff, 0xff, 0x80, 0x3b, 0xff, 0xff, 0x50, 0x00, 0x00, 0x00, 0x01, 0x05, 0x1d, 0xd5, 0x04, 0x04, 0x0f, 0xf0, 
  0xff, 0xe7, 0xaa, 0x3d, 0xff, 0xff, 0x08, 0x00, 0x00, 0x00, 0x02, 0xa8, 0x7f, 0xc0, 0xe9, 0x40, 0x0f, 0xf0, 
  0xff, 0xeb, 0xc4, 0xa9, 0xff, 0xfe, 0x00, 0x00, 0x00, 0x00, 0x06, 0x01, 0x5f, 0xc4, 0x14, 0x01, 0x67, 0xf0, 
  0xff, 0xfb, 0xd1, 0x3b, 0xff, 0xfe, 0xa0, 0x00, 0x00, 0x00, 0x06, 0x8a, 0x3f, 0xd1, 0x0a, 0x14, 0x17, 0xf0, 
  0xff, 0xf7, 0xe4, 0x2b, 0xff, 0xfc, 0x00, 0x00, 0x00, 0x00, 0xdd, 0x20, 0x6f, 0x8a, 0x55, 0x80, 0x03, 0xf0, 
  0xff, 0xfb, 0xc0, 0x2b, 0xff, 0xfc, 0x00, 0x00, 0x00, 0x03, 0xfe, 0x0a, 0x1f, 0x00, 0x02, 0x41, 0x87, 0xf0, 
  0xff, 0xf1, 0xc0, 0x3d, 0xff, 0xfe, 0x40, 0x00, 0x00, 0x0f, 0xfc, 0x7c, 0x81, 0x22, 0x80, 0x19, 0xff, 0xf0, 
  0xff, 0xe3, 0xe2, 0x1f, 0xff, 0xec, 0x00, 0x00, 0x00, 0x0f, 0xe0, 0xa8, 0x20, 0x00, 0x0c, 0x00, 0xbe, 0xf0, 
  0x5b, 0x71, 0xd0, 0x0f, 0xff, 0xfc, 0x00, 0x00, 0x1a, 0x1f, 0x81, 0xb1, 0x00, 0x00, 0x32, 0x02, 0xbf, 0xc0, 
  0xff, 0xe3, 0xc0, 0x0e, 0xff, 0xfc, 0x80, 0x00, 0x7f, 0xde, 0x04, 0x6a, 0x48, 0x00, 0x50, 0x20, 0xfe, 0xc0, 
  0xff, 0xf3, 0xc2, 0x0f, 0xff, 0xf8, 0x00, 0x01, 0xff, 0xfc, 0x01, 0xa8, 0x00, 0x08, 0x00, 0x00, 0x9d, 0x60, 
  0xfd, 0x67, 0xc0, 0x8f, 0x7f, 0xfc, 0x00, 0x01, 0xff, 0xf8, 0x01, 0x58, 0x00, 0x40, 0xc8, 0x84, 0xbe, 0x80, 
  0xfc, 0x07, 0x80, 0x0f, 0x7f, 0xfc, 0x00, 0x01, 0xff, 0xfe, 0x20, 0xe8, 0x01, 0x01, 0x30, 0x00, 0xfd, 0x60, 
  0xfe, 0x04, 0xb4, 0x0f, 0xff, 0xb6, 0x00, 0x03, 0xff, 0xff, 0xfc, 0x5d, 0x04, 0x82, 0x82, 0x11, 0xbf, 0x40, 
  0xff, 0x27, 0x7f, 0xfe, 0xff, 0xfe, 0x80, 0x03, 0xbf, 0x9f, 0xfe, 0x14, 0x3d, 0xa1, 0x00, 0x07, 0x9e, 0xa0, 
  0xfe, 0x0e, 0xbf, 0xfe, 0xff, 0xfc, 0x80, 0x07, 0x3f, 0x1f, 0x82, 0x00, 0x5f, 0xc2, 0x10, 0x20, 0x1f, 0x40, 
  0xff, 0x1f, 0xff, 0xfb, 0xff, 0xd6, 0xc0, 0x00, 0x3e, 0x0c, 0x02, 0x00, 0x5f, 0xc2, 0x82, 0x88, 0x8f, 0xe0, 
  0xff, 0xff, 0xfe, 0xdd, 0xff, 0xf7, 0xf8, 0x00, 0x78, 0x00, 0x01, 0x01, 0x2f, 0xd4, 0x30, 0x02, 0x3f, 0xe0, 
  0xff, 0xff, 0xb9, 0xfd, 0xff, 0xff, 0xbd, 0x80, 0x70, 0x00, 0x00, 0x00, 0x3f, 0x80, 0x4a, 0x40, 0x8f, 0xf0, 
  0xff, 0xfe, 0x5a, 0x7d, 0x7f, 0xfe, 0xb3, 0xf0, 0x60, 0x00, 0x00, 0x00, 0x06, 0x81, 0x80, 0x15, 0x17, 0xf0, 
  0xff, 0xff, 0xd4, 0xd4, 0x7f, 0xde, 0xbb, 0xfc, 0xc0, 0x00, 0x00, 0x01, 0x01, 0x56, 0x08, 0x00, 0x2d, 0xf0, 
  0xff, 0xff, 0x31, 0x1c, 0xfe, 0xdc, 0xbf, 0x5f, 0x80, 0x00, 0x00, 0x00, 0x00, 0x28, 0x12, 0xa4, 0x9e, 0xf0, 
  0xff, 0xfc, 0xd7, 0x5f, 0xfc, 0x9e, 0xbb, 0x2f, 0xc0, 0x30, 0x00, 0x00, 0x00, 0x00, 0x24, 0x00, 0x37, 0xf0, 
  0xff, 0xff, 0xd4, 0xea, 0xfc, 0x5f, 0xfb, 0x7f, 0xf3, 0xf8, 0x00, 0x00, 0x0d, 0xe0, 0x70, 0x01, 0xaa, 0xf0, 
  0xff, 0xfe, 0x19, 0xf8, 0x7e, 0x9f, 0xbb, 0xff, 0xf8, 0xfc, 0x00, 0x00, 0xf7, 0x00, 0xa8, 0x8f, 0xfe, 0xf0, 
  0xff, 0xfe, 0xbf, 0xe7, 0x3c, 0xde, 0x93, 0xef, 0xf2, 0x3e, 0x00, 0x00, 0x28, 0x00, 0xda, 0xbd, 0xff, 0xf0, 
  0xff, 0xff, 0xbf, 0xc7, 0x3c, 0xfa, 0xbf, 0xff, 0x79, 0x87, 0x80, 0x00, 0x90, 0x00, 0x27, 0xae, 0xbf, 0x70, 
  0xff, 0xff, 0xff, 0xd4, 0x3d, 0xf2, 0xbf, 0xff, 0xf3, 0xe0, 0x00, 0x01, 0x60, 0x02, 0xb8, 0xec, 0xbf, 0xf0, 
  0xff, 0xff, 0xf7, 0xe4, 0x7f, 0xf8, 0xbf, 0xff, 0xe3, 0xf5, 0xf0, 0x02, 0x80, 0xa8, 0x05, 0xfe, 0xbf, 0xf0, 
  0xff, 0xff, 0x1f, 0x81, 0x7e, 0xd3, 0xfd, 0xff, 0xe0, 0x67, 0xf8, 0x05, 0x01, 0xf0, 0x0e, 0x7e, 0x5f, 0xf0, 
  0xff, 0xfe, 0x9a, 0xd6, 0xfc, 0xb3, 0xbf, 0xff, 0xe0, 0x27, 0xfc, 0x02, 0x03, 0xe1, 0x1f, 0x7e, 0xbe, 0xf0, 
  0xff, 0x8e, 0x2b, 0xe7, 0xec, 0x77, 0xbf, 0xbf, 0xff, 0x87, 0xfe, 0x0c, 0x47, 0xc4, 0x3f, 0x6e, 0x9e, 0xf0, 
  0xff, 0x85, 0x4f, 0xcf, 0x7c, 0xff, 0xbf, 0xbf, 0xff, 0xc7, 0xff, 0x88, 0x07, 0x90, 0x7b, 0xcf, 0xdd, 0x70, 
  0xff, 0x24, 0x9f, 0xfe, 0xb4, 0xff, 0xbf, 0xff, 0xff, 0xef, 0xfe, 0xd0, 0x0f, 0x00, 0x7f, 0xef, 0xbd, 0x40, 
  0xfe, 0x06, 0x5f, 0xf6, 0x2c, 0xf7, 0xbf, 0xff, 0xff, 0xff, 0xfd, 0xe0, 0x0a, 0x40, 0xfb, 0xed, 0xfc, 0x40, 
  0xfe, 0x04, 0x1f, 0xf6, 0xbf, 0xff, 0xff, 0xff, 0xff, 0xff, 0xff, 0x80, 0x16, 0x01, 0xff, 0xee, 0xfd, 0x60, 
  0xfe, 0xa6, 0xbf, 0xc5, 0x3f, 0xdf, 0xff, 0xdf, 0xff, 0xff, 0xfe, 0xc0, 0x2c, 0x03, 0xff, 0xee, 0xbf, 0x40, 
  0xfe, 0x06, 0x7c, 0xda, 0x7f, 0xf7, 0xff, 0xdf, 0xff, 0xff, 0xff, 0x90, 0x28, 0x07, 0xff, 0xfc, 0xbe, 0x20, 
  0xfe, 0x0f, 0xf8, 0x74, 0x7f, 0xbe, 0xff, 0xbf, 0xff, 0xff, 0xff, 0x31, 0x32, 0x1f, 0xff, 0xbe, 0xbe, 0x40, 
  0xfe, 0x4f, 0xf8, 0x46, 0xff, 0xfe, 0x7f, 0xff, 0xff, 0xff, 0xfc, 0x23, 0x38, 0x3f, 0xff, 0xbe, 0xa6, 0xe0, 
  0xfe, 0x1f, 0x5a, 0x57, 0xff, 0xfc, 0xff, 0xff, 0xff, 0xff, 0x80, 0x17, 0x7c, 0x7f, 0xfd, 0xfe, 0xe7, 0xc0, 
  0xff, 0xff, 0xf0, 0x6f, 0x7f, 0xfe, 0xff, 0xff, 0xff, 0xff, 0xc0, 0x87, 0x7f, 0xff, 0xfd, 0xff, 0x97, 0xe0, 
  0xff, 0xff, 0x5a, 0xde, 0x3f, 0xfe, 0xef, 0xff, 0xff, 0xff, 0xee, 0x87, 0x7f, 0xff, 0xfd, 0xff, 0xa3, 0xe0, 
};

const lv_img_dsc_t caramelldansen06 = {
  .header.cf = LV_IMG_CF_INDEXED_1BIT,
  .header.always_zero = 0,
  .header.reserved = 0,
  .header.w = 140,
  .header.h = 68,
  .data_size = 1232,
  .data = caramelldansen06_map,
};

#ifndef LV_ATTRIBUTE_IMG_CARAMELLDANSEN07
#define LV_ATTRIBUTE_IMG_CARAMELLDANSEN07
#endif

const LV_ATTRIBUTE_MEM_ALIGN LV_ATTRIBUTE_LARGE_CONST LV_ATTRIBUTE_IMG_CARAMELLDANSEN07 uint8_t caramelldansen07_map[] = {
#if CONFIG_NICE_VIEW_WIDGET_INVERTED
        0xff, 0xff, 0xff, 0xff, /*Color of index 0*/
        0x00, 0x00, 0x00, 0xff, /*Color of index 1*/
#else
        0x00, 0x00, 0x00, 0xff, /*Color of index 0*/
        0xff, 0xff, 0xff, 0xff, /*Color of index 1*/
#endif

  0xff, 0xfe, 0xbf, 0xe6, 0xbc, 0x7c, 0x7f, 0xfe, 0xff, 0xff, 0xfd, 0xff, 0xff, 0xff, 0xff, 0xfe, 0xfa, 0xb0, 
  0xff, 0xfd, 0x59, 0xff, 0x79, 0xd1, 0xff, 0xff, 0xff, 0xff, 0xff, 0xaf, 0xbf, 0xff, 0xff, 0xff, 0xfb, 0x70, 
  0xff, 0xfd, 0x5c, 0xff, 0x73, 0x03, 0xff, 0xff, 0xff, 0xff, 0xf6, 0xff, 0xbf, 0xff, 0xff, 0xff, 0xff, 0x30, 
  0xff, 0xfe, 0x58, 0x7f, 0xfe, 0x1f, 0xff, 0xff, 0xff, 0xff, 0xff, 0xff, 0xdf, 0xf8, 0x7f, 0xff, 0xf1, 0x70, 
  0xff, 0xfd, 0x93, 0x7f, 0xfc, 0x7f, 0xff, 0xbf, 0xff, 0xff, 0xee, 0xbf, 0xdf, 0xf0, 0x7f, 0xff, 0xfe, 0x70, 
  0xff, 0xfe, 0x5c, 0x7f, 0xf4, 0xff, 0xff, 0xbf, 0xff, 0xff, 0xff, 0xff, 0xef, 0xa2, 0x1d, 0xff, 0xf2, 0xf0, 
  0xbf, 0xfe, 0xb8, 0x7e, 0xe7, 0xff, 0xff, 0xff, 0xff, 0xff, 0xff, 0xe3, 0xec, 0x58, 0x9d, 0xff, 0xf7, 0xf0, 
  0x4f, 0xff, 0xba, 0xff, 0xcd, 0xff, 0xff, 0xff, 0xff, 0xff, 0xfe, 0xfc, 0x70, 0x5a, 0x07, 0xff, 0xff, 0xf0, 
  0x97, 0xff, 0xfc, 0xff, 0xdd, 0xff, 0xff, 0xff, 0xff, 0xff, 0xff, 0xfc, 0x80, 0x28, 0xa3, 0xff, 0xff, 0xf0, 
  0x27, 0x1f, 0xff, 0xfe, 0x59, 0xff, 0xff, 0xff, 0xff, 0xff, 0xff, 0xff, 0x80, 0x2e, 0x09, 0xbf, 0xff, 0x70, 
  0x56, 0xae, 0x3f, 0xf8, 0xf3, 0xff, 0xff, 0xbf, 0xff, 0xff, 0xff, 0xfe, 0x00, 0x16, 0x81, 0xbf, 0xfe, 0xa0, 
  0xab, 0x6f, 0xbf, 0xc0, 0x93, 0xff, 0xff, 0x9f, 0xff, 0xff, 0xff, 0xfe, 0x00, 0x09, 0x28, 0x7f, 0xfa, 0xb0, 
  0x02, 0xd4, 0x1a, 0x01, 0x9f, 0xff, 0xff, 0xff, 0xff, 0xff, 0xff, 0xf8, 0x00, 0x02, 0x92, 0x3f, 0xfa, 0xb0, 
  0xaa, 0x96, 0xff, 0x2b, 0xb7, 0xff, 0xff, 0xff, 0xff, 0xff, 0xe7, 0xf0, 0x00, 0x08, 0x40, 0xbf, 0xfb, 0x30, 
  0x97, 0x2f, 0xaf, 0x03, 0x73, 0xff, 0xff, 0xff, 0x57, 0xff, 0xfc, 0x60, 0x00, 0x02, 0x82, 0x1b, 0xfa, 0xa0, 
  0x26, 0xff, 0xef, 0x52, 0x67, 0xff, 0xff, 0xfc, 0x29, 0x5f, 0xfe, 0x0e, 0x80, 0x38, 0xb4, 0x0b, 0xf5, 0x70, 
  0xaf, 0xff, 0xef, 0x06, 0xcf, 0xff, 0xff, 0xdf, 0x8a, 0x53, 0xc0, 0x00, 0xb2, 0x6e, 0x60, 0xa7, 0xfb, 0x70, 
  0xff, 0xff, 0xef, 0x03, 0xdf, 0xff, 0xff, 0xcf, 0xd2, 0xa6, 0x0c, 0x20, 0x04, 0x93, 0x1c, 0x01, 0xf7, 0x70, 
  0xff, 0xff, 0xcf, 0x02, 0xdf, 0xff, 0xff, 0xaf, 0xe4, 0x58, 0x78, 0x00, 0x00, 0x00, 0x0a, 0x0a, 0xff, 0xf0, 
  0xff, 0xef, 0xc7, 0x02, 0xdf, 0xff, 0xff, 0x87, 0xf2, 0xc3, 0xf0, 0x00, 0x80, 0x00, 0x03, 0xa0, 0x7f, 0xf0, 
  0xfb, 0xff, 0xaf, 0x02, 0xdf, 0xff, 0xff, 0x02, 0x79, 0x0f, 0xf0, 0x00, 0x10, 0x00, 0x00, 0x82, 0xbf, 0xf0, 
  0x5f, 0x7d, 0xce, 0x52, 0xdf, 0xff, 0xff, 0x20, 0x1c, 0x7f, 0xe0, 0x00, 0x05, 0x50, 0x10, 0x48, 0x1f, 0xf0, 
  0xff, 0xef, 0xce, 0x03, 0x9f, 0xff, 0xfe, 0x88, 0x0f, 0xc0, 0x40, 0x00, 0x50, 0x05, 0x44, 0x12, 0x00, 0xf0, 
  0xfb, 0xff, 0x8f, 0x03, 0xff, 0xff, 0xfe, 0x20, 0x00, 0x00, 0x00, 0x01, 0x01, 0x00, 0x98, 0x28, 0xa0, 0x70, 
  0xdf, 0x7f, 0x9e, 0x03, 0xdf, 0xff, 0xfc, 0x80, 0x00, 0x00, 0x00, 0x01, 0x44, 0x52, 0x14, 0x90, 0x00, 0x00, 
  0x7f, 0xfb, 0xbc, 0x6a, 0xdf, 0xff, 0xfc, 0x08, 0x00, 0x00, 0x00, 0x06, 0x12, 0x33, 0x46, 0x02, 0x00, 0x00, 
  0xff, 0xff, 0xff, 0xd7, 0xdf, 0xff, 0xfd, 0x20, 0x00, 0x00, 0x00, 0x0d, 0x48, 0xdf, 0xa1, 0x84, 0x40, 0xa0, 
  0xff, 0xff, 0xf0, 0xa5, 0x9f, 0xff, 0xf8, 0x40, 0x00, 0x00, 0x00, 0x18, 0x02, 0xbf, 0x89, 0x54, 0x00, 0x20, 
  0xff, 0xff, 0x78, 0x0d, 0xbf, 0xff, 0xfc, 0x00, 0x00, 0x00, 0x00, 0x14, 0x50, 0xbf, 0x24, 0x2b, 0x15, 0x00, 
  0xff, 0xff, 0x7e, 0x0f, 0xff, 0xff, 0xf9, 0x00, 0x00, 0x00, 0x03, 0x75, 0x04, 0x7f, 0x80, 0x54, 0x80, 0x00, 
  0xff, 0xfe, 0xbc, 0xa5, 0xbf, 0xff, 0xf0, 0x40, 0x00, 0x00, 0x0f, 0xf8, 0x02, 0x5f, 0x09, 0x15, 0x40, 0x40, 
  0xff, 0xff, 0xbc, 0x05, 0x3f, 0xff, 0xf4, 0x00, 0x00, 0x00, 0x3f, 0xf8, 0xf8, 0x1e, 0x22, 0x05, 0x27, 0x70, 
  0xff, 0xff, 0xfe, 0xa7, 0x3f, 0xff, 0xf0, 0x00, 0x00, 0x80, 0x3f, 0xc5, 0x68, 0x84, 0x00, 0x48, 0x07, 0xf0, 
  0xff, 0xff, 0x1c, 0x05, 0xbf, 0xff, 0xf0, 0x80, 0x03, 0xfe, 0x3e, 0x02, 0x91, 0x20, 0x00, 0x10, 0x07, 0x60, 
  0xff, 0xff, 0x1e, 0x07, 0xff, 0xff, 0xf4, 0x00, 0x07, 0xff, 0xf8, 0x09, 0xe2, 0x01, 0x10, 0x70, 0x0f, 0x60, 
  0x7f, 0xff, 0x1e, 0x92, 0xdf, 0xff, 0xf0, 0x00, 0x07, 0xff, 0xf0, 0x03, 0x30, 0x00, 0x00, 0x82, 0x0e, 0xa0, 
  0xdb, 0xb7, 0x3c, 0x03, 0xff, 0xff, 0xf1, 0x00, 0x0f, 0xff, 0xf0, 0x8a, 0xc0, 0x20, 0x01, 0x00, 0x46, 0xa0, 
  0xff, 0xfe, 0x8e, 0x01, 0xef, 0xff, 0xf0, 0x00, 0x1f, 0xff, 0xfc, 0x01, 0x70, 0x04, 0x02, 0x70, 0x07, 0xc0, 
  0xff, 0xff, 0x3c, 0x40, 0xff, 0xff, 0xf4, 0x00, 0x1e, 0xff, 0x7f, 0xf9, 0x58, 0x02, 0x44, 0x82, 0x06, 0x00, 
  0xfe, 0x06, 0x3c, 0x08, 0xf7, 0xff, 0xf0, 0x00, 0x01, 0xfe, 0x7f, 0xec, 0xf8, 0x1b, 0x05, 0x00, 0x88, 0x20, 
  0x7e, 0x0f, 0x7c, 0x00, 0x6f, 0xff, 0xfc, 0x00, 0x01, 0xf8, 0x7e, 0x08, 0x00, 0xfb, 0x02, 0x00, 0x22, 0x80, 
  0xff, 0x1f, 0xff, 0xc0, 0xcf, 0xfc, 0xff, 0x00, 0x03, 0xf0, 0x00, 0x08, 0x00, 0xbf, 0x44, 0x22, 0x10, 0x20, 
  0xff, 0xff, 0xfe, 0xea, 0xef, 0xff, 0xf9, 0x00, 0x03, 0xc0, 0x00, 0x04, 0x00, 0xbf, 0x8d, 0x24, 0x04, 0xe0, 
  0xff, 0xff, 0xb9, 0xc3, 0xaf, 0xff, 0xbd, 0xf8, 0x07, 0x00, 0x00, 0x00, 0x04, 0xff, 0x10, 0x40, 0x81, 0x00, 
  0xff, 0xff, 0x55, 0x43, 0xaf, 0xfe, 0xbb, 0xff, 0x8c, 0x00, 0x00, 0x00, 0x00, 0x3f, 0x40, 0x88, 0x28, 0x40, 
  0xff, 0xfe, 0xda, 0x53, 0xcf, 0xde, 0xb7, 0xfb, 0xf8, 0x00, 0x00, 0x00, 0x00, 0x00, 0x03, 0x02, 0x02, 0x10, 
  0xff, 0xff, 0xb1, 0x47, 0xee, 0xdc, 0xbf, 0x2f, 0xf4, 0x00, 0x00, 0x00, 0x01, 0x04, 0x1c, 0x31, 0x40, 0x70, 
  0xff, 0xfe, 0x56, 0xc7, 0xa4, 0x9e, 0xbb, 0x5f, 0xf1, 0x00, 0xe0, 0x00, 0x08, 0x01, 0xa0, 0x54, 0x01, 0xf0, 
  0xff, 0xfd, 0xca, 0xef, 0xa4, 0x5f, 0xfb, 0x7f, 0xf9, 0xcf, 0xe0, 0x00, 0x00, 0x18, 0x00, 0x70, 0x1f, 0xf0, 
  0xff, 0xfe, 0x9d, 0xff, 0xf6, 0x9f, 0xbb, 0xff, 0xf9, 0xe3, 0xf0, 0x00, 0x00, 0xe7, 0x10, 0x89, 0xf7, 0xf0, 
  0xff, 0xff, 0x3f, 0xf6, 0x9c, 0xdf, 0xb3, 0xef, 0xfc, 0xf8, 0xf8, 0x00, 0x03, 0x98, 0x00, 0xee, 0xff, 0x70, 
  0xff, 0xff, 0x7f, 0xc4, 0x8c, 0xfe, 0x9f, 0xff, 0xfc, 0xfe, 0x1e, 0x00, 0x02, 0x20, 0x04, 0x32, 0xff, 0xf0, 
  0xff, 0xff, 0xff, 0xca, 0xfd, 0xf2, 0xbf, 0xff, 0x79, 0xfc, 0x80, 0x00, 0x0c, 0xc0, 0x00, 0x0a, 0xbf, 0xf0, 
  0xff, 0xff, 0xff, 0xe4, 0x3f, 0xf2, 0xbf, 0xff, 0xf9, 0xf8, 0xf7, 0xc0, 0x12, 0x00, 0x01, 0x0e, 0x5f, 0xf0, 
  0xff, 0xff, 0x1e, 0x82, 0x7e, 0xd9, 0xff, 0xff, 0xf0, 0x39, 0xff, 0xa0, 0x54, 0x0f, 0xe4, 0x1e, 0x5f, 0xf0, 
  0xff, 0xff, 0x57, 0xd6, 0xfc, 0x73, 0xff, 0xff, 0xf0, 0x03, 0xfc, 0xb0, 0x20, 0x9f, 0x90, 0x3e, 0x9f, 0xf0, 
  0xff, 0xde, 0x4b, 0xe7, 0xfc, 0xf7, 0xbf, 0xbf, 0xff, 0xc3, 0xfe, 0xdc, 0x40, 0x0f, 0x00, 0x2e, 0xde, 0x70, 
  0xff, 0x85, 0x1f, 0xcf, 0x7c, 0xbf, 0xbf, 0xbf, 0xff, 0xe3, 0xe5, 0xb7, 0x80, 0x0e, 0x00, 0xef, 0xde, 0x70, 
  0xff, 0x05, 0x4f, 0xfe, 0x6c, 0xff, 0xbf, 0xff, 0xff, 0xf3, 0xee, 0xae, 0x00, 0x16, 0xa0, 0xef, 0xde, 0xa0, 
  0xfe, 0x44, 0x1f, 0xff, 0x3c, 0xff, 0xbf, 0xff, 0xff, 0xff, 0xfe, 0xfc, 0x00, 0x3c, 0x03, 0xee, 0xfe, 0xa0, 
  0xfe, 0x14, 0x5f, 0xe6, 0xad, 0xff, 0xff, 0xff, 0xff, 0xff, 0xfd, 0x98, 0x20, 0x28, 0x03, 0xe6, 0xfe, 0x20, 
  0xff, 0x07, 0x3f, 0xd1, 0x3f, 0xdf, 0xff, 0xdf, 0xff, 0xff, 0xfe, 0xb0, 0x60, 0x50, 0x07, 0xfe, 0xfe, 0xa0, 
  0xfe, 0x46, 0xbc, 0xee, 0x7f, 0xff, 0xff, 0xbf, 0xff, 0xff, 0xff, 0xa5, 0xcc, 0x54, 0x1f, 0xfe, 0x5f, 0xa0, 
  0xfe, 0x0f, 0xf8, 0x56, 0x7f, 0xbe, 0xff, 0xbf, 0xff, 0xff, 0xff, 0x0b, 0xdf, 0xa0, 0x3f, 0xbe, 0x9f, 0x20, 
  0xff, 0x0f, 0xfa, 0x62, 0xff, 0xfe, 0x7f, 0xff, 0xff, 0xff, 0xdc, 0x1f, 0xdf, 0xf0, 0x7f, 0xff, 0x77, 0x60, 
  0xfe, 0x1f, 0xf8, 0x6f, 0xff, 0xfe, 0xff, 0xff, 0xff, 0xff, 0xc0, 0x9f, 0xbf, 0xfd, 0xff, 0xfe, 0x93, 0xe0, 
  0xff, 0x7f, 0x70, 0x4f, 0x7f, 0xfc, 0xff, 0xff, 0xff, 0xff, 0xe0, 0x5f, 0xbf, 0xff, 0xfd, 0xff, 0xc3, 0xe0, 
  0xff, 0xfe, 0xd5, 0x7e, 0x3f, 0xfe, 0xff, 0xff, 0xff, 0xff, 0xe6, 0x87, 0xbf, 0xff, 0xfd, 0xff, 0xbb, 0xf0, 
};

const lv_img_dsc_t caramelldansen07 = {
  .header.cf = LV_IMG_CF_INDEXED_1BIT,
  .header.always_zero = 0,
  .header.reserved = 0,
  .header.w = 140,
  .header.h = 68,
  .data_size = 1232,
  .data = caramelldansen07_map,
};

#ifndef LV_ATTRIBUTE_MEM_ALIGN
#define LV_ATTRIBUTE_MEM_ALIGN
#endif

#ifndef LV_ATTRIBUTE_IMG_CARAMELLDANSEN08
#define LV_ATTRIBUTE_IMG_CARAMELLDANSEN08
#endif

const LV_ATTRIBUTE_MEM_ALIGN LV_ATTRIBUTE_LARGE_CONST LV_ATTRIBUTE_IMG_CARAMELLDANSEN08 uint8_t caramelldansen08_map[] = {
#if CONFIG_NICE_VIEW_WIDGET_INVERTED
        0xff, 0xff, 0xff, 0xff, /*Color of index 0*/
        0x00, 0x00, 0x00, 0xff, /*Color of index 1*/
#else
        0x00, 0x00, 0x00, 0xff, /*Color of index 0*/
        0xff, 0xff, 0xff, 0xff, /*Color of index 1*/
#endif

  0xff, 0xeb, 0xff, 0x35, 0xbf, 0xf9, 0xff, 0xff, 0xff, 0xff, 0xfe, 0xbf, 0xff, 0xff, 0xff, 0xff, 0xdb, 0xf0, 
  0xff, 0xd5, 0x8f, 0xfb, 0xff, 0xfb, 0xff, 0xdf, 0xff, 0xff, 0xff, 0xff, 0xff, 0xff, 0xff, 0xff, 0x9b, 0xf0, 
  0xff, 0xd5, 0x8f, 0xff, 0xff, 0xff, 0xff, 0xff, 0xff, 0xff, 0xfe, 0xbf, 0xff, 0xff, 0xff, 0xff, 0xab, 0xf0, 
  0xff, 0xd5, 0xa7, 0xff, 0xbf, 0xfb, 0xff, 0xff, 0xff, 0xff, 0xfd, 0xff, 0xff, 0xff, 0xff, 0xff, 0xd3, 0xf0, 
  0xff, 0xe5, 0x17, 0xff, 0x7f, 0xfb, 0xff, 0x7f, 0xff, 0xff, 0xf6, 0xaf, 0xff, 0xc7, 0xfb, 0xff, 0x97, 0xf0, 
  0xff, 0xd5, 0xc7, 0xfe, 0xff, 0xfa, 0xff, 0x7f, 0xff, 0xff, 0xff, 0xff, 0xff, 0x81, 0xff, 0xff, 0x97, 0xf0, 
  0xff, 0xf9, 0x93, 0xfa, 0xff, 0xf9, 0xff, 0xbf, 0xff, 0xff, 0xff, 0xff, 0xf6, 0xa8, 0xf7, 0xff, 0xbf, 0xf0, 
  0xff, 0xf7, 0x87, 0xf3, 0xef, 0xfa, 0x7f, 0xff, 0xff, 0xff, 0xfe, 0xbf, 0xc2, 0xc2, 0x7f, 0xff, 0xbf, 0xf0, 
  0xff, 0xff, 0xe7, 0xe7, 0x9f, 0xfe, 0xff, 0xff, 0xff, 0xff, 0xff, 0xff, 0x01, 0x40, 0x3f, 0xff, 0xff, 0xa0, 
  0xe1, 0xff, 0xff, 0xce, 0x7e, 0x5f, 0xff, 0xff, 0xff, 0xff, 0xff, 0x7e, 0x01, 0x4a, 0x9f, 0xff, 0xfb, 0x60, 
  0xeb, 0xe3, 0xff, 0xdc, 0x7f, 0xef, 0xff, 0xbf, 0xff, 0xff, 0xff, 0xb8, 0x00, 0xb0, 0x0c, 0xff, 0xfa, 0xb0, 
  0x5e, 0xd5, 0xdf, 0xb9, 0xff, 0xcf, 0xff, 0x3f, 0xff, 0xff, 0xff, 0xc0, 0x00, 0x92, 0xa7, 0xff, 0xdb, 0xe0, 
  0x60, 0xe9, 0xaf, 0x33, 0xff, 0xff, 0xff, 0xff, 0xff, 0xff, 0xff, 0xc0, 0x00, 0x68, 0x01, 0xff, 0xd3, 0xb0, 
  0xdb, 0x57, 0xd7, 0xe3, 0xff, 0xff, 0xff, 0xff, 0xff, 0xff, 0xff, 0x80, 0x00, 0x14, 0x09, 0xff, 0xdd, 0x60, 
  0xd6, 0xd4, 0x57, 0x73, 0xff, 0xff, 0xfa, 0xff, 0xff, 0xff, 0xfc, 0x00, 0x00, 0x0a, 0xa0, 0xef, 0xd3, 0xf0, 
  0xe8, 0xe9, 0x96, 0x6f, 0xff, 0xff, 0xfa, 0xff, 0xff, 0xff, 0xe8, 0x00, 0x01, 0x03, 0x02, 0x6f, 0x9b, 0xf0, 
  0xf7, 0xe5, 0xe6, 0x7f, 0xff, 0xff, 0xff, 0xff, 0xff, 0xfe, 0x05, 0x68, 0x02, 0xf4, 0x88, 0x3f, 0xf7, 0x70, 
  0xf9, 0xfb, 0x86, 0xc7, 0xff, 0xff, 0xff, 0xff, 0xff, 0xf0, 0xf4, 0x9a, 0xab, 0x7e, 0xe0, 0x8f, 0xb7, 0xf0, 
  0xff, 0xef, 0xd6, 0xc7, 0xff, 0xff, 0xff, 0xff, 0xff, 0x07, 0x80, 0x00, 0x00, 0x01, 0x32, 0x0f, 0xff, 0xf0, 
  0xff, 0xf7, 0xc7, 0xcf, 0xff, 0xff, 0xfb, 0xff, 0xf8, 0x3f, 0x00, 0x00, 0x0a, 0xbe, 0x48, 0x2f, 0xff, 0xf0, 
  0xff, 0xfb, 0xcc, 0xff, 0xff, 0xff, 0xe3, 0xff, 0xe1, 0xff, 0x00, 0x08, 0x10, 0x01, 0xac, 0x07, 0xff, 0xf0, 
  0xff, 0xff, 0xcc, 0xcf, 0xff, 0xff, 0xe0, 0x8f, 0xaf, 0x06, 0x00, 0x02, 0x80, 0x00, 0x53, 0x23, 0xff, 0xf0, 
  0xff, 0xfb, 0xd9, 0x8f, 0xff, 0xff, 0xf4, 0x00, 0x58, 0x00, 0x00, 0x00, 0x29, 0x20, 0x0a, 0x8a, 0xaf, 0xf0, 
  0xff, 0xf3, 0x99, 0x8f, 0xff, 0xff, 0xc1, 0x00, 0x00, 0x00, 0x00, 0x08, 0x82, 0x0a, 0x04, 0x80, 0x01, 0xf0, 
  0xff, 0xf3, 0xdb, 0x9f, 0xff, 0xff, 0xd0, 0x00, 0x00, 0x00, 0x00, 0x12, 0x08, 0x40, 0x83, 0x60, 0x00, 0x70, 
  0xfb, 0xe3, 0x9b, 0x5f, 0xff, 0xff, 0xc5, 0x00, 0x00, 0x00, 0x00, 0x61, 0x20, 0x14, 0x40, 0x88, 0x40, 0x10, 
  0xbf, 0x63, 0xdf, 0xbf, 0xff, 0xff, 0xd0, 0x00, 0x00, 0x00, 0x00, 0xd4, 0x53, 0x9a, 0xb0, 0x60, 0x05, 0x00, 
  0xff, 0xf7, 0x8b, 0x3f, 0xff, 0xff, 0xc4, 0x00, 0x00, 0x00, 0x01, 0x81, 0x05, 0xf9, 0x4c, 0x10, 0x00, 0xa0, 
  0xed, 0xe7, 0x1b, 0x3f, 0xff, 0xff, 0xa1, 0x00, 0x00, 0x00, 0x11, 0x50, 0x05, 0xfc, 0x10, 0x2a, 0x14, 0x00, 
  0x7f, 0xe7, 0x5b, 0xbf, 0xff, 0xff, 0xc8, 0x00, 0x00, 0x00, 0xff, 0x25, 0x57, 0xfa, 0x47, 0x54, 0x41, 0x00, 
  0xff, 0xff, 0x1b, 0x3f, 0xff, 0xff, 0x92, 0x00, 0x2c, 0x01, 0xff, 0x80, 0x25, 0xf8, 0x00, 0xa8, 0x00, 0x70, 
  0xff, 0xff, 0xff, 0xbf, 0xff, 0xff, 0x80, 0x00, 0x7f, 0x83, 0xff, 0x85, 0x82, 0xf8, 0x91, 0x52, 0x7b, 0xf0, 
  0xff, 0xff, 0xef, 0xff, 0xff, 0xff, 0x80, 0x01, 0xff, 0xf3, 0xe8, 0x2f, 0xc0, 0xf2, 0x20, 0xa8, 0xff, 0xf0, 
  0xff, 0xf7, 0x0d, 0xbf, 0xff, 0xff, 0x84, 0x07, 0xff, 0xff, 0xc0, 0x55, 0x2a, 0x00, 0x04, 0x00, 0x7f, 0x70, 
  0xff, 0xff, 0x8d, 0xdf, 0xff, 0xff, 0x90, 0x00, 0xff, 0xff, 0x80, 0x0d, 0x10, 0x00, 0x01, 0x40, 0xfa, 0x30, 
  0xff, 0xf7, 0xcf, 0x9f, 0xff, 0xff, 0x80, 0x00, 0x3f, 0xff, 0x80, 0x1b, 0x00, 0x00, 0x02, 0x80, 0xfb, 0x30, 
  0xff, 0xeb, 0xc9, 0x3f, 0xff, 0xff, 0x40, 0x00, 0x3f, 0xfb, 0xe4, 0x45, 0x24, 0x24, 0x85, 0x10, 0xfa, 0x40, 
  0xff, 0xf7, 0x9b, 0xff, 0xff, 0xff, 0x80, 0x00, 0xff, 0xf3, 0xfe, 0x9b, 0x00, 0x00, 0x04, 0x02, 0x00, 0x80, 
  0xff, 0xfb, 0xdf, 0xbf, 0xff, 0xff, 0x84, 0x03, 0xff, 0xc3, 0xfd, 0x8a, 0x80, 0x00, 0x19, 0x00, 0x02, 0x10, 
  0xff, 0xf3, 0xcd, 0x9f, 0xff, 0xff, 0x90, 0x0f, 0xff, 0x01, 0xe2, 0xcf, 0xc0, 0x30, 0x52, 0x48, 0x28, 0x20, 
  0xff, 0xf3, 0xcd, 0x9f, 0xff, 0xff, 0xc0, 0x03, 0xf8, 0x00, 0x00, 0x80, 0x01, 0x98, 0x44, 0x02, 0x83, 0x80, 
  0xb7, 0x73, 0xcd, 0xdf, 0xff, 0xff, 0xc0, 0x00, 0x00, 0x00, 0x00, 0x00, 0x07, 0xb2, 0x50, 0x00, 0x08, 0x00, 
  0xff, 0xe3, 0xc6, 0xef, 0xff, 0xff, 0x80, 0x00, 0x00, 0x00, 0x00, 0x40, 0x0b, 0xf8, 0x20, 0x08, 0x22, 0xb0, 
  0xff, 0xe3, 0xc6, 0xff, 0xff, 0xff, 0xc4, 0x00, 0x00, 0x00, 0x00, 0x20, 0x4b, 0xf8, 0x42, 0x22, 0x90, 0x70, 
  0xff, 0xf5, 0xc3, 0xef, 0xff, 0xff, 0xfc, 0x00, 0x00, 0x00, 0x00, 0x00, 0x0d, 0xf0, 0x84, 0x08, 0x01, 0xf0, 
  0xff, 0xf7, 0x83, 0xf7, 0xff, 0xff, 0xf7, 0xff, 0x80, 0x00, 0x00, 0x00, 0x03, 0xf1, 0x0c, 0xe0, 0x07, 0xf0, 
  0xff, 0xed, 0xf1, 0xb7, 0xff, 0xfe, 0x7f, 0xf0, 0x00, 0x02, 0x00, 0x00, 0x40, 0x22, 0x30, 0x71, 0x7f, 0xf0, 
  0xff, 0xd5, 0xae, 0xb3, 0xff, 0xfa, 0xff, 0x50, 0x30, 0x0e, 0x00, 0x00, 0x04, 0x04, 0xc1, 0x9a, 0xff, 0xf0, 
  0xff, 0xeb, 0xce, 0xeb, 0xff, 0x7b, 0xf7, 0x79, 0xfc, 0xff, 0x00, 0x00, 0x01, 0x55, 0x01, 0x46, 0xb7, 0xf0, 
  0xff, 0xfd, 0xdf, 0xb9, 0xfa, 0x7f, 0xe7, 0xf9, 0xf1, 0x1f, 0x80, 0x00, 0x2c, 0x00, 0x04, 0x6b, 0xdf, 0xf0, 
  0xff, 0xe3, 0xff, 0xd9, 0xf2, 0xfe, 0x6f, 0xd8, 0x7e, 0x47, 0xc0, 0x01, 0x5b, 0x80, 0x01, 0x2f, 0xf7, 0xf0, 
  0xff, 0xff, 0xfe, 0xdc, 0xf3, 0xfa, 0x6f, 0xdc, 0xfe, 0x30, 0xf0, 0x0e, 0xa0, 0x10, 0x50, 0x3b, 0xff, 0xf0, 
  0xff, 0xff, 0xfe, 0xcc, 0x77, 0xfa, 0xff, 0xd9, 0xb8, 0x7e, 0x00, 0x12, 0x00, 0x00, 0x04, 0x3b, 0xff, 0xf0, 
  0xff, 0xff, 0xff, 0x6f, 0xff, 0xea, 0xff, 0xf1, 0xf1, 0xff, 0xfc, 0x20, 0x04, 0x01, 0x00, 0xf8, 0xff, 0xf0, 
  0xff, 0xfb, 0xfc, 0x63, 0xff, 0xef, 0xff, 0xf0, 0x13, 0xff, 0xeb, 0x40, 0x80, 0xe8, 0x11, 0xfa, 0xff, 0xf0, 
  0xff, 0xe1, 0xfe, 0xb3, 0xf2, 0xdf, 0xff, 0xf0, 0x13, 0xff, 0xd0, 0x00, 0x00, 0x7c, 0x41, 0xfa, 0xff, 0xf0, 
  0xff, 0xe5, 0xff, 0x3f, 0xf3, 0xff, 0x7f, 0xbf, 0xc3, 0xff, 0x28, 0xc0, 0x00, 0xf1, 0x03, 0xfa, 0xf7, 0xf0, 
  0xf0, 0xd4, 0xfe, 0x7f, 0xf3, 0xfe, 0xff, 0x7f, 0xe3, 0xfc, 0xa2, 0x10, 0x00, 0xb0, 0x0f, 0xbe, 0xf7, 0xf0, 
  0xe0, 0x41, 0xff, 0xf9, 0xe3, 0xfe, 0x7f, 0x7f, 0xf7, 0xff, 0xb0, 0xa0, 0x01, 0x64, 0x0f, 0xbe, 0xfb, 0xf0, 
  0xea, 0x65, 0xff, 0xf5, 0x73, 0xfe, 0xff, 0xff, 0xff, 0xff, 0xe6, 0x96, 0x01, 0x40, 0x3f, 0xbf, 0xf2, 0x70, 
  0xc0, 0x51, 0xff, 0xa9, 0xf7, 0xff, 0xff, 0xff, 0xff, 0xff, 0xf4, 0x03, 0x82, 0x90, 0x3f, 0xb7, 0xea, 0x70, 
  0xc0, 0x4b, 0xfe, 0xb1, 0xff, 0xdf, 0xff, 0xbd, 0xff, 0xff, 0xe9, 0xaf, 0xe2, 0x80, 0xff, 0xbb, 0xfa, 0x30, 
  0xd4, 0xe3, 0xfe, 0xab, 0xff, 0x7f, 0xff, 0xbf, 0xff, 0xff, 0xf6, 0x7f, 0xff, 0x01, 0xff, 0xfb, 0xf2, 0xb0, 
  0xc0, 0xff, 0xd6, 0xab, 0xff, 0xff, 0xff, 0x7f, 0xff, 0xff, 0xf8, 0x9f, 0xff, 0xc3, 0xff, 0xfa, 0xfa, 0x30, 
  0xc1, 0xff, 0xee, 0xb3, 0xff, 0xf9, 0xff, 0xff, 0xff, 0xff, 0x50, 0xbf, 0xff, 0xef, 0xff, 0xfa, 0xfa, 0x30, 
  0xe1, 0xff, 0x95, 0x3f, 0xff, 0xf9, 0xff, 0xff, 0xff, 0xfe, 0x04, 0x77, 0xff, 0xff, 0xff, 0xfb, 0xbf, 0xb0, 
  0xf7, 0xff, 0xf7, 0x7f, 0xff, 0xfb, 0xff, 0xfd, 0xff, 0xfe, 0x02, 0x0f, 0xff, 0xff, 0xfb, 0xfa, 0xff, 0x30, 
  0xff, 0xf5, 0xae, 0xfb, 0xff, 0xfb, 0xfe, 0xff, 0xff, 0xff, 0x34, 0x57, 0xff, 0xff, 0xfb, 0xfe, 0xbe, 0xb0, 
};

const lv_img_dsc_t caramelldansen08 = {
  .header.cf = LV_IMG_CF_INDEXED_1BIT,
  .header.always_zero = 0,
  .header.reserved = 0,
  .header.w = 140,
  .header.h = 68,
  .data_size = 1232,
  .data = caramelldansen08_map,
};

#ifndef LV_ATTRIBUTE_IMG_CARAMELLDANSEN09
#define LV_ATTRIBUTE_IMG_CARAMELLDANSEN09
#endif

const LV_ATTRIBUTE_MEM_ALIGN LV_ATTRIBUTE_LARGE_CONST LV_ATTRIBUTE_IMG_CARAMELLDANSEN09 uint8_t caramelldansen09_map[] = {
#if CONFIG_NICE_VIEW_WIDGET_INVERTED
        0xff, 0xff, 0xff, 0xff, /*Color of index 0*/
        0x00, 0x00, 0x00, 0xff, /*Color of index 1*/
#else
        0x00, 0x00, 0x00, 0xff, /*Color of index 0*/
        0xff, 0xff, 0xff, 0xff, /*Color of index 1*/
#endif

  0xff, 0x5f, 0xf8, 0xd7, 0xff, 0xe7, 0xff, 0xbf, 0xff, 0xff, 0xf6, 0xaf, 0xff, 0xff, 0xff, 0xfe, 0xdf, 0xf0, 
  0xfe, 0xac, 0x7f, 0xee, 0xff, 0xf7, 0xff, 0xbf, 0xff, 0xff, 0xfe, 0xbf, 0xff, 0xff, 0xff, 0xfe, 0x5f, 0xf0, 
  0xfe, 0x8c, 0x3f, 0xff, 0xff, 0xff, 0xff, 0xff, 0xff, 0xff, 0xfd, 0xff, 0xff, 0xff, 0xff, 0xfe, 0xdf, 0xf0, 
  0xff, 0x76, 0x3f, 0xfe, 0xff, 0xff, 0xff, 0xff, 0xff, 0xff, 0xff, 0xbf, 0xff, 0xff, 0xff, 0xfe, 0x9f, 0xf0, 
  0xfe, 0xac, 0x9f, 0xff, 0xff, 0xe7, 0xff, 0x7f, 0xff, 0xff, 0xe5, 0x57, 0xff, 0xff, 0xf7, 0xfe, 0xbf, 0xf0, 
  0xfe, 0x89, 0x5f, 0xff, 0xff, 0xe5, 0xff, 0x7f, 0xff, 0xff, 0xfe, 0xff, 0xf8, 0x7f, 0xef, 0xfc, 0xff, 0x30, 
  0xff, 0x2e, 0x1f, 0xff, 0xff, 0xf5, 0xff, 0xff, 0xff, 0xff, 0xff, 0xbe, 0xd0, 0x3f, 0xff, 0xfe, 0xff, 0xb0, 
  0xff, 0xfc, 0x3f, 0xff, 0xff, 0xf5, 0x7f, 0xff, 0xff, 0xff, 0xfd, 0xfc, 0x52, 0x8f, 0xff, 0xff, 0xfb, 0x50, 
  0xbf, 0xfe, 0xbf, 0xff, 0xff, 0xf6, 0xff, 0xff, 0xff, 0xff, 0xff, 0xe0, 0x68, 0x07, 0xff, 0xff, 0xff, 0x50, 
  0x4f, 0xff, 0xff, 0xff, 0xf9, 0xbf, 0xff, 0xff, 0xff, 0xff, 0xff, 0xc0, 0x2a, 0x23, 0xfd, 0xff, 0xda, 0x90, 
  0x5f, 0x1f, 0xfd, 0xff, 0xfd, 0x3f, 0xff, 0x7f, 0xff, 0xff, 0xff, 0x00, 0x2a, 0x89, 0xfb, 0xfe, 0x9e, 0x50, 
  0xd6, 0xae, 0x7b, 0xff, 0xfa, 0x9f, 0xff, 0x3f, 0xff, 0xff, 0xfe, 0x00, 0x16, 0x20, 0xfb, 0xfe, 0xea, 0xb0, 
  0x57, 0x4e, 0xa7, 0x9f, 0xfd, 0xbf, 0xff, 0xff, 0xff, 0xff, 0xf8, 0x00, 0x0a, 0x02, 0x7d, 0xfe, 0x9b, 0xb0, 
  0x54, 0x56, 0xe7, 0xbf, 0xfd, 0x9f, 0xff, 0xff, 0xff, 0xff, 0xb0, 0x00, 0x05, 0xa8, 0x3f, 0xfe, 0xae, 0x30, 
  0xd7, 0x94, 0xdc, 0x7f, 0xff, 0xff, 0xf5, 0xff, 0xff, 0xff, 0xc0, 0x00, 0x00, 0x80, 0xbf, 0xbe, 0xdb, 0xb0, 
  0x36, 0x65, 0xdc, 0xff, 0xff, 0xff, 0xf5, 0xff, 0xff, 0xfd, 0x00, 0x00, 0x02, 0x42, 0x0f, 0xbf, 0x9b, 0x70, 
  0x4f, 0x4d, 0x9b, 0xff, 0xff, 0xbf, 0xfd, 0xff, 0xff, 0xc0, 0x00, 0x00, 0x35, 0xb8, 0x0d, 0xbe, 0xb7, 0xf0, 
  0xdf, 0x9f, 0xb1, 0xff, 0xff, 0xff, 0xff, 0xff, 0xfc, 0x18, 0x8f, 0xaa, 0xdd, 0x50, 0xa5, 0xbd, 0xff, 0xf0, 
  0xff, 0xbf, 0xb1, 0xff, 0xff, 0xff, 0x7f, 0xff, 0xe0, 0xf2, 0xb0, 0x00, 0x03, 0x6e, 0x02, 0xbf, 0xff, 0xf0, 
  0xff, 0xf3, 0x7b, 0xff, 0xff, 0xff, 0x37, 0xff, 0x07, 0xf4, 0x00, 0x00, 0x00, 0x95, 0x10, 0xff, 0xff, 0xf0, 
  0xff, 0xf3, 0x77, 0xff, 0xff, 0xff, 0xbb, 0xf8, 0x3f, 0xc0, 0x02, 0x00, 0x00, 0x29, 0x42, 0xff, 0xff, 0xf0, 
  0xfe, 0xf6, 0x67, 0xff, 0xff, 0xfc, 0xa7, 0xff, 0xc0, 0x40, 0x00, 0x50, 0xbf, 0xd6, 0xc0, 0x7f, 0xff, 0xf0, 
  0xfe, 0xf6, 0x67, 0xff, 0xff, 0xf8, 0x61, 0xfa, 0x00, 0x00, 0x00, 0x03, 0x40, 0x09, 0x20, 0x3b, 0xff, 0xf0, 
  0xfd, 0xfe, 0xc7, 0xff, 0xff, 0xfd, 0x00, 0x00, 0x00, 0x00, 0x01, 0x44, 0x00, 0x02, 0x5a, 0x80, 0x3f, 0xf0, 
  0xfe, 0x7e, 0xef, 0xff, 0xff, 0xf8, 0x00, 0x00, 0x00, 0x00, 0x02, 0x10, 0x92, 0x80, 0xa8, 0x00, 0x0f, 0xe0, 
  0xfe, 0xec, 0xef, 0xff, 0xff, 0xf4, 0x40, 0x00, 0x00, 0x00, 0x1d, 0x0a, 0x04, 0x28, 0x54, 0x48, 0x43, 0xf0, 
  0xfc, 0xfc, 0xcf, 0xff, 0xff, 0xf9, 0x00, 0x00, 0x00, 0x00, 0x28, 0x40, 0x73, 0x54, 0x0a, 0x00, 0x11, 0xf0, 
  0x7c, 0x6c, 0xcf, 0xff, 0xff, 0xf0, 0x20, 0x00, 0x00, 0x00, 0x32, 0x28, 0xb3, 0x0a, 0x14, 0x02, 0x40, 0xf0, 
  0xfc, 0xed, 0xcf, 0xff, 0xff, 0xf4, 0x80, 0x00, 0x00, 0x0f, 0x68, 0x92, 0xbf, 0x05, 0x83, 0x00, 0x04, 0xf0, 
  0xdc, 0xfc, 0x8f, 0xff, 0xff, 0xfa, 0x40, 0x07, 0x80, 0x3f, 0xe2, 0x01, 0x7f, 0x52, 0x05, 0x40, 0x01, 0xf0, 
  0xf8, 0xef, 0xdf, 0xff, 0xff, 0xf1, 0x00, 0x7f, 0xf0, 0x7f, 0xf8, 0x04, 0xbf, 0x08, 0xfa, 0x00, 0xbf, 0xf0, 
  0xfd, 0xed, 0xff, 0xff, 0xff, 0xf0, 0x00, 0x7f, 0xfc, 0x7f, 0xc0, 0xf0, 0xdf, 0x00, 0x05, 0x17, 0x3f, 0xf0, 
  0xbd, 0xcd, 0x8f, 0xff, 0xff, 0xf0, 0x40, 0x3f, 0xff, 0x78, 0x0b, 0x78, 0x3e, 0x52, 0x3a, 0x9f, 0xff, 0xf0, 
  0x0e, 0xad, 0xdf, 0xff, 0xff, 0xf1, 0x00, 0x0f, 0xff, 0xf0, 0x01, 0xa5, 0x04, 0x04, 0x80, 0x17, 0xb3, 0xf0, 
  0xae, 0xbc, 0xcf, 0xff, 0xff, 0xf4, 0x00, 0x07, 0xff, 0xe0, 0x12, 0xa2, 0x40, 0x00, 0x08, 0x07, 0xd3, 0xf0, 
  0xff, 0xf5, 0xaf, 0xff, 0xff, 0xf0, 0x00, 0x3f, 0xff, 0x78, 0x07, 0x60, 0x00, 0x00, 0x70, 0x17, 0xbb, 0xf0, 
  0xfe, 0xff, 0xff, 0xff, 0xff, 0xf0, 0x03, 0xff, 0xfe, 0x7f, 0x80, 0xa4, 0x00, 0x20, 0x42, 0x50, 0x00, 0xf0, 
  0xff, 0x77, 0xef, 0xff, 0xff, 0xf0, 0x83, 0xff, 0xf8, 0x7f, 0xf3, 0xa0, 0x81, 0x01, 0xc0, 0x04, 0x84, 0xe0, 
  0xff, 0xfe, 0xef, 0xff, 0xff, 0xf4, 0x00, 0xff, 0xe0, 0x3e, 0x39, 0x60, 0x00, 0x02, 0x00, 0x01, 0x00, 0x70, 
  0xff, 0x7e, 0xcf, 0xff, 0xff, 0xf0, 0x00, 0x04, 0x00, 0x00, 0x50, 0xf8, 0x0c, 0x02, 0x10, 0x50, 0x39, 0xe0, 
  0xff, 0x76, 0xcf, 0xff, 0xff, 0xf9, 0x00, 0x00, 0x00, 0x00, 0x10, 0x00, 0x22, 0x84, 0xe2, 0x04, 0x41, 0xe0, 
  0xfe, 0xfe, 0xef, 0xff, 0xff, 0xf8, 0x00, 0x00, 0x00, 0x00, 0x08, 0x00, 0xf6, 0x09, 0x00, 0xa1, 0x03, 0xf0, 
  0x7e, 0x3e, 0xff, 0xff, 0xff, 0xf8, 0x40, 0x00, 0x00, 0x00, 0x00, 0x01, 0x7e, 0x04, 0x00, 0x0a, 0x0b, 0xf0, 
  0xee, 0x3f, 0xe7, 0xff, 0xff, 0xfc, 0x00, 0x00, 0x00, 0x00, 0x00, 0x01, 0x7e, 0x98, 0x02, 0x00, 0x3f, 0xf0, 
  0xfe, 0x3f, 0x67, 0xff, 0xff, 0xfc, 0x40, 0x00, 0x00, 0x00, 0x00, 0x11, 0xfe, 0x21, 0x4e, 0xa0, 0xff, 0xf0, 
  0x7c, 0x7b, 0x73, 0xff, 0xff, 0xfd, 0xc7, 0xe0, 0x00, 0x00, 0x00, 0x04, 0xfe, 0x02, 0x85, 0x0b, 0xbf, 0xf0, 
  0xfe, 0x7b, 0x3f, 0xff, 0xff, 0xff, 0xf8, 0x05, 0x00, 0x40, 0x00, 0x00, 0x04, 0x42, 0x29, 0xfa, 0xff, 0xf0, 
  0xff, 0xd1, 0xbb, 0xff, 0xff, 0xf5, 0xf8, 0x0e, 0x21, 0xc0, 0x00, 0x90, 0x01, 0x1c, 0x2e, 0x73, 0xbf, 0xf0, 
  0xff, 0x5d, 0xff, 0xff, 0xff, 0xef, 0xcc, 0xf8, 0xcf, 0xe0, 0x00, 0x05, 0x52, 0x60, 0x0b, 0x7a, 0xff, 0xf0, 
  0xfe, 0xbf, 0xf9, 0xff, 0xff, 0xff, 0xcc, 0x7c, 0x31, 0xf0, 0x00, 0x5a, 0x2c, 0x80, 0x80, 0xff, 0xdf, 0xf0, 
  0xff, 0x5f, 0xec, 0xff, 0xfd, 0xfc, 0xee, 0x1f, 0x0c, 0x78, 0x0f, 0xb5, 0x80, 0x02, 0x23, 0xff, 0xbf, 0xf0, 
  0xff, 0xbf, 0xcc, 0x7f, 0xef, 0xfc, 0xce, 0x1d, 0x0f, 0x85, 0x50, 0x00, 0x00, 0x08, 0x0e, 0x5f, 0xff, 0xf0, 
  0xff, 0xff, 0xee, 0x3f, 0xcf, 0xf5, 0xfc, 0xfc, 0x3f, 0xf0, 0x00, 0x00, 0x00, 0x80, 0x8f, 0xe7, 0xff, 0xf0, 
  0xff, 0xff, 0xf7, 0x1f, 0xff, 0xfd, 0xfc, 0xbc, 0xff, 0xff, 0x40, 0x85, 0x20, 0x22, 0x1f, 0xeb, 0xff, 0xf0, 
  0xff, 0xdf, 0xf3, 0x9f, 0xed, 0xf7, 0xf8, 0x08, 0xff, 0xff, 0xe0, 0x00, 0x0a, 0x08, 0x2f, 0xeb, 0xff, 0xf0, 
  0xff, 0x0f, 0xf9, 0xcf, 0xcb, 0xff, 0xf8, 0x01, 0x7f, 0xff, 0xf0, 0x00, 0x0f, 0x00, 0x7f, 0xe7, 0xff, 0xf0, 
  0xde, 0x27, 0xfc, 0xfe, 0xc5, 0xfc, 0xff, 0x61, 0xff, 0xfd, 0xd4, 0x00, 0x1e, 0xa0, 0xfe, 0xfb, 0xbf, 0xf0, 
  0x86, 0x97, 0xff, 0xff, 0xa7, 0xfd, 0xff, 0x71, 0xff, 0xfe, 0x02, 0x00, 0x2c, 0x01, 0xfe, 0xfb, 0xbf, 0xf0, 
  0x07, 0x2f, 0xff, 0xc7, 0xcf, 0xfc, 0xff, 0x7d, 0xff, 0xfd, 0xb1, 0x00, 0x28, 0x03, 0xff, 0x7b, 0xdf, 0xf0, 
  0x52, 0x47, 0xff, 0xd6, 0x8f, 0xfd, 0xff, 0xff, 0xff, 0xff, 0xb4, 0x40, 0x49, 0x07, 0xef, 0x7f, 0x93, 0xf0, 
  0x04, 0x0f, 0xfd, 0xa7, 0xdf, 0xfd, 0xff, 0xbf, 0xff, 0xff, 0xe2, 0x90, 0x50, 0x0f, 0xfe, 0xdf, 0xdb, 0xf0, 
  0x82, 0x9f, 0xfa, 0x85, 0xfd, 0xff, 0xff, 0x7d, 0xff, 0xff, 0xf0, 0x26, 0xd0, 0x3f, 0xff, 0x5f, 0xd3, 0xf0, 
  0x27, 0x5f, 0xfa, 0xaf, 0xff, 0xff, 0xff, 0x7f, 0xff, 0xff, 0xf7, 0xd7, 0xf0, 0x7f, 0xff, 0xef, 0x91, 0xf0, 
  0x07, 0xbf, 0xf4, 0xaf, 0xfd, 0xf7, 0xff, 0xfb, 0xff, 0xff, 0xc2, 0x37, 0xfc, 0xff, 0xff, 0xe7, 0xd3, 0xf0, 
  0x8f, 0xff, 0xfb, 0xcf, 0xff, 0xf7, 0xff, 0xff, 0xff, 0xf9, 0x80, 0xdf, 0xff, 0xff, 0xff, 0xef, 0xd5, 0xf0, 
  0x1f, 0xff, 0xf4, 0xff, 0xfb, 0xf3, 0xff, 0xff, 0xff, 0xf0, 0x17, 0xa7, 0xff, 0xff, 0xff, 0xfb, 0xd1, 0xf0, 
  0x3f, 0xff, 0xf5, 0xff, 0xff, 0xe7, 0xff, 0xfb, 0xff, 0xf8, 0x60, 0x37, 0xff, 0xff, 0xf7, 0xef, 0xf1, 0xf0, 
  0xff, 0xaf, 0xfb, 0xc7, 0xff, 0xf7, 0xff, 0xff, 0xff, 0xf9, 0xd0, 0x8b, 0xff, 0xff, 0xff, 0xf7, 0xfd, 0xf0, 
};

const lv_img_dsc_t caramelldansen09 = {
  .header.cf = LV_IMG_CF_INDEXED_1BIT,
  .header.always_zero = 0,
  .header.reserved = 0,
  .header.w = 140,
  .header.h = 68,
  .data_size = 1232,
  .data = caramelldansen09_map,
};

#ifndef LV_ATTRIBUTE_IMG_CARAMELLDANSEN10
#define LV_ATTRIBUTE_IMG_CARAMELLDANSEN10
#endif

const LV_ATTRIBUTE_MEM_ALIGN LV_ATTRIBUTE_LARGE_CONST LV_ATTRIBUTE_IMG_CARAMELLDANSEN10 uint8_t caramelldansen10_map[] = {
#if CONFIG_NICE_VIEW_WIDGET_INVERTED
        0xff, 0xff, 0xff, 0xff, /*Color of index 0*/
        0x00, 0x00, 0x00, 0xff, /*Color of index 1*/
#else
        0x00, 0x00, 0x00, 0xff, /*Color of index 0*/
        0xff, 0xff, 0xff, 0xff, /*Color of index 1*/
#endif

  0xf5, 0x7f, 0xe7, 0x5b, 0xff, 0xcf, 0xff, 0xff, 0xff, 0xff, 0xff, 0xff, 0xff, 0xff, 0xff, 0xfa, 0xff, 0xf0, 
  0xea, 0x61, 0xff, 0xbb, 0xff, 0xef, 0xff, 0xbf, 0xff, 0xff, 0xff, 0xff, 0xff, 0xff, 0xfe, 0xf2, 0xff, 0xf0, 
  0xf2, 0xa0, 0xff, 0x7f, 0xff, 0xff, 0xff, 0xff, 0xff, 0xff, 0xff, 0xff, 0xff, 0xff, 0xff, 0xfa, 0xff, 0xf0, 
  0xfd, 0xaa, 0xff, 0xff, 0xff, 0xdf, 0xff, 0xff, 0xff, 0xef, 0xff, 0xff, 0xff, 0xff, 0xef, 0xf4, 0xff, 0xf0, 
  0xf2, 0x60, 0xff, 0xff, 0xff, 0xcf, 0xfe, 0xff, 0xff, 0xff, 0xff, 0x0f, 0xff, 0xff, 0xdf, 0xf5, 0xfb, 0xf0, 
  0xf4, 0xa4, 0xbf, 0xff, 0xff, 0xcb, 0xfe, 0xff, 0xff, 0xf7, 0xfe, 0x07, 0xff, 0xff, 0xdf, 0xf3, 0xfb, 0xf0, 
  0xfb, 0x6a, 0xff, 0xff, 0xff, 0xea, 0xfe, 0xff, 0xff, 0xfb, 0xca, 0xa3, 0xff, 0xff, 0xff, 0xf7, 0xf5, 0xf0, 
  0xfc, 0xf0, 0xff, 0xff, 0xff, 0xcb, 0xff, 0xff, 0xff, 0xfb, 0x05, 0x00, 0xff, 0xff, 0xff, 0xf7, 0xd5, 0xf0, 
  0xff, 0xf8, 0xff, 0xff, 0xf7, 0xda, 0xff, 0xff, 0xff, 0xf8, 0x05, 0x28, 0xff, 0xff, 0xff, 0xfe, 0xf5, 0xf0, 
  0xff, 0xff, 0xff, 0xff, 0xea, 0x7f, 0xfe, 0xff, 0xfe, 0x38, 0x02, 0x82, 0x7f, 0xff, 0xf3, 0xfe, 0xd1, 0xf0, 
  0x70, 0xff, 0xff, 0xff, 0xfa, 0x7f, 0xfe, 0xff, 0xbf, 0xc0, 0x02, 0xc0, 0x1f, 0xff, 0xf7, 0xfe, 0xd5, 0xf0, 
  0x6a, 0x33, 0xff, 0xff, 0xf5, 0x7f, 0xfe, 0x7f, 0xe7, 0x80, 0x01, 0x69, 0x2f, 0xff, 0xff, 0xf2, 0xb5, 0xf0, 
  0xb5, 0x75, 0xff, 0xff, 0xf2, 0x7f, 0xff, 0xff, 0xf0, 0x80, 0x00, 0x50, 0x8f, 0xff, 0xf7, 0xfe, 0xd3, 0xf0, 
  0xa8, 0xb7, 0xff, 0xff, 0xff, 0x7f, 0xff, 0xff, 0xfc, 0x30, 0x00, 0x90, 0x27, 0xff, 0xff, 0xf2, 0xdd, 0xf0, 
  0x65, 0x27, 0xdf, 0xfb, 0xfe, 0x7f, 0xeb, 0xff, 0xfc, 0x0e, 0x01, 0x64, 0x03, 0xff, 0xfe, 0xd4, 0xbb, 0xf0, 
  0xba, 0xae, 0x3f, 0xf5, 0xb7, 0xff, 0xfb, 0xff, 0xc0, 0x81, 0x52, 0x55, 0x01, 0xfe, 0xfe, 0xfe, 0xd3, 0xf0, 
  0x79, 0x78, 0xff, 0xf1, 0xab, 0xff, 0xfd, 0xfc, 0x00, 0x00, 0x05, 0xdd, 0x48, 0xff, 0xfa, 0xf5, 0xbf, 0xf0, 
  0xf2, 0x73, 0x9f, 0xf5, 0xba, 0x5f, 0xff, 0xe1, 0x80, 0x00, 0x00, 0x23, 0x40, 0x7f, 0xea, 0xf7, 0xff, 0xf0, 
  0xfe, 0xf7, 0x1f, 0xed, 0x75, 0x7e, 0xff, 0x07, 0x00, 0x00, 0x00, 0x15, 0x52, 0x3f, 0xbe, 0xff, 0xff, 0xb0, 
  0xff, 0xe6, 0x3f, 0xf1, 0xaa, 0x7f, 0x70, 0x3e, 0x00, 0x01, 0x10, 0x00, 0x50, 0x1f, 0xfb, 0xff, 0xff, 0x50, 
  0xff, 0xfc, 0xff, 0xfb, 0xf2, 0xbe, 0x40, 0x06, 0x00, 0x00, 0x40, 0x0b, 0xb8, 0x8f, 0xf7, 0xff, 0xff, 0x50, 
  0xff, 0xf8, 0xff, 0xff, 0xff, 0xfe, 0xc0, 0x00, 0x00, 0x05, 0x02, 0xf5, 0x4e, 0x26, 0x1f, 0xff, 0xff, 0x50, 
  0xff, 0xf9, 0xff, 0xff, 0xff, 0xff, 0x80, 0x00, 0x00, 0x10, 0x15, 0x00, 0xb2, 0x00, 0x07, 0xdf, 0xff, 0x50, 
  0xff, 0xfb, 0xff, 0xff, 0xff, 0xe0, 0x00, 0x00, 0x00, 0x24, 0x48, 0x00, 0x09, 0x81, 0x01, 0x6f, 0xff, 0x50, 
  0xfe, 0xaf, 0xff, 0xff, 0xf8, 0x00, 0x00, 0x00, 0x00, 0xa9, 0x20, 0xa4, 0x06, 0x40, 0x28, 0x5f, 0xff, 0x50, 
  0xe0, 0x6b, 0xff, 0xff, 0xe8, 0x00, 0x80, 0x00, 0x01, 0x40, 0x86, 0x29, 0x82, 0x88, 0x01, 0xdf, 0xf7, 0x50, 
  0xc0, 0x4b, 0xff, 0xff, 0x00, 0x00, 0x78, 0x00, 0x03, 0xaa, 0x1f, 0x30, 0x50, 0xa0, 0x01, 0xaf, 0xff, 0x50, 
  0xea, 0x59, 0xff, 0xff, 0x90, 0x00, 0x7e, 0x03, 0xf6, 0x00, 0xa3, 0xf2, 0xa4, 0xa1, 0x51, 0x5f, 0xff, 0x90, 
  0xe0, 0xd9, 0xff, 0xff, 0x40, 0x00, 0x3f, 0x83, 0xfe, 0x00, 0x0f, 0xf1, 0x40, 0x28, 0x07, 0xdf, 0xff, 0x50, 
  0xe8, 0xd9, 0xff, 0xff, 0x04, 0x00, 0x3f, 0xe7, 0xff, 0xaa, 0x8f, 0xf4, 0x1b, 0xd8, 0x1f, 0xff, 0xff, 0xb0, 
  0xe2, 0x73, 0xff, 0xff, 0x90, 0x0f, 0x7f, 0xff, 0xf4, 0x0e, 0x2b, 0xe9, 0x4a, 0x21, 0xff, 0xff, 0xff, 0xb0, 
  0xe0, 0x7b, 0xff, 0xff, 0x48, 0x0f, 0xff, 0xff, 0x00, 0x3b, 0x83, 0xe0, 0x04, 0xd1, 0xdd, 0xff, 0xff, 0xf0, 
  0xf0, 0x4f, 0xff, 0xff, 0xa0, 0x07, 0xff, 0xff, 0x01, 0x56, 0x00, 0x42, 0x43, 0xa1, 0x5d, 0x7f, 0xff, 0xf0, 
  0xe2, 0x49, 0xff, 0xff, 0x00, 0x03, 0xff, 0xff, 0x88, 0x28, 0xa8, 0x00, 0x90, 0x01, 0xdf, 0x1d, 0x9f, 0xf0, 
  0x60, 0xd9, 0xff, 0xff, 0x88, 0x03, 0xff, 0xe7, 0xc0, 0x76, 0x00, 0x10, 0x05, 0x09, 0xdd, 0x6d, 0x9f, 0xb0, 
  0xc8, 0xdb, 0xff, 0xff, 0xa0, 0x00, 0xff, 0x87, 0xf9, 0x4a, 0x02, 0x00, 0x0a, 0x01, 0xfd, 0x5e, 0xdf, 0x10, 
  0xc0, 0xb3, 0xff, 0xff, 0x84, 0x00, 0x00, 0x03, 0xff, 0x3a, 0xa0, 0x00, 0x14, 0x41, 0xfd, 0x9d, 0x1f, 0x50, 
  0xc1, 0xb3, 0xff, 0xff, 0x80, 0x00, 0x00, 0x00, 0x61, 0x94, 0x00, 0x24, 0x10, 0x02, 0x7f, 0xad, 0x8f, 0x10, 
  0x80, 0xff, 0xff, 0xff, 0xa0, 0x00, 0x00, 0x00, 0x02, 0x0f, 0x00, 0x80, 0x60, 0x08, 0x01, 0xfe, 0x5f, 0x50, 
  0x36, 0xd3, 0xff, 0xff, 0x88, 0x00, 0x00, 0x00, 0x00, 0x80, 0x06, 0x40, 0x8d, 0x21, 0x00, 0xfd, 0x8f, 0x00, 
  0xfd, 0xdb, 0xff, 0xff, 0xc0, 0x00, 0x00, 0x00, 0x00, 0x80, 0x1e, 0x61, 0x20, 0x00, 0x44, 0xfe, 0xdf, 0x50, 
  0xf0, 0x5b, 0xff, 0xff, 0xc0, 0x00, 0x00, 0x00, 0x00, 0x00, 0x17, 0xe9, 0x40, 0x0a, 0x10, 0xff, 0x9f, 0x00, 
  0x78, 0xd3, 0xff, 0xff, 0xd2, 0x00, 0x00, 0x00, 0x00, 0x00, 0x8f, 0xe0, 0x90, 0x10, 0x80, 0xdf, 0xdf, 0x40, 
  0xfa, 0xbf, 0xff, 0xff, 0xc0, 0x00, 0x00, 0x00, 0x00, 0x04, 0x37, 0xe2, 0x08, 0x44, 0x20, 0xd7, 0xdf, 0x10, 
  0x70, 0xfb, 0xff, 0xff, 0xe0, 0x00, 0x00, 0x00, 0x00, 0x00, 0x0f, 0xd0, 0x14, 0xc1, 0x03, 0xcf, 0xff, 0x50, 
  0xf8, 0x7f, 0xff, 0xff, 0xe4, 0x00, 0xac, 0x02, 0x00, 0x00, 0x03, 0x45, 0x60, 0xb0, 0x0f, 0xd7, 0xff, 0x90, 
  0xba, 0x6d, 0xff, 0xff, 0xf0, 0x40, 0x03, 0x9e, 0x00, 0x00, 0x40, 0x80, 0x41, 0x73, 0xff, 0xd6, 0xff, 0x90, 
  0x39, 0x3d, 0xff, 0xff, 0xf0, 0xd1, 0x04, 0x7f, 0x00, 0x00, 0x00, 0x15, 0x02, 0x9f, 0xdf, 0xdd, 0xff, 0xf0, 
  0x3c, 0x29, 0xff, 0xff, 0xfb, 0xd3, 0x3f, 0x9f, 0x00, 0x00, 0x01, 0x2a, 0x0a, 0xc7, 0xf9, 0xd7, 0xff, 0xf0, 
  0x38, 0x0f, 0xff, 0xff, 0xff, 0xf3, 0x1f, 0xa7, 0x80, 0x00, 0x3e, 0xd4, 0x00, 0x3f, 0x79, 0xd6, 0xff, 0xf0, 
  0x39, 0x7d, 0xff, 0xff, 0xff, 0xf9, 0x8f, 0x89, 0xe0, 0x00, 0xea, 0x20, 0x24, 0x5f, 0x7f, 0xfe, 0xff, 0xf0, 
  0x5c, 0x3c, 0xff, 0xff, 0xff, 0xf1, 0x3e, 0x82, 0x00, 0x07, 0x80, 0x89, 0x10, 0x7f, 0xf5, 0x7f, 0xff, 0xf0, 
  0x78, 0x36, 0xff, 0xff, 0xff, 0xfb, 0x3f, 0x1f, 0xf8, 0x14, 0x05, 0x20, 0x49, 0xff, 0xdd, 0x5f, 0xff, 0xf0, 
  0xd0, 0x17, 0x7f, 0xff, 0xfb, 0xfa, 0x16, 0x3f, 0xfc, 0x28, 0x10, 0x04, 0x01, 0xff, 0xff, 0x9f, 0xff, 0xf0, 
  0xfc, 0x1b, 0xbf, 0xff, 0xbb, 0xde, 0x02, 0x7f, 0xff, 0xa0, 0x40, 0x01, 0x03, 0xff, 0xff, 0x5f, 0xff, 0xf0, 
  0xfb, 0x0d, 0xff, 0xff, 0x17, 0xfe, 0x02, 0x7f, 0xfe, 0x80, 0x01, 0xf4, 0x47, 0xff, 0xff, 0xaf, 0xff, 0xf0, 
  0x70, 0xef, 0xff, 0xff, 0x1f, 0xfb, 0xf8, 0x3f, 0xfc, 0x00, 0x01, 0x60, 0x0f, 0xff, 0xfd, 0x9d, 0xff, 0xf0, 
  0x70, 0x3f, 0x67, 0xdd, 0x9f, 0xf9, 0xfc, 0x7f, 0xf8, 0x20, 0x02, 0xc1, 0x1f, 0xff, 0xfd, 0xee, 0xff, 0xf0, 
  0x2e, 0xbf, 0xbf, 0xf6, 0x17, 0xf9, 0xfe, 0xff, 0xe0, 0xf0, 0x02, 0x94, 0x3f, 0xff, 0xdd, 0xee, 0xff, 0xf0, 
  0x31, 0x3f, 0xff, 0xdf, 0x3f, 0xfb, 0xff, 0xff, 0x87, 0xcc, 0x05, 0x00, 0x7f, 0xff, 0xfd, 0xdc, 0xbf, 0xf0, 
  0xa0, 0x7f, 0xea, 0xdb, 0x3f, 0x7b, 0xff, 0xfd, 0x7f, 0xdf, 0x0d, 0x20, 0xff, 0xff, 0xdd, 0x7e, 0x9f, 0xf0, 
  0x2a, 0x7f, 0xfb, 0xdf, 0xfe, 0xff, 0xfe, 0xbf, 0xff, 0xbf, 0xca, 0x03, 0xff, 0xff, 0xfd, 0x7e, 0x9f, 0xf0, 
  0x38, 0xff, 0xdb, 0xbf, 0xfb, 0xff, 0xfe, 0xff, 0xff, 0x3f, 0xba, 0x07, 0xff, 0xff, 0xff, 0xbc, 0xdf, 0xf0, 
  0x3b, 0xff, 0xe8, 0x3f, 0xf7, 0x6f, 0xfe, 0xff, 0xff, 0x7f, 0x1f, 0x0f, 0xff, 0xff, 0xff, 0xbe, 0x9f, 0xf0, 
  0x7f, 0xff, 0xf8, 0x3f, 0xff, 0xef, 0xff, 0xff, 0xff, 0xce, 0x1f, 0xdf, 0xff, 0xff, 0xff, 0xbe, 0x9f, 0xf0, 
  0xff, 0xff, 0xe7, 0xff, 0xf7, 0xcf, 0xff, 0xfd, 0xff, 0xc0, 0x9f, 0xff, 0xff, 0xff, 0xff, 0xbe, 0xcf, 0xf0, 
  0xff, 0x7f, 0xf7, 0xff, 0xff, 0xcf, 0xff, 0xff, 0xff, 0xe1, 0xd7, 0xff, 0xff, 0xff, 0xff, 0xff, 0x9f, 0x30, 
  0xfa, 0xff, 0xf1, 0x1f, 0xff, 0xef, 0xff, 0xfb, 0xff, 0xe7, 0x80, 0x97, 0xff, 0xff, 0xef, 0xff, 0x9e, 0xb0, 
};

const lv_img_dsc_t caramelldansen10 = {
  .header.cf = LV_IMG_CF_INDEXED_1BIT,
  .header.always_zero = 0,
  .header.reserved = 0,
  .header.w = 140,
  .header.h = 68,
  .data_size = 1232,
  .data = caramelldansen10_map,
};

#ifndef LV_ATTRIBUTE_IMG_CARAMELLDANSEN11
#define LV_ATTRIBUTE_IMG_CARAMELLDANSEN11
#endif

const LV_ATTRIBUTE_MEM_ALIGN LV_ATTRIBUTE_LARGE_CONST LV_ATTRIBUTE_IMG_CARAMELLDANSEN11 uint8_t caramelldansen11_map[] = {
#if CONFIG_NICE_VIEW_WIDGET_INVERTED
        0xff, 0xff, 0xff, 0xff, /*Color of index 0*/
        0x00, 0x00, 0x00, 0xff, /*Color of index 1*/
#else
        0x00, 0x00, 0x00, 0xff, /*Color of index 0*/
        0xff, 0xff, 0xff, 0xff, /*Color of index 1*/
#endif
  0xf5, 0x7b, 0xe7, 0x55, 0xff, 0xe7, 0xff, 0xfe, 0xff, 0xee, 0x7f, 0xff, 0xff, 0xff, 0xff, 0xbd, 0x7f, 0xf0, 
  0xea, 0xa1, 0xff, 0x3f, 0xff, 0xef, 0xff, 0xbf, 0x7f, 0xc6, 0x7f, 0xff, 0xff, 0xff, 0xfe, 0xf9, 0x7f, 0xf0, 
  0xf4, 0xa4, 0xff, 0xfb, 0xff, 0xfb, 0xff, 0xff, 0x7f, 0x84, 0x7f, 0xff, 0xff, 0xff, 0xff, 0xea, 0xbf, 0xf0, 
  0xeb, 0x68, 0x5f, 0xfd, 0xff, 0xdf, 0xff, 0xff, 0xbf, 0xa4, 0xbf, 0xff, 0xff, 0xff, 0xef, 0xf9, 0x7f, 0xf0, 
  0x74, 0xb1, 0x77, 0xff, 0xff, 0xcb, 0xfe, 0xff, 0x9f, 0x15, 0x0f, 0xff, 0xff, 0xff, 0xef, 0xfb, 0x7d, 0xf0, 
  0xf9, 0x22, 0x7f, 0xff, 0xfe, 0xcb, 0xfe, 0xff, 0xdf, 0x4c, 0x0f, 0xff, 0xff, 0xff, 0xff, 0xfa, 0xfe, 0xf0, 
  0xda, 0x64, 0xdf, 0xff, 0xff, 0xe5, 0xfe, 0xff, 0xce, 0x14, 0x27, 0xff, 0xff, 0xff, 0xef, 0xfb, 0xaa, 0xf0, 
  0xff, 0xf8, 0xff, 0xff, 0xff, 0xca, 0xff, 0xff, 0xce, 0x17, 0x41, 0xff, 0xff, 0xff, 0xff, 0xdb, 0xfc, 0xf0, 
  0x7f, 0xf8, 0xff, 0xff, 0xf7, 0xfd, 0x7f, 0xff, 0xe0, 0x0a, 0x88, 0xff, 0xff, 0xff, 0xfb, 0xff, 0x6a, 0xd0, 
  0xfd, 0xff, 0xff, 0xff, 0xfa, 0x7f, 0xfe, 0xff, 0xe0, 0x0b, 0x12, 0x7f, 0xff, 0xff, 0xfb, 0xff, 0x59, 0x70, 
  0xba, 0x7f, 0xff, 0xff, 0xf2, 0x7f, 0xfe, 0xff, 0xe2, 0x04, 0x80, 0xbf, 0xff, 0xff, 0xf7, 0xfb, 0x6a, 0xf0, 
  0x38, 0xb9, 0xff, 0xff, 0xed, 0x3f, 0xfe, 0xbf, 0x91, 0x03, 0x42, 0x3f, 0xff, 0xff, 0xf3, 0xfa, 0xbc, 0xd0, 
  0xe2, 0xa2, 0xff, 0xff, 0xfa, 0x5f, 0xff, 0xff, 0x00, 0x80, 0xa0, 0x9f, 0xff, 0xff, 0xff, 0xfb, 0x6a, 0xf0, 
  0x9a, 0xac, 0xef, 0xff, 0xf3, 0x7f, 0xef, 0xfe, 0x00, 0x22, 0xb4, 0x0f, 0xff, 0xff, 0xff, 0x5b, 0x6d, 0x70, 
  0x34, 0xb3, 0x57, 0xf9, 0xff, 0x7f, 0xfb, 0xfc, 0x00, 0x15, 0x48, 0x07, 0xff, 0xff, 0xff, 0x7e, 0x5a, 0xd0, 
  0xf2, 0xac, 0xfb, 0xf5, 0x3f, 0xff, 0xeb, 0xf0, 0x02, 0x0a, 0x94, 0xa3, 0xff, 0xff, 0x7d, 0xf9, 0x6d, 0xf0, 
  0xbd, 0x29, 0x6f, 0xba, 0xd3, 0xff, 0xfb, 0x00, 0x00, 0x01, 0xeb, 0x01, 0xff, 0xff, 0xfb, 0x56, 0xff, 0xf0, 
  0x6a, 0x72, 0xdb, 0xf1, 0xaa, 0x5f, 0xf8, 0x40, 0x00, 0x00, 0x36, 0x08, 0xff, 0xff, 0xfd, 0x7a, 0xff, 0xf0, 
  0xfc, 0xfe, 0xf7, 0xfa, 0xb5, 0x7e, 0xc3, 0x80, 0x00, 0xc0, 0x09, 0xc0, 0x7f, 0xff, 0xfb, 0x7f, 0xff, 0xc0, 
  0xff, 0xff, 0xff, 0x79, 0x6a, 0xbf, 0x0e, 0x00, 0x00, 0x20, 0x02, 0x72, 0x3f, 0xff, 0xaa, 0xff, 0xfd, 0xe0, 
  0xff, 0xf9, 0xff, 0xdb, 0xb3, 0x70, 0x1e, 0x00, 0x01, 0x08, 0x02, 0x90, 0x9f, 0xff, 0xff, 0xff, 0xff, 0x90, 
  0xfe, 0xf3, 0xff, 0xff, 0xff, 0xc0, 0x04, 0x00, 0x08, 0x50, 0x7d, 0xec, 0x00, 0x3f, 0x7f, 0xef, 0xff, 0xa0, 
  0xfd, 0xe6, 0x23, 0x3f, 0xff, 0x84, 0x00, 0x00, 0x02, 0x03, 0x82, 0x14, 0x20, 0x0f, 0xff, 0xaf, 0xfe, 0xa0, 
  0xff, 0xcc, 0x0b, 0x5f, 0xfe, 0x06, 0x00, 0x00, 0x28, 0xa4, 0x00, 0xab, 0x00, 0x0f, 0xff, 0xaf, 0xff, 0xd0, 
  0xff, 0xdb, 0xf6, 0x5b, 0xf0, 0x84, 0x00, 0x00, 0x42, 0x00, 0xa8, 0x15, 0x05, 0x5f, 0xff, 0xab, 0xff, 0xa0, 
  0xff, 0x92, 0x2a, 0xdf, 0xc0, 0xef, 0x00, 0x01, 0xa0, 0x8c, 0x42, 0x02, 0x50, 0x0f, 0xef, 0xaf, 0xfe, 0xa0, 
  0xff, 0x24, 0x0b, 0x9e, 0x01, 0xef, 0x8f, 0x43, 0x0a, 0x3e, 0xe3, 0xa4, 0x80, 0x2f, 0xdf, 0xaf, 0xff, 0xd0, 
  0xff, 0x4d, 0xb2, 0x30, 0x01, 0xff, 0xcf, 0xfe, 0x40, 0xaf, 0xe8, 0x41, 0xc4, 0x8f, 0xff, 0xaf, 0xfb, 0xa0, 
  0xff, 0xdf, 0xe6, 0xa0, 0x00, 0xff, 0xff, 0xff, 0x02, 0x1f, 0xc4, 0xa0, 0x29, 0x9f, 0xff, 0xaf, 0xfe, 0xa0, 
  0xff, 0x5a, 0xff, 0xe0, 0x01, 0xff, 0xff, 0xff, 0x18, 0x2f, 0xc1, 0x1a, 0xb3, 0xff, 0xff, 0xff, 0xff, 0xd0, 
  0xff, 0x4f, 0xff, 0xe0, 0x00, 0xff, 0xff, 0x00, 0x7e, 0x97, 0xea, 0x25, 0x49, 0xff, 0xff, 0xff, 0xff, 0xe0, 
  0xff, 0xdb, 0xff, 0x80, 0x00, 0xff, 0xfc, 0x00, 0xa4, 0x47, 0x80, 0x8a, 0xa0, 0xff, 0xdd, 0xbf, 0xff, 0xf0, 
  0xff, 0xfd, 0xff, 0x80, 0x00, 0x7f, 0xff, 0x0a, 0xd9, 0x10, 0x00, 0x01, 0x41, 0xff, 0x6d, 0xaf, 0xfb, 0xf0, 
  0x21, 0xf5, 0xff, 0x20, 0x00, 0x0f, 0x0f, 0x80, 0xa8, 0x00, 0x0a, 0xa2, 0x00, 0xff, 0xdc, 0xaf, 0x4f, 0xf0, 
  0x00, 0xf5, 0xff, 0x88, 0x00, 0x00, 0x07, 0xf0, 0xb9, 0x40, 0x00, 0x0c, 0x08, 0xff, 0xdd, 0x97, 0x4f, 0xc0, 
  0x54, 0xf5, 0xff, 0x80, 0x00, 0x00, 0x07, 0xfe, 0x68, 0x20, 0x00, 0x28, 0x91, 0xff, 0xfd, 0xad, 0x4d, 0x80, 
  0x80, 0xfb, 0xff, 0x20, 0x00, 0x00, 0x00, 0xfe, 0xa8, 0x00, 0x00, 0x50, 0x01, 0xff, 0xfd, 0x9f, 0x67, 0xa0, 
  0x0a, 0xfb, 0xff, 0xc8, 0x00, 0x00, 0x00, 0x02, 0x2f, 0x02, 0x20, 0x84, 0x01, 0xff, 0xff, 0xa7, 0x57, 0x80, 
  0x20, 0xff, 0xff, 0x80, 0x00, 0x00, 0x00, 0x03, 0x0c, 0x01, 0x80, 0x90, 0x01, 0xff, 0xef, 0xbf, 0x45, 0xa0, 
  0x90, 0xfd, 0xff, 0x94, 0x00, 0x00, 0x00, 0x01, 0x00, 0x3c, 0x83, 0x30, 0x94, 0xff, 0xfb, 0xff, 0x4f, 0x80, 
  0x44, 0xfa, 0xff, 0xc0, 0x00, 0x00, 0x00, 0x00, 0x00, 0x2d, 0x92, 0x42, 0x02, 0x8f, 0xe7, 0xff, 0xe7, 0xa0, 
  0x02, 0xfa, 0xff, 0xe0, 0x00, 0x00, 0x00, 0x00, 0x01, 0x5f, 0xc1, 0x00, 0x28, 0x8f, 0xef, 0xff, 0x45, 0x80, 
  0x00, 0xb5, 0xff, 0xc0, 0x00, 0x00, 0x00, 0x00, 0x00, 0x5f, 0x82, 0x20, 0x02, 0x27, 0xfb, 0xef, 0xcf, 0xa0, 
  0xa0, 0xfd, 0xff, 0xea, 0x00, 0x00, 0x00, 0x00, 0x2a, 0x2f, 0xc2, 0x10, 0x08, 0x8f, 0x7f, 0xab, 0xfb, 0xc0, 
  0x09, 0xff, 0xff, 0xe0, 0x00, 0x14, 0x02, 0x00, 0x00, 0x9f, 0x88, 0x60, 0x22, 0x27, 0x6f, 0xeb, 0xff, 0xa0, 
  0x01, 0xdf, 0xff, 0xf0, 0x00, 0x76, 0x0e, 0x00, 0x00, 0x01, 0x14, 0x80, 0x88, 0x8f, 0xbf, 0xea, 0xff, 0xc0, 
  0x81, 0xfe, 0xff, 0xf1, 0x00, 0xc1, 0xff, 0x00, 0x10, 0x00, 0x01, 0x03, 0x50, 0x07, 0xef, 0xa7, 0xff, 0xc0, 
  0x03, 0xfe, 0xff, 0xf8, 0x01, 0xe7, 0x3f, 0x00, 0x05, 0x00, 0x02, 0x81, 0x82, 0x0f, 0xe9, 0xeb, 0x7f, 0xf0, 
  0xab, 0xfd, 0xff, 0xfc, 0x03, 0xc8, 0xc7, 0x00, 0x00, 0x10, 0x7e, 0x0f, 0x40, 0xff, 0xed, 0xee, 0xff, 0xf0, 
  0x90, 0x1d, 0xff, 0xfc, 0x0a, 0xf0, 0x13, 0x80, 0x00, 0x57, 0xc0, 0x0b, 0x7f, 0xff, 0x7c, 0xeb, 0x7f, 0xf0, 
  0xc4, 0x0f, 0xff, 0xfe, 0x13, 0xe0, 0x0c, 0xc0, 0x00, 0x15, 0x04, 0x06, 0x9f, 0xff, 0xfd, 0xbb, 0xff, 0xf0, 
  0xa1, 0x5f, 0xff, 0xff, 0x1f, 0xe8, 0x0d, 0xe0, 0x00, 0x54, 0x08, 0x20, 0xef, 0xff, 0xdd, 0xbf, 0x7f, 0xf0, 
  0xc8, 0x0f, 0xff, 0xff, 0xbf, 0xe4, 0x18, 0x30, 0x00, 0x50, 0x11, 0x48, 0x3f, 0xff, 0xdd, 0xaf, 0xff, 0xf0, 
  0xe2, 0xaf, 0xff, 0xfd, 0xbb, 0xf0, 0x10, 0x04, 0x00, 0xa4, 0x20, 0x02, 0xff, 0xff, 0xdd, 0xaf, 0x7f, 0xf0, 
  0xc0, 0x0f, 0xff, 0xff, 0xf3, 0xf0, 0x00, 0x9c, 0x03, 0x40, 0x44, 0x53, 0xff, 0xff, 0xff, 0xa7, 0xff, 0xb0, 
  0xea, 0x2e, 0xff, 0xff, 0xdf, 0xf0, 0x00, 0xbe, 0x02, 0x08, 0x91, 0x07, 0xff, 0xff, 0xff, 0x9f, 0xff, 0xf0, 
  0xe0, 0x8f, 0xff, 0xff, 0x97, 0xf8, 0x66, 0x3f, 0x0a, 0x00, 0x64, 0x84, 0xff, 0xff, 0xfd, 0xae, 0xff, 0xf0, 
  0x60, 0x0f, 0xff, 0xff, 0x1f, 0xf8, 0x06, 0x3f, 0xc4, 0x81, 0x10, 0x11, 0xbf, 0xff, 0xfc, 0xe7, 0x7f, 0xf0, 
  0xe0, 0x1f, 0xbf, 0xff, 0x17, 0xf8, 0x0e, 0xbf, 0xe8, 0x06, 0x81, 0x2f, 0xff, 0xff, 0xdd, 0xee, 0x7f, 0xb0, 
  0xc0, 0x1f, 0xff, 0xff, 0xbf, 0xf9, 0x1f, 0xff, 0xf0, 0x0d, 0x44, 0x23, 0xff, 0xff, 0xde, 0xef, 0x5f, 0xf0, 
  0xc4, 0x17, 0xff, 0xfb, 0x3f, 0x7a, 0x5f, 0xff, 0xc0, 0x17, 0x10, 0x97, 0xff, 0xff, 0xdd, 0xbf, 0x4f, 0xf0, 
  0x40, 0x9f, 0xff, 0xef, 0xfa, 0xff, 0x0e, 0x7f, 0xc4, 0x14, 0x01, 0xff, 0xff, 0xff, 0xfe, 0xbe, 0x6f, 0xf0, 
  0x20, 0x0f, 0xff, 0xff, 0xfb, 0xff, 0x8e, 0xff, 0xc8, 0x2c, 0x47, 0xbf, 0xff, 0xff, 0xff, 0xbe, 0x8f, 0xf0, 
  0x3c, 0x1f, 0xff, 0xff, 0xff, 0xff, 0xc6, 0xff, 0x98, 0x29, 0x0f, 0xff, 0xff, 0xff, 0xfb, 0x9f, 0x47, 0xf0, 
  0x3f, 0xbf, 0xf7, 0xff, 0xfb, 0xcf, 0xe3, 0xff, 0xde, 0x48, 0x0f, 0xff, 0xff, 0xff, 0xff, 0xaf, 0x2f, 0xf0, 
  0x7f, 0xff, 0xfb, 0xff, 0xf7, 0xeb, 0xf9, 0xff, 0x9c, 0x04, 0x47, 0xff, 0xff, 0xff, 0xef, 0xff, 0x47, 0xf0, 
  0xfd, 0xff, 0xef, 0xff, 0xff, 0xcf, 0xff, 0xff, 0x9e, 0x01, 0xcf, 0xbf, 0xff, 0xff, 0xfb, 0xbf, 0xc6, 0xd0, 
  0xfb, 0x7f, 0xfd, 0xff, 0xff, 0xee, 0xff, 0xfb, 0xbe, 0xb5, 0xe0, 0xa7, 0xff, 0xff, 0xef, 0xff, 0xd5, 0x80, 
};

const lv_img_dsc_t caramelldansen11 = {
  .header.cf = LV_IMG_CF_INDEXED_1BIT,
  .header.always_zero = 0,
  .header.reserved = 0,
  .header.w = 140,
  .header.h = 68,
  .data_size = 1232,
  .data = caramelldansen11_map,
};

#ifndef LV_ATTRIBUTE_IMG_CARAMELLDANSEN12
#define LV_ATTRIBUTE_IMG_CARAMELLDANSEN12
#endif

const LV_ATTRIBUTE_MEM_ALIGN LV_ATTRIBUTE_LARGE_CONST LV_ATTRIBUTE_IMG_CARAMELLDANSEN12 uint8_t caramelldansen12_map[] = {
#if CONFIG_NICE_VIEW_WIDGET_INVERTED
        0xff, 0xff, 0xff, 0xff, /*Color of index 0*/
        0x00, 0x00, 0x00, 0xff, /*Color of index 1*/
#else
        0x00, 0x00, 0x00, 0xff, /*Color of index 0*/
        0xff, 0xff, 0xff, 0xff, /*Color of index 1*/
#endif

  0xfd, 0x5e, 0xf9, 0x96, 0xff, 0xf7, 0xff, 0xbf, 0xef, 0xfe, 0x67, 0xff, 0xff, 0xff, 0xff, 0xff, 0x57, 0xf0, 
  0xfe, 0xa8, 0x7f, 0xef, 0xff, 0xf7, 0xff, 0xbf, 0xf7, 0xfc, 0x6f, 0xff, 0xff, 0xff, 0xff, 0xff, 0x27, 0xf0, 
  0xfc, 0xaa, 0x3f, 0xfc, 0xff, 0xff, 0xff, 0xbf, 0xf7, 0xfa, 0x4b, 0xff, 0xff, 0xff, 0xff, 0xff, 0x5f, 0xf0, 
  0xff, 0x28, 0x97, 0xff, 0xff, 0xef, 0xff, 0xff, 0xf7, 0xf0, 0x13, 0xff, 0xff, 0xff, 0xf7, 0xfe, 0xa7, 0xf0, 
  0xfe, 0xac, 0x1f, 0xff, 0xff, 0xe5, 0xff, 0x7f, 0xf3, 0xe2, 0x8b, 0xff, 0xff, 0xff, 0xf7, 0xff, 0x2f, 0xe0, 
  0xfd, 0x4a, 0xbf, 0xff, 0xff, 0xe5, 0xff, 0x7f, 0xfb, 0xf3, 0x23, 0xff, 0xff, 0xff, 0xf7, 0xff, 0x6f, 0xc0, 
  0xfe, 0x9d, 0x1f, 0xff, 0xff, 0xf7, 0x7f, 0xff, 0xf9, 0xc7, 0x01, 0xff, 0xff, 0xff, 0xf7, 0xff, 0x7e, 0xe0, 
  0xff, 0xfc, 0x3f, 0xff, 0xff, 0xe4, 0xff, 0xff, 0xf9, 0x85, 0x88, 0xff, 0xff, 0xff, 0xff, 0xff, 0x7f, 0x90, 
  0x7f, 0xfe, 0x7f, 0xff, 0xfd, 0xfd, 0x7f, 0xff, 0xf8, 0x04, 0xa4, 0x7f, 0xff, 0xff, 0xff, 0xff, 0xe6, 0xa0, 
  0xdf, 0x7f, 0xff, 0xff, 0xf9, 0x3f, 0xff, 0x7f, 0xfc, 0x02, 0xd2, 0x3f, 0xff, 0xff, 0xfc, 0xff, 0xed, 0xe0, 
  0xac, 0x9f, 0xff, 0xff, 0xfd, 0x3f, 0xff, 0x7f, 0xf8, 0x41, 0x41, 0x1f, 0xff, 0xff, 0xfd, 0xff, 0x77, 0x90, 
  0xff, 0x2e, 0x7f, 0xff, 0xfa, 0x9f, 0xff, 0x7f, 0xf0, 0x40, 0xa0, 0x4f, 0xff, 0xff, 0xff, 0xff, 0xd5, 0x40, 
  0x54, 0x48, 0xbf, 0xff, 0xfd, 0xbf, 0xff, 0xbf, 0xe2, 0x10, 0x58, 0x07, 0xff, 0xff, 0xfa, 0xff, 0x26, 0xa0, 
  0xae, 0xaf, 0x3b, 0xff, 0xfd, 0x9f, 0xf7, 0xff, 0x80, 0x10, 0x2a, 0x53, 0xff, 0xff, 0xff, 0xdd, 0xdb, 0xd0, 
  0x7c, 0xac, 0xd5, 0xfc, 0xff, 0xbf, 0xf5, 0xff, 0x00, 0x05, 0xd2, 0x01, 0xff, 0xff, 0xff, 0xdf, 0x36, 0xe0, 
  0xef, 0x09, 0x3f, 0xfe, 0xdf, 0xff, 0xfd, 0xfe, 0x00, 0x02, 0x25, 0x04, 0xff, 0xff, 0xfe, 0xdf, 0x65, 0xc0, 
  0xde, 0xee, 0xb5, 0xf9, 0x69, 0xff, 0xfd, 0xf8, 0x00, 0x40, 0xda, 0xd0, 0x7f, 0xff, 0xff, 0xdb, 0x6f, 0xf0, 
  0x7e, 0x9d, 0x5d, 0xfc, 0x7a, 0xbf, 0xff, 0x80, 0x00, 0x00, 0x15, 0x81, 0x7f, 0xff, 0xff, 0x5f, 0x6f, 0xf0, 
  0xff, 0x3e, 0x7b, 0xbd, 0x5c, 0xaf, 0x7c, 0x60, 0x00, 0x10, 0x05, 0x70, 0x1f, 0xff, 0xfa, 0xaf, 0xff, 0xf0, 
  0xff, 0xff, 0xff, 0xee, 0xd9, 0xbf, 0x20, 0xc0, 0x00, 0x34, 0x02, 0xac, 0x1f, 0xff, 0xde, 0xdf, 0xff, 0xf0, 
  0xff, 0xff, 0xff, 0xfc, 0xfa, 0xbe, 0x07, 0x80, 0x00, 0x88, 0x01, 0x54, 0x4f, 0xff, 0xff, 0xff, 0xff, 0xf0, 
  0xff, 0xbf, 0xff, 0xff, 0xff, 0xf8, 0x01, 0x80, 0x02, 0x00, 0x12, 0xab, 0x00, 0x0f, 0xff, 0xfd, 0xff, 0xf0, 
  0xff, 0xff, 0xf1, 0xaf, 0xff, 0xe1, 0x00, 0x00, 0x00, 0xaa, 0xed, 0x4a, 0x10, 0x23, 0xff, 0xf5, 0xff, 0xf0, 
  0xff, 0xff, 0xbd, 0xcf, 0xff, 0xe1, 0x80, 0x00, 0x08, 0x01, 0x00, 0x32, 0xc2, 0x87, 0xff, 0xf7, 0xff, 0xf0, 
  0xfe, 0xbe, 0xbe, 0x57, 0xff, 0x31, 0x80, 0x00, 0x12, 0x20, 0x80, 0x0d, 0xa0, 0x57, 0xff, 0xf5, 0xff, 0xf0, 
  0xff, 0xfc, 0xe3, 0xb7, 0xf8, 0x7b, 0x80, 0x00, 0x20, 0x8a, 0x35, 0x82, 0x09, 0x07, 0xff, 0xf4, 0xef, 0xf0, 
  0xff, 0xfd, 0xe1, 0xcf, 0xf0, 0x7f, 0xc3, 0xa0, 0xd5, 0x27, 0x32, 0x40, 0xe0, 0x47, 0xeb, 0xed, 0xff, 0xf0, 
  0xff, 0xfb, 0x3c, 0x97, 0xc0, 0x3f, 0xf7, 0xfe, 0xe0, 0x0b, 0xf8, 0xb2, 0x22, 0x17, 0xf7, 0xfb, 0xff, 0xf0, 
  0xff, 0x72, 0x65, 0xae, 0x00, 0x7f, 0xff, 0xff, 0x80, 0xaf, 0xf0, 0x48, 0x58, 0x87, 0xff, 0xf5, 0xff, 0xf0, 
  0xff, 0xec, 0xc3, 0xfc, 0x00, 0x7f, 0xff, 0xff, 0xc4, 0x4b, 0xf2, 0x90, 0xa1, 0x6f, 0xff, 0xff, 0xff, 0xf0, 
  0xff, 0xe9, 0xcb, 0xf8, 0x00, 0x3f, 0xff, 0xc0, 0x9f, 0x07, 0xf4, 0x0f, 0x5f, 0x3f, 0xff, 0xff, 0xff, 0xf0, 
  0xff, 0xeb, 0xff, 0xc8, 0x00, 0x3f, 0xff, 0x00, 0x2b, 0x93, 0xe0, 0xa4, 0xa4, 0x3f, 0xf7, 0x7f, 0xff, 0xf0, 
  0xbf, 0xab, 0xfd, 0x80, 0x00, 0x0f, 0xff, 0x84, 0x36, 0x40, 0x40, 0x01, 0x50, 0x3f, 0xb7, 0x25, 0xef, 0xf0, 
  0x0e, 0xab, 0xb5, 0xa0, 0x00, 0x03, 0xc3, 0xe1, 0x4c, 0x04, 0x05, 0x50, 0xa0, 0x3f, 0xef, 0x75, 0xfc, 0xf0, 
  0x0e, 0x39, 0xdf, 0x20, 0x00, 0x00, 0x03, 0xfc, 0xba, 0x50, 0x00, 0x01, 0x05, 0x3f, 0xf7, 0xb5, 0xd4, 0xf0, 
  0x45, 0xef, 0x5f, 0xe8, 0x00, 0x00, 0x01, 0xfe, 0x16, 0x00, 0x00, 0x06, 0x02, 0x3f, 0xff, 0x25, 0xe4, 0xf0, 
  0x10, 0x1f, 0x5f, 0xe2, 0x00, 0x00, 0x00, 0x7f, 0xaa, 0x00, 0x08, 0x0c, 0x04, 0x3f, 0xff, 0x75, 0xfc, 0x70, 
  0x80, 0x1f, 0x5f, 0xc0, 0x00, 0x00, 0x00, 0x03, 0x95, 0x00, 0x81, 0x10, 0x80, 0x7f, 0xff, 0xf5, 0xd5, 0x70, 
  0xc5, 0x5f, 0xbf, 0xe8, 0x00, 0x00, 0x00, 0x00, 0x8f, 0x40, 0x80, 0x20, 0x00, 0x3f, 0xfb, 0xf7, 0xe8, 0x70, 
  0x50, 0x0f, 0xbf, 0xe2, 0x80, 0x00, 0x00, 0x00, 0x40, 0x06, 0x60, 0x4e, 0x12, 0x3f, 0xff, 0xff, 0xf5, 0x70, 
  0x80, 0x1f, 0x7f, 0xe8, 0x00, 0x00, 0x00, 0x00, 0x00, 0x1e, 0x64, 0x90, 0x40, 0x37, 0xfa, 0xfe, 0xee, 0x70, 
  0xc5, 0x4f, 0xdf, 0xf0, 0x00, 0x00, 0x00, 0x00, 0x00, 0x17, 0xe0, 0x20, 0x00, 0x86, 0xfb, 0xff, 0xec, 0xf0, 
  0xd0, 0x0f, 0xbf, 0xf2, 0x80, 0x00, 0x00, 0x00, 0x01, 0x4f, 0xf1, 0xc0, 0x0a, 0x07, 0xff, 0xfd, 0xfc, 0xf0, 
  0xc1, 0x1f, 0xaf, 0xf8, 0x00, 0x00, 0x00, 0x00, 0x48, 0x1f, 0xe1, 0x0d, 0x04, 0xa3, 0xbe, 0xf9, 0x7e, 0xf0, 
  0xe4, 0x4b, 0xcf, 0xf8, 0x00, 0x00, 0x00, 0x80, 0x00, 0x0b, 0xe2, 0x10, 0x11, 0x0b, 0xd7, 0xed, 0x7f, 0xf0, 
  0xc0, 0x1f, 0x5f, 0xfa, 0x40, 0x05, 0x87, 0x80, 0x01, 0x43, 0xd0, 0x20, 0x08, 0x13, 0xb7, 0xfd, 0xef, 0xf0, 
  0x81, 0x1f, 0xdf, 0xfc, 0x00, 0x16, 0x7f, 0xc0, 0x08, 0x00, 0x05, 0x50, 0x02, 0xa3, 0xf7, 0xf9, 0x6f, 0xf0, 
  0x80, 0x1b, 0xff, 0xfe, 0x10, 0x24, 0x8f, 0xc0, 0x02, 0x00, 0x00, 0x40, 0xd0, 0x41, 0xf7, 0x7d, 0xbf, 0xf0, 
  0xa8, 0x3f, 0xff, 0xff, 0x00, 0x2e, 0x33, 0xc0, 0x00, 0x10, 0x05, 0x80, 0x64, 0x03, 0xfb, 0x6d, 0x6f, 0xf0, 
  0x02, 0x3f, 0xef, 0xff, 0x01, 0xfe, 0x8c, 0xe0, 0x00, 0x44, 0xba, 0x03, 0xa0, 0x1f, 0xfe, 0x7d, 0x6f, 0xf0, 
  0x00, 0x3f, 0xef, 0xff, 0x91, 0xfd, 0x01, 0x30, 0x00, 0x05, 0xe0, 0x03, 0xd7, 0xff, 0xdf, 0x7f, 0xff, 0xf0, 
  0xf4, 0xff, 0xdf, 0xff, 0xc1, 0xfe, 0x00, 0xd8, 0x00, 0x15, 0x02, 0x88, 0x7f, 0xff, 0xef, 0x67, 0x5f, 0xf0, 
  0xf9, 0x05, 0xdf, 0xff, 0xc3, 0xfc, 0x81, 0x9c, 0x00, 0x15, 0x04, 0x00, 0xa7, 0xff, 0xef, 0x6b, 0xf7, 0xf0, 
  0x7c, 0x01, 0x7f, 0xff, 0xf3, 0xfa, 0x01, 0x00, 0x00, 0x08, 0x08, 0x12, 0x1f, 0xff, 0xff, 0xb5, 0xef, 0xf0, 
  0xba, 0x51, 0xef, 0xff, 0xf3, 0xfe, 0x12, 0x01, 0x00, 0x74, 0x40, 0x44, 0x7f, 0xff, 0xff, 0xf5, 0xff, 0xf0, 
  0x7c, 0x84, 0xff, 0xff, 0xff, 0xfe, 0x02, 0x88, 0x00, 0x41, 0x12, 0x10, 0xff, 0xff, 0xff, 0xd5, 0xff, 0xf0, 
  0xdc, 0x28, 0xff, 0xff, 0xff, 0xfd, 0x03, 0x10, 0x40, 0x00, 0x0c, 0x81, 0xff, 0xff, 0xff, 0x75, 0xff, 0xf0, 
  0x5d, 0x02, 0xff, 0xff, 0xfb, 0xfc, 0x02, 0x3c, 0x61, 0x00, 0x12, 0x23, 0xff, 0xff, 0xff, 0x75, 0xcf, 0xf0, 
  0x9e, 0x50, 0xff, 0xff, 0xff, 0xfd, 0x82, 0x7f, 0x72, 0x01, 0x50, 0x07, 0xff, 0xff, 0xef, 0x7d, 0xef, 0xf0, 
  0x1c, 0x04, 0xff, 0xff, 0xff, 0xfd, 0xa8, 0x7f, 0xf9, 0x03, 0x4a, 0x8f, 0xff, 0xff, 0xff, 0x3d, 0xd5, 0xf0, 
  0x1d, 0x00, 0xff, 0xff, 0xff, 0xbd, 0xc0, 0xff, 0xfc, 0x06, 0xc0, 0x3f, 0xff, 0xff, 0xef, 0x67, 0xe4, 0xf0, 
  0x0e, 0x21, 0xff, 0xff, 0xff, 0xff, 0xc1, 0x3f, 0xfc, 0x05, 0x90, 0x3f, 0xff, 0xff, 0xff, 0xbf, 0xca, 0xf0, 
  0x1c, 0x00, 0xfb, 0xff, 0xfe, 0xff, 0xe1, 0x7b, 0xf9, 0x0b, 0x05, 0x6f, 0xff, 0xff, 0xff, 0x76, 0xf4, 0xf0, 
  0x3c, 0x89, 0xbf, 0xff, 0xfd, 0xff, 0xf8, 0x7f, 0xf1, 0x92, 0x21, 0xff, 0xff, 0xff, 0xff, 0xe7, 0xe8, 0x70, 
  0xac, 0x01, 0xff, 0xff, 0xfb, 0xf7, 0xfc, 0x7f, 0xf9, 0x84, 0x82, 0xff, 0xff, 0xff, 0xff, 0xf7, 0xe5, 0x70, 
  0x0e, 0x01, 0xff, 0xff, 0xff, 0xe7, 0xff, 0x1d, 0xf3, 0x86, 0x0b, 0xbf, 0xff, 0xff, 0xff, 0xf7, 0xea, 0x70, 
  0x1f, 0xe1, 0xff, 0xff, 0xff, 0xe7, 0xff, 0x8f, 0xfb, 0x80, 0x11, 0xf7, 0xff, 0xff, 0xf7, 0xff, 0xec, 0x70, 
  0xff, 0x7e, 0xff, 0x3f, 0xff, 0xf7, 0xff, 0xf7, 0xf3, 0xe8, 0xa8, 0x27, 0xff, 0xff, 0xf6, 0xf7, 0xfd, 0x70, 
};

const lv_img_dsc_t caramelldansen12 = {
  .header.cf = LV_IMG_CF_INDEXED_1BIT,
  .header.always_zero = 0,
  .header.reserved = 0,
  .header.w = 140,
  .header.h = 68,
  .data_size = 1232,
  .data = caramelldansen12_map,
};

#ifndef LV_ATTRIBUTE_MEM_ALIGN
#define LV_ATTRIBUTE_MEM_ALIGN
#endif

#ifndef LV_ATTRIBUTE_IMG_CARAMELLDANSEN13
#define LV_ATTRIBUTE_IMG_CARAMELLDANSEN13
#endif

const LV_ATTRIBUTE_MEM_ALIGN LV_ATTRIBUTE_LARGE_CONST LV_ATTRIBUTE_IMG_CARAMELLDANSEN13 uint8_t caramelldansen13_map[] = {
#if CONFIG_NICE_VIEW_WIDGET_INVERTED
        0xff, 0xff, 0xff, 0xff, /*Color of index 0*/
        0x00, 0x00, 0x00, 0xff, /*Color of index 1*/
#else
        0x00, 0x00, 0x00, 0xff, /*Color of index 0*/
        0xff, 0xff, 0xff, 0xff, /*Color of index 1*/
#endif

  0xff, 0xab, 0x5e, 0xeb, 0x7f, 0xfb, 0xff, 0xbf, 0xff, 0xff, 0xff, 0xef, 0xff, 0xff, 0xff, 0xff, 0xea, 0xf0, 
  0xff, 0x2a, 0x1f, 0xf7, 0xff, 0xfb, 0xff, 0xff, 0xff, 0xff, 0xfd, 0xcf, 0xff, 0xff, 0xff, 0xff, 0xf5, 0x70, 
  0xff, 0xca, 0x8f, 0xff, 0x7f, 0xff, 0xff, 0xff, 0xff, 0xef, 0xfc, 0xcf, 0xff, 0xff, 0xfd, 0xff, 0xc6, 0xf0, 
  0xff, 0xab, 0x2f, 0xff, 0xff, 0xf3, 0xff, 0xff, 0xff, 0xf7, 0xf8, 0x43, 0xff, 0xff, 0xfd, 0xff, 0xd4, 0xf0, 
  0xff, 0xd2, 0x07, 0xff, 0xff, 0xf2, 0xff, 0x7f, 0xff, 0xf7, 0xf8, 0x30, 0xff, 0xff, 0xff, 0xff, 0xe5, 0xf0, 
  0xff, 0xaf, 0x4f, 0xff, 0xff, 0xfa, 0xff, 0x7f, 0xff, 0xfb, 0xf4, 0x64, 0x7f, 0xff, 0xfd, 0xff, 0xef, 0xf0, 
  0xff, 0xd3, 0x2f, 0xff, 0xff, 0xf2, 0xff, 0x7f, 0xff, 0xf9, 0xf0, 0xa1, 0x3f, 0xff, 0xfb, 0xff, 0xef, 0xf0, 
  0xff, 0xff, 0x8f, 0xff, 0xff, 0xfa, 0xff, 0xff, 0xff, 0xfc, 0xf0, 0xb4, 0x0f, 0xff, 0xff, 0xff, 0xef, 0xf0, 
  0xff, 0xff, 0xdf, 0xff, 0xfe, 0xfe, 0xbf, 0xff, 0xff, 0xfc, 0x60, 0x51, 0x47, 0xff, 0xff, 0xff, 0xfe, 0xf0, 
  0xff, 0xcf, 0xff, 0xff, 0xfc, 0x9f, 0xff, 0x7f, 0xff, 0xfe, 0x00, 0x2c, 0x13, 0xff, 0xfe, 0x3f, 0xfc, 0xf0, 
  0xff, 0xb7, 0xff, 0xff, 0xff, 0x5f, 0xff, 0x3f, 0xff, 0xfe, 0x00, 0x2c, 0x01, 0xff, 0xff, 0x7f, 0xf5, 0x70, 
  0xff, 0x83, 0x1f, 0xff, 0xfe, 0xcf, 0xff, 0x7f, 0xff, 0xfe, 0x28, 0x13, 0x54, 0xff, 0xfe, 0xff, 0xef, 0x70, 
  0xff, 0x6a, 0xaf, 0xff, 0xfe, 0x8f, 0xff, 0xff, 0xff, 0xfd, 0x10, 0x07, 0x00, 0x7f, 0xfe, 0xff, 0xf4, 0xf0, 
  0xff, 0xab, 0x6d, 0xff, 0xfe, 0xdf, 0xfb, 0xff, 0xff, 0xf0, 0x06, 0x09, 0x81, 0x3f, 0xff, 0xf7, 0xea, 0x70, 
  0xff, 0x8a, 0x8e, 0xff, 0x7f, 0xff, 0xfd, 0xff, 0xff, 0xe0, 0x01, 0x14, 0x64, 0x1f, 0xbf, 0xf7, 0xd6, 0xf0, 
  0xff, 0xb2, 0xb7, 0xfe, 0x3e, 0xff, 0xfe, 0xff, 0xff, 0xc0, 0x00, 0x6b, 0x91, 0x4f, 0xff, 0xfb, 0x64, 0xf0, 
  0xff, 0xeb, 0x6f, 0xfe, 0xbe, 0xdf, 0xf9, 0xff, 0xfc, 0x00, 0x08, 0x0d, 0x68, 0x07, 0xff, 0xb7, 0xed, 0xf0, 
  0xff, 0x87, 0x0d, 0x7e, 0xbc, 0xdf, 0xff, 0xff, 0xe2, 0x00, 0x00, 0x02, 0x54, 0x13, 0xfe, 0xb7, 0xff, 0xf0, 
  0xff, 0xff, 0xdf, 0xff, 0x2d, 0x2f, 0xbf, 0xff, 0x0c, 0x00, 0x00, 0x20, 0xeb, 0x41, 0xff, 0xf7, 0xef, 0xf0, 
  0xff, 0xff, 0xff, 0xfe, 0xbe, 0xd7, 0xbb, 0xf8, 0x70, 0x00, 0x07, 0x00, 0x15, 0x05, 0xfe, 0xb7, 0xff, 0xf0, 
  0xff, 0xff, 0xff, 0xff, 0x7e, 0x5f, 0xbb, 0xc1, 0xf0, 0x00, 0x10, 0x00, 0x0a, 0xd0, 0xd7, 0xff, 0xff, 0xf0, 
  0xff, 0xff, 0xff, 0x7f, 0xff, 0xff, 0xbe, 0x00, 0x20, 0x00, 0x41, 0x42, 0xf5, 0x20, 0x00, 0x7f, 0xff, 0xf0, 
  0xff, 0xdf, 0xfe, 0xf7, 0xff, 0xff, 0xf8, 0x00, 0x00, 0x00, 0x14, 0x2d, 0x09, 0x55, 0x00, 0x3d, 0xbf, 0xf0, 
  0xff, 0xff, 0xfe, 0x83, 0xff, 0xff, 0xf8, 0x40, 0x00, 0x01, 0x00, 0x10, 0x02, 0xd0, 0x04, 0x7c, 0xbf, 0xf0, 
  0xff, 0xff, 0xfd, 0xbb, 0xff, 0xfa, 0xc0, 0x60, 0x00, 0x02, 0x51, 0x40, 0x40, 0x28, 0x29, 0x7d, 0xbf, 0xf0, 
  0xff, 0xdf, 0xf9, 0xef, 0xff, 0xfe, 0x18, 0x60, 0x00, 0x0c, 0x04, 0x63, 0x18, 0x16, 0x00, 0x3d, 0x3f, 0xf0, 
  0xff, 0xff, 0xf2, 0x43, 0xff, 0xf8, 0x1e, 0xf8, 0x28, 0x18, 0x91, 0xb6, 0x44, 0x88, 0x84, 0x7d, 0xff, 0xf0, 
  0xff, 0xff, 0xf6, 0x8b, 0xff, 0xc0, 0x1f, 0xfc, 0x7f, 0x55, 0x25, 0x7f, 0x0b, 0x0a, 0x21, 0x7d, 0x3f, 0xf0, 
  0xff, 0xff, 0xed, 0xbf, 0xff, 0x00, 0x0f, 0xfe, 0xff, 0xf8, 0x01, 0x7f, 0x14, 0x03, 0x10, 0x7d, 0xff, 0xf0, 
  0xff, 0xff, 0xf1, 0xff, 0xff, 0x00, 0x1f, 0xff, 0xff, 0xf8, 0x08, 0xff, 0x41, 0xba, 0xce, 0x7f, 0xff, 0xf0, 
  0xff, 0xff, 0xf5, 0x7f, 0xfe, 0x00, 0x1f, 0xff, 0xfc, 0x53, 0xf2, 0xbe, 0x90, 0x64, 0x97, 0xff, 0xff, 0xf0, 
  0xff, 0xff, 0xf5, 0x7f, 0xe6, 0x00, 0x0f, 0xff, 0xf0, 0x05, 0xd0, 0x3c, 0x04, 0x0a, 0x03, 0xdd, 0xff, 0xf0, 
  0xef, 0xff, 0xfd, 0x7f, 0xec, 0x80, 0x07, 0xff, 0xf0, 0x12, 0x28, 0x04, 0x29, 0x35, 0x83, 0xdd, 0x7f, 0xf0, 
  0xc3, 0xc7, 0x5f, 0xbf, 0xf8, 0x00, 0x03, 0xfe, 0x7c, 0x05, 0xc2, 0x80, 0x02, 0x08, 0x03, 0xdd, 0xbe, 0xc0, 
  0x83, 0x80, 0x1e, 0xbf, 0xfa, 0x20, 0x00, 0x20, 0x7e, 0x93, 0x44, 0x00, 0x00, 0x40, 0x67, 0xcc, 0xbc, 0xc0, 
  0x7f, 0xa8, 0x8e, 0xbf, 0xf8, 0x80, 0x00, 0x00, 0x3f, 0xc6, 0xd0, 0x02, 0x00, 0xb0, 0x07, 0xdd, 0x7f, 0x80, 
  0xf7, 0xc2, 0x2e, 0xbf, 0xfa, 0x00, 0x00, 0x00, 0x1f, 0xf1, 0x40, 0x00, 0x41, 0x42, 0x07, 0xdc, 0xbe, 0xa0, 
  0xef, 0xe0, 0x0f, 0xbf, 0xf8, 0x20, 0x00, 0x00, 0x01, 0xf2, 0xb0, 0x08, 0x00, 0x00, 0x27, 0xfd, 0xbe, 0x80, 
  0xfb, 0xc8, 0x8f, 0xbf, 0xfc, 0x80, 0x00, 0x00, 0x00, 0x18, 0xf0, 0x0a, 0x03, 0x28, 0x05, 0xfd, 0x7d, 0xa0, 
  0xfb, 0xc2, 0x2f, 0xff, 0xf9, 0x00, 0x00, 0x00, 0x00, 0x08, 0x00, 0xe4, 0x0c, 0xc0, 0x86, 0xff, 0xfe, 0x80, 
  0xff, 0xe9, 0x0f, 0x7f, 0xfc, 0x20, 0x00, 0x00, 0x00, 0x00, 0x01, 0x64, 0x0a, 0x00, 0x50, 0x7f, 0xf6, 0xa0, 
  0xf3, 0xc0, 0x4f, 0x5f, 0xfc, 0x00, 0x00, 0x00, 0x00, 0x04, 0x04, 0xfe, 0x90, 0x08, 0x05, 0x3f, 0xfd, 0xc0, 
  0x63, 0xc0, 0x0f, 0x5f, 0xff, 0x00, 0x00, 0x00, 0x00, 0x00, 0x11, 0x7e, 0x18, 0x01, 0x48, 0x3f, 0x7f, 0xc0, 
  0xf3, 0xc0, 0x0e, 0x9f, 0xfe, 0x40, 0x00, 0x00, 0x00, 0x00, 0x01, 0xfe, 0x00, 0xc0, 0x10, 0x7f, 0x3f, 0xe0, 
  0xe3, 0xd4, 0x9e, 0x9f, 0xfe, 0x00, 0x00, 0x00, 0x00, 0x00, 0x05, 0x7e, 0x21, 0x00, 0x85, 0x3e, 0x9f, 0xf0, 
  0x63, 0x80, 0x1f, 0xbf, 0xff, 0x10, 0x01, 0x60, 0x70, 0x00, 0x50, 0x34, 0x92, 0x04, 0x20, 0x3b, 0x2d, 0xf0, 
  0xe7, 0x80, 0x1f, 0xff, 0xff, 0x80, 0x07, 0x1f, 0xf0, 0x00, 0x00, 0x08, 0x06, 0x11, 0x0a, 0x3f, 0xb7, 0xf0, 
  0xcf, 0x29, 0x3f, 0x5f, 0xff, 0x81, 0x0e, 0xa3, 0xf0, 0x00, 0x00, 0x00, 0x28, 0x0c, 0x40, 0x3f, 0x2a, 0xf0, 
  0xff, 0x00, 0x3f, 0xdf, 0xff, 0xd0, 0x0e, 0x88, 0xf8, 0x00, 0x02, 0x02, 0xd8, 0x56, 0x00, 0x5f, 0xbe, 0xf0, 
  0xff, 0xfa, 0x7f, 0xdf, 0xff, 0xc0, 0x67, 0x03, 0x3c, 0x00, 0x08, 0x16, 0x80, 0x3b, 0x3f, 0x9f, 0x37, 0xf0, 
  0xff, 0xf8, 0x01, 0xbf, 0xff, 0xe4, 0xee, 0x80, 0xce, 0x00, 0x00, 0xec, 0x20, 0x5d, 0xff, 0x6f, 0xea, 0xf0, 
  0xff, 0x7a, 0x82, 0xbf, 0xff, 0xe0, 0x6e, 0x00, 0x13, 0x00, 0x02, 0xa0, 0x51, 0x26, 0x6f, 0xcd, 0xff, 0xf0, 
  0xff, 0xbc, 0x2b, 0xff, 0xff, 0xf8, 0xfe, 0x02, 0x07, 0x00, 0x05, 0x80, 0x80, 0x01, 0xfb, 0xdd, 0x7e, 0xf0, 
  0xff, 0xbc, 0x81, 0xdf, 0xff, 0xf9, 0xfe, 0x20, 0x00, 0xc0, 0x05, 0x09, 0x01, 0x43, 0xff, 0xdd, 0x7d, 0xf0, 
  0xff, 0x7e, 0x20, 0xff, 0xff, 0xff, 0xff, 0x04, 0x8c, 0x60, 0x1a, 0x02, 0x0a, 0x0f, 0xff, 0xfd, 0xbf, 0xf0, 
  0xff, 0xdd, 0x0a, 0xff, 0xff, 0xff, 0xff, 0x00, 0x00, 0xf0, 0x28, 0x20, 0x04, 0x1f, 0xff, 0xfc, 0x3f, 0xf0, 
  0xaf, 0x1c, 0x44, 0xff, 0xff, 0xfe, 0xff, 0x04, 0x71, 0xf8, 0x51, 0x03, 0xd0, 0x3f, 0xff, 0xdd, 0xbf, 0xf0, 
  0xfb, 0x1e, 0x10, 0xef, 0xff, 0xfe, 0x7f, 0x80, 0xf9, 0xfc, 0x40, 0x07, 0x00, 0x7f, 0xff, 0xdd, 0xbd, 0xf0, 
  0xef, 0x1c, 0x00, 0xff, 0xff, 0xfe, 0xff, 0x01, 0xfd, 0xfe, 0x80, 0x1e, 0x28, 0xff, 0xff, 0xdf, 0x38, 0xf0, 
  0x9f, 0x3e, 0x81, 0xf7, 0xff, 0xfe, 0xff, 0xd3, 0xff, 0xff, 0x00, 0x6c, 0x01, 0xff, 0xfb, 0xcf, 0xbe, 0xd0, 
  0x80, 0x2c, 0x01, 0xff, 0xff, 0xfe, 0xff, 0xc3, 0xff, 0xfe, 0x40, 0x59, 0x43, 0xff, 0xff, 0xd5, 0xfa, 0x80, 
  0x01, 0x7c, 0x10, 0xeb, 0xff, 0xff, 0xff, 0x71, 0xff, 0xfd, 0x00, 0xb0, 0x07, 0xff, 0xff, 0xdd, 0xfc, 0xa0, 
  0x09, 0x88, 0x01, 0xff, 0xff, 0xbf, 0xff, 0x39, 0xff, 0xfe, 0x40, 0xa0, 0x0f, 0xff, 0xff, 0xdd, 0xfa, 0x80, 
  0xa1, 0x8e, 0x81, 0xff, 0xff, 0xff, 0xff, 0x7c, 0xff, 0xfc, 0xc1, 0x6a, 0x3f, 0xff, 0xff, 0xfd, 0xfe, 0xa0, 
  0x03, 0xff, 0xf1, 0xf7, 0xff, 0xfb, 0xff, 0xfe, 0x7f, 0xfc, 0xc0, 0x40, 0x7f, 0xff, 0xff, 0xfd, 0xfc, 0x80, 
  0x03, 0xff, 0xff, 0xe7, 0xfb, 0xf3, 0xff, 0xff, 0x7f, 0xf9, 0x06, 0x40, 0xff, 0xff, 0xff, 0xfd, 0xfe, 0xa0, 
  0x87, 0xff, 0xff, 0xff, 0x7f, 0xf3, 0xff, 0xff, 0xff, 0xf9, 0x10, 0x31, 0xff, 0xff, 0xfd, 0xfd, 0xfe, 0x80, 
  0xaf, 0xef, 0xff, 0xfc, 0xbf, 0xfb, 0xff, 0xff, 0xff, 0xfb, 0xa1, 0x17, 0xff, 0xff, 0xfd, 0xbd, 0xff, 0xa0, 
};

const lv_img_dsc_t caramelldansen13 = {
  .header.cf = LV_IMG_CF_INDEXED_1BIT,
  .header.always_zero = 0,
  .header.reserved = 0,
  .header.w = 140,
  .header.h = 68,
  .data_size = 1232,
  .data = caramelldansen13_map,
};

#ifndef LV_ATTRIBUTE_IMG_CARAMELLDANSEN14
#define LV_ATTRIBUTE_IMG_CARAMELLDANSEN14
#endif

const LV_ATTRIBUTE_MEM_ALIGN LV_ATTRIBUTE_LARGE_CONST LV_ATTRIBUTE_IMG_CARAMELLDANSEN14 uint8_t caramelldansen14_map[] = {
#if CONFIG_NICE_VIEW_WIDGET_INVERTED
        0xff, 0xff, 0xff, 0xff, /*Color of index 0*/
        0x00, 0x00, 0x00, 0xff, /*Color of index 1*/
#else
        0x00, 0x00, 0x00, 0xff, /*Color of index 0*/
        0xff, 0xff, 0xff, 0xff, /*Color of index 1*/
#endif

  0xff, 0xd5, 0xcf, 0xf5, 0xff, 0xf9, 0xff, 0xff, 0xff, 0xff, 0xff, 0xff, 0xbf, 0xff, 0xff, 0xff, 0xfd, 0x50, 
  0xff, 0xea, 0x87, 0xfb, 0x5f, 0xff, 0xff, 0xdf, 0xff, 0xff, 0xff, 0xff, 0xbf, 0xff, 0xff, 0xff, 0xf9, 0x50, 
  0xff, 0xd5, 0x97, 0xff, 0xff, 0xff, 0xff, 0xdf, 0xff, 0xff, 0xff, 0xff, 0x9f, 0xff, 0xfe, 0xff, 0xf4, 0x90, 
  0xff, 0xe9, 0x23, 0xff, 0xff, 0xfb, 0xff, 0xff, 0xff, 0xff, 0xff, 0xef, 0x9f, 0xff, 0xfe, 0xff, 0xfd, 0xb0, 
  0xff, 0xd6, 0xcb, 0xff, 0xff, 0xf9, 0xff, 0x7f, 0xff, 0xff, 0xff, 0xfb, 0x9f, 0x1f, 0xff, 0xff, 0xf9, 0xb0, 
  0xff, 0xe9, 0x83, 0xff, 0xff, 0xf8, 0x7f, 0xbf, 0xff, 0xff, 0xe7, 0xf8, 0x5c, 0x0f, 0xfe, 0xff, 0xf9, 0xf0, 
  0xff, 0xf3, 0xd7, 0xff, 0xff, 0xfd, 0xff, 0xff, 0xff, 0xff, 0xfb, 0xfb, 0x96, 0x43, 0xff, 0xff, 0xfb, 0xf0, 
  0xff, 0xff, 0xc7, 0xff, 0xff, 0xfb, 0x3f, 0xff, 0xff, 0xff, 0xf8, 0xf6, 0x0b, 0x11, 0xff, 0xff, 0xff, 0xf0, 
  0xff, 0xff, 0xef, 0xff, 0xff, 0x7e, 0xdf, 0xff, 0xff, 0xff, 0xfc, 0xf8, 0x0a, 0x44, 0xff, 0xdf, 0xff, 0xb0, 
  0xff, 0xe3, 0xff, 0xff, 0x7f, 0x4f, 0xff, 0x7f, 0xff, 0xff, 0xfe, 0x70, 0x05, 0x10, 0x7f, 0xbf, 0xff, 0x50, 
  0xff, 0xd5, 0xff, 0xff, 0xff, 0x4f, 0xff, 0xbf, 0xff, 0xff, 0xff, 0x10, 0x05, 0xc4, 0x3f, 0x5f, 0xfd, 0x50, 
  0x7f, 0xe9, 0xc7, 0xff, 0xff, 0x6f, 0xff, 0xbf, 0xff, 0xff, 0xff, 0x08, 0x02, 0xc1, 0x1f, 0xbf, 0xfd, 0x50, 
  0xff, 0xd6, 0xaf, 0xff, 0xff, 0x4f, 0xff, 0xdf, 0xff, 0xff, 0xff, 0x82, 0x01, 0xf4, 0x4f, 0x7f, 0xfd, 0x50, 
  0xff, 0xc4, 0xd2, 0xff, 0xff, 0x6f, 0xfb, 0xff, 0xff, 0xff, 0xfe, 0x01, 0x00, 0x50, 0x07, 0xff, 0xf5, 0x50, 
  0xff, 0xf9, 0xab, 0xbf, 0xbf, 0xff, 0xfa, 0xff, 0xff, 0xff, 0xfc, 0x10, 0x82, 0x89, 0x03, 0xfd, 0xfd, 0x50, 
  0xff, 0xc5, 0x57, 0x7f, 0x1f, 0xff, 0xfe, 0xff, 0xff, 0xff, 0xf0, 0x00, 0x2f, 0x74, 0x51, 0xfd, 0xfd, 0x90, 
  0xff, 0xf5, 0xcb, 0xff, 0xde, 0x5f, 0xfa, 0xff, 0xff, 0xff, 0x00, 0x04, 0x01, 0x8b, 0x00, 0xdd, 0xf9, 0xb0, 
  0xff, 0xe9, 0xd7, 0xbf, 0xfe, 0xaf, 0xff, 0xff, 0xff, 0xf8, 0x80, 0x00, 0x00, 0x76, 0x84, 0x59, 0xff, 0xf0, 
  0xff, 0xf7, 0xd7, 0x7e, 0xff, 0x6f, 0xdf, 0xff, 0xff, 0xc3, 0x00, 0x00, 0x00, 0x0d, 0x60, 0x3f, 0xff, 0xf0, 
  0xff, 0xff, 0xff, 0xff, 0xe6, 0xab, 0xdb, 0xff, 0xfe, 0x1e, 0x00, 0x00, 0xc8, 0x01, 0x51, 0x1f, 0xff, 0xf0, 
  0xff, 0xff, 0xff, 0xff, 0x07, 0x6f, 0xda, 0xff, 0xf0, 0x7c, 0x00, 0x02, 0x20, 0x06, 0x98, 0x0f, 0xff, 0xf0, 
  0xff, 0xff, 0xff, 0xfd, 0x3f, 0xff, 0xbd, 0xff, 0x80, 0x0c, 0x00, 0x00, 0x01, 0x7d, 0x24, 0x40, 0x1f, 0xf0, 
  0xff, 0xff, 0xff, 0x38, 0xff, 0xff, 0xff, 0xff, 0x00, 0x00, 0x00, 0x04, 0x8a, 0x80, 0x57, 0x10, 0x07, 0xf0, 
  0xff, 0xff, 0xfe, 0xb3, 0x87, 0xff, 0xff, 0xfd, 0x00, 0x00, 0x00, 0x29, 0x24, 0x00, 0x29, 0x02, 0x03, 0xf0, 
  0xff, 0xff, 0xff, 0x57, 0x07, 0xfb, 0x7f, 0xf8, 0x20, 0x00, 0x00, 0x40, 0x10, 0x52, 0x05, 0x40, 0x09, 0xf0, 
  0xff, 0xff, 0xfe, 0xbd, 0x3f, 0xf8, 0x7f, 0x80, 0x30, 0x00, 0x01, 0xa2, 0x46, 0x45, 0x81, 0x40, 0x01, 0xf0, 
  0xff, 0xff, 0xfd, 0x37, 0x7f, 0xfb, 0x7c, 0x00, 0x3c, 0x00, 0x03, 0x08, 0x9e, 0x60, 0xa1, 0x40, 0x45, 0xf0, 
  0xff, 0xff, 0xfe, 0xd2, 0xff, 0xfa, 0xc0, 0x04, 0x3f, 0x0f, 0xa6, 0x52, 0x17, 0xf5, 0x21, 0x51, 0x09, 0xf0, 
  0xff, 0xff, 0xff, 0x37, 0xff, 0xff, 0xe0, 0x07, 0xbf, 0x8f, 0xfd, 0x00, 0xaf, 0xe1, 0x50, 0x54, 0x11, 0xf0, 
  0xff, 0xff, 0xff, 0xfe, 0xff, 0xff, 0xc0, 0x07, 0xff, 0xdf, 0xfe, 0x00, 0x17, 0xe0, 0x2f, 0x50, 0x61, 0xf0, 
  0xff, 0xff, 0xff, 0x9d, 0x7f, 0xff, 0x00, 0x07, 0xff, 0xff, 0xff, 0x5e, 0x9f, 0xf5, 0x14, 0x94, 0xff, 0xf0, 
  0xff, 0xff, 0xa0, 0x1d, 0x7f, 0xfe, 0x00, 0x03, 0xff, 0xff, 0x00, 0x77, 0x03, 0xc0, 0x81, 0x60, 0xff, 0xf0, 
  0xff, 0xef, 0x80, 0x0d, 0x7f, 0xff, 0x50, 0x03, 0xff, 0xfc, 0x00, 0x54, 0xa0, 0x80, 0x42, 0x90, 0x7f, 0xf0, 
  0xff, 0xf7, 0xca, 0xa9, 0x7f, 0xfe, 0x00, 0x03, 0xff, 0xfe, 0x00, 0xac, 0x08, 0x05, 0x21, 0x00, 0x7f, 0xb0, 
  0xff, 0xfb, 0xe0, 0x0b, 0x7f, 0xfe, 0xa0, 0x00, 0xff, 0xcf, 0x81, 0x58, 0x80, 0x00, 0x0c, 0x09, 0x7f, 0x50, 
  0xff, 0xf7, 0xc0, 0x8e, 0x7f, 0xfe, 0x08, 0x00, 0x1e, 0x0f, 0xf0, 0x54, 0x20, 0x00, 0x1a, 0x00, 0x3f, 0x70, 
  0xff, 0xff, 0xca, 0x2e, 0x7f, 0xfe, 0x80, 0x00, 0x00, 0x07, 0xfc, 0xb4, 0x00, 0x20, 0x20, 0x41, 0x7f, 0x50, 
  0xff, 0xeb, 0xe4, 0x0e, 0xff, 0xff, 0x20, 0x00, 0x00, 0x03, 0xfe, 0x6c, 0x01, 0x04, 0x20, 0x09, 0x7f, 0xd0, 
  0xff, 0xf3, 0xc0, 0x8e, 0xff, 0xfe, 0x08, 0x00, 0x00, 0x00, 0x03, 0x1f, 0x00, 0x80, 0x4d, 0x00, 0x7f, 0x50, 
  0x7f, 0xe3, 0xc0, 0x1d, 0xbf, 0xff, 0x04, 0x00, 0x00, 0x00, 0x02, 0x00, 0x0e, 0x41, 0x90, 0x02, 0x71, 0xb0, 
  0xee, 0xe3, 0xc0, 0x1d, 0x3f, 0xff, 0x80, 0x00, 0x00, 0x00, 0x00, 0x00, 0x34, 0xc1, 0x40, 0x28, 0x01, 0xd0, 
  0xff, 0xe3, 0x95, 0x1d, 0x3f, 0xff, 0x20, 0x00, 0x00, 0x00, 0x00, 0x81, 0x2f, 0xe8, 0x80, 0x00, 0x85, 0xb0, 
  0x7b, 0xe7, 0x80, 0x1b, 0x7f, 0xff, 0x88, 0x00, 0x00, 0x00, 0x00, 0x20, 0x1f, 0xc1, 0x12, 0x02, 0x21, 0xf0, 
  0xff, 0xc7, 0x80, 0x1f, 0x7f, 0xff, 0x80, 0x00, 0x00, 0x00, 0x00, 0x02, 0x2f, 0xe2, 0x08, 0x28, 0x09, 0xf0, 
  0xff, 0xcf, 0x02, 0x3f, 0xff, 0xff, 0xa0, 0x00, 0x00, 0x00, 0x00, 0x00, 0x97, 0xc4, 0x24, 0x04, 0xa3, 0xf0, 
  0xff, 0xfe, 0xa8, 0xbd, 0x3f, 0xff, 0xc2, 0x00, 0x00, 0x04, 0x00, 0x00, 0x07, 0xc0, 0x50, 0x51, 0x01, 0xf0, 
  0xff, 0xff, 0xf0, 0x5d, 0x3f, 0xff, 0xc0, 0x81, 0x5c, 0x3c, 0x00, 0x00, 0x00, 0x08, 0xc1, 0x80, 0x07, 0xb0, 
  0xff, 0xfe, 0xf2, 0x07, 0x7f, 0xff, 0xe0, 0x06, 0x83, 0xfe, 0x00, 0x00, 0x40, 0x03, 0x03, 0x44, 0x0d, 0x70, 
  0xff, 0xff, 0x78, 0x85, 0x7f, 0xff, 0xea, 0x06, 0x8c, 0x7e, 0x00, 0x00, 0x00, 0xb5, 0x0d, 0x61, 0xeb, 0xd0, 
  0xff, 0xfe, 0xf8, 0x2a, 0xff, 0xff, 0xf0, 0x7e, 0x03, 0x1f, 0x00, 0x01, 0x0b, 0x4a, 0x05, 0x5f, 0xcd, 0xb0, 
  0xff, 0xff, 0xfa, 0x0f, 0xff, 0xff, 0xf0, 0x7e, 0x03, 0xc7, 0x80, 0x00, 0x5a, 0x84, 0x01, 0xd7, 0xfe, 0xf0, 
  0xff, 0xff, 0x79, 0x47, 0xbf, 0xff, 0xf8, 0xde, 0x03, 0x18, 0xc0, 0x00, 0x56, 0x10, 0x2a, 0x57, 0x7b, 0xb0, 
  0x7f, 0xfe, 0x7c, 0x92, 0xdf, 0xff, 0xfd, 0xfe, 0x86, 0x03, 0x00, 0x00, 0xb0, 0x20, 0x00, 0x17, 0x7f, 0xf0, 
  0xdf, 0xfe, 0xb8, 0x01, 0xff, 0xff, 0xff, 0xfe, 0x00, 0x23, 0x70, 0x03, 0x40, 0x40, 0x90, 0xf7, 0x5f, 0xf0, 
  0xfd, 0x56, 0x38, 0x01, 0xbf, 0xff, 0xff, 0xff, 0x01, 0x64, 0x78, 0x06, 0x81, 0x02, 0x41, 0xfe, 0x4f, 0xf0, 
  0xf7, 0xfe, 0x38, 0xa3, 0xff, 0xff, 0xff, 0xff, 0x00, 0x21, 0xfc, 0x04, 0x04, 0x01, 0x23, 0xff, 0x2f, 0xf0, 
  0xff, 0xfc, 0x7a, 0x02, 0xdf, 0xff, 0xff, 0xff, 0x4f, 0x87, 0xe2, 0x18, 0x21, 0xf4, 0x07, 0xff, 0x6f, 0xf0, 
  0xfd, 0xea, 0x58, 0x03, 0xef, 0xff, 0xff, 0xbf, 0x8f, 0x8f, 0xe9, 0x21, 0x01, 0xe0, 0x0f, 0xe7, 0x6f, 0x30, 
  0xf0, 0xc0, 0x78, 0x01, 0xdf, 0xff, 0xff, 0x7f, 0xcf, 0xef, 0xfc, 0x40, 0x03, 0xd1, 0x1f, 0xf7, 0xcf, 0x30, 
  0xe0, 0x45, 0xf0, 0x01, 0xf7, 0xff, 0xff, 0xff, 0xc7, 0xff, 0xfe, 0x80, 0x05, 0xc4, 0x3f, 0xf7, 0xef, 0xd0, 
  0xe4, 0x69, 0xfe, 0x13, 0xbb, 0xff, 0xff, 0xff, 0xe7, 0xff, 0xfc, 0x90, 0x0d, 0x80, 0x7d, 0xf7, 0xff, 0x10, 
  0xd1, 0x51, 0xff, 0xc3, 0xed, 0xff, 0xff, 0xbf, 0xf7, 0xff, 0xff, 0x20, 0x0a, 0x10, 0xff, 0xf6, 0x7f, 0x50, 
  0xc0, 0x45, 0xff, 0xf1, 0xff, 0xff, 0xff, 0x5f, 0xf3, 0xff, 0xfe, 0x20, 0x16, 0x01, 0xff, 0xf7, 0x7f, 0x50, 
  0x84, 0x53, 0xff, 0xf5, 0xff, 0xbf, 0xff, 0x7f, 0xff, 0xff, 0xfc, 0x22, 0x14, 0x83, 0xff, 0xff, 0x7f, 0x90, 
  0xd0, 0xe7, 0xff, 0xfb, 0xff, 0xff, 0xff, 0x7f, 0xff, 0xff, 0xfc, 0x02, 0x74, 0x0f, 0xff, 0xdf, 0x7f, 0x40, 
  0xc0, 0xff, 0xff, 0xf3, 0xf9, 0xfd, 0xff, 0xff, 0xff, 0xff, 0x80, 0xa6, 0x7c, 0x1f, 0xff, 0xff, 0x7f, 0x90, 
  0xc1, 0xff, 0xff, 0xff, 0xff, 0xfd, 0xff, 0xfd, 0xff, 0xff, 0xc3, 0x86, 0xff, 0xbf, 0xfe, 0xff, 0x7f, 0xb0, 
  0xeb, 0xf7, 0xff, 0xff, 0xff, 0x6f, 0xff, 0xff, 0xff, 0xff, 0xe5, 0x8e, 0xff, 0xff, 0xfe, 0xdf, 0x7f, 0xf0, 
};

const lv_img_dsc_t caramelldansen14 = {
  .header.cf = LV_IMG_CF_INDEXED_1BIT,
  .header.always_zero = 0,
  .header.reserved = 0,
  .header.w = 140,
  .header.h = 68,
  .data_size = 1232,
  .data = caramelldansen14_map,
};

#ifndef LV_ATTRIBUTE_IMG_CARAMELLDANSEN15
#define LV_ATTRIBUTE_IMG_CARAMELLDANSEN15
#endif

const LV_ATTRIBUTE_MEM_ALIGN LV_ATTRIBUTE_LARGE_CONST LV_ATTRIBUTE_IMG_CARAMELLDANSEN15 uint8_t caramelldansen15_map[] = {
#if CONFIG_NICE_VIEW_WIDGET_INVERTED
        0xff, 0xff, 0xff, 0xff, /*Color of index 0*/
        0x00, 0x00, 0x00, 0xff, /*Color of index 1*/
#else
        0x00, 0x00, 0x00, 0xff, /*Color of index 0*/
        0xff, 0xff, 0xff, 0xff, /*Color of index 1*/
#endif
  0xff, 0xd5, 0xcf, 0xf5, 0xff, 0xf9, 0xff, 0xff, 0xff, 0xff, 0xff, 0xff, 0xff, 0xff, 0xff, 0xff, 0xfe, 0xa0, 
  0xff, 0xea, 0xa7, 0xfb, 0xbf, 0xff, 0xff, 0xdf, 0xff, 0xff, 0xff, 0xff, 0xff, 0xff, 0xff, 0xff, 0xfc, 0x50, 
  0xff, 0xe2, 0x83, 0xff, 0xff, 0xff, 0xff, 0xff, 0xff, 0xff, 0xff, 0xff, 0xf7, 0xff, 0xff, 0xff, 0xfa, 0xc0, 
  0xff, 0xdd, 0xcb, 0xff, 0xff, 0xfb, 0xff, 0xff, 0xff, 0xff, 0xff, 0xff, 0xf7, 0xff, 0xfe, 0xff, 0xfe, 0xd0, 
  0xff, 0xea, 0x93, 0xff, 0xff, 0xf9, 0xff, 0x7f, 0xff, 0xff, 0xfd, 0xff, 0xf7, 0xff, 0xbe, 0xff, 0xfc, 0xd0, 
  0xff, 0xf1, 0xa3, 0xff, 0xff, 0xf9, 0x7f, 0xbf, 0xff, 0xff, 0xff, 0xff, 0xfb, 0xfe, 0x1e, 0xff, 0xfc, 0xf0, 
  0xff, 0xfb, 0xcb, 0xfb, 0xff, 0xfd, 0x7f, 0xff, 0xff, 0xff, 0xff, 0xff, 0xf9, 0xf4, 0x47, 0xff, 0xfd, 0xf0, 
  0xff, 0xff, 0xe7, 0xff, 0xff, 0xfd, 0x7f, 0xff, 0xff, 0xff, 0xff, 0xfd, 0x7d, 0x95, 0x03, 0xff, 0xff, 0xf0, 
  0xff, 0xff, 0xef, 0xf5, 0xff, 0x7f, 0x7f, 0xff, 0xff, 0xff, 0xff, 0x7f, 0x96, 0x1a, 0x51, 0xdf, 0xff, 0xd0, 
  0xff, 0xf3, 0xff, 0xff, 0xfe, 0x4f, 0xff, 0x7f, 0xff, 0xff, 0xff, 0x9f, 0x80, 0x0a, 0x00, 0x5f, 0xff, 0xa0, 
  0x7f, 0xe9, 0xff, 0xff, 0xff, 0xaf, 0xff, 0xbf, 0xff, 0xff, 0xff, 0xe7, 0xb0, 0x05, 0x54, 0x3f, 0xfe, 0xc0, 
  0x7f, 0xd5, 0xc7, 0xff, 0xfe, 0x47, 0xff, 0xbf, 0xff, 0xff, 0xff, 0xf1, 0xc0, 0x05, 0x81, 0x1f, 0xfe, 0xb0, 
  0xff, 0xca, 0xb7, 0xff, 0xff, 0x6f, 0xff, 0xff, 0xff, 0xff, 0xff, 0xf8, 0x80, 0x03, 0xc0, 0x4f, 0xfe, 0xa0, 
  0xff, 0xf2, 0xca, 0xff, 0xff, 0xef, 0xfb, 0xff, 0xff, 0xff, 0xff, 0xfc, 0x24, 0x00, 0x75, 0x07, 0xfa, 0xc0, 
  0xff, 0xc4, 0xab, 0xff, 0xbf, 0xff, 0xfe, 0xff, 0xff, 0xff, 0xff, 0xfc, 0x08, 0x03, 0x40, 0x51, 0xfa, 0xb0, 
  0xff, 0xda, 0xd7, 0xff, 0x9f, 0x7f, 0xfa, 0xff, 0xff, 0xff, 0xff, 0xf0, 0x01, 0x44, 0x98, 0x05, 0xfe, 0xc0, 
  0xff, 0xe5, 0x92, 0xbf, 0x5f, 0x6f, 0xfe, 0xff, 0xff, 0xff, 0xff, 0x00, 0x40, 0x2b, 0x56, 0x00, 0xfc, 0xd0, 
  0xff, 0xe9, 0xef, 0xff, 0xbc, 0x6f, 0xff, 0xff, 0xff, 0xff, 0xf0, 0x00, 0x04, 0x00, 0xf5, 0xd0, 0x7f, 0xf0, 
  0xff, 0xff, 0xd7, 0xff, 0x39, 0x6f, 0xdf, 0xfd, 0xff, 0xff, 0x87, 0x00, 0x00, 0x00, 0x1e, 0x05, 0x3f, 0xf0, 
  0xff, 0xff, 0xff, 0xff, 0xe7, 0xd7, 0xdb, 0xff, 0xff, 0xfc, 0x1c, 0x00, 0x01, 0x08, 0x01, 0xa0, 0x1f, 0xf0, 
  0xff, 0xff, 0xff, 0xff, 0xee, 0x6f, 0xfc, 0xff, 0xff, 0xf0, 0xfc, 0x00, 0x00, 0x40, 0x02, 0x70, 0x5f, 0xf0, 
  0xff, 0xff, 0xff, 0xff, 0xc8, 0x3f, 0xdb, 0xff, 0xff, 0x01, 0x78, 0x00, 0x05, 0x01, 0x7e, 0x8d, 0x0a, 0xf0, 
  0xff, 0xff, 0xff, 0x3b, 0xf9, 0xff, 0xff, 0xff, 0xfe, 0x00, 0x00, 0x00, 0x10, 0x52, 0x80, 0xba, 0x00, 0x00, 
  0xff, 0xff, 0xff, 0x55, 0xf3, 0xff, 0xff, 0xff, 0xff, 0x40, 0x00, 0x00, 0x04, 0x04, 0x00, 0x42, 0x50, 0x00, 
  0xff, 0xff, 0xfe, 0x55, 0xf3, 0xf9, 0x7f, 0xff, 0xfc, 0x00, 0x00, 0x00, 0x61, 0x09, 0x54, 0x05, 0x00, 0x00, 
  0xff, 0xff, 0xff, 0xb9, 0xdf, 0xff, 0x7f, 0xff, 0x80, 0x00, 0x00, 0x00, 0x88, 0xb4, 0x43, 0x02, 0xc2, 0x00, 
  0xff, 0xff, 0xff, 0x57, 0xdf, 0xff, 0xff, 0xc0, 0x00, 0x80, 0x00, 0x02, 0xa2, 0x4e, 0x51, 0x41, 0x00, 0x80, 
  0xff, 0xff, 0xff, 0x50, 0xd7, 0xff, 0xff, 0xe0, 0x00, 0xf0, 0x00, 0x05, 0x00, 0x37, 0xe4, 0xa0, 0xd0, 0x00, 
  0xff, 0xff, 0xfe, 0x00, 0xd7, 0xff, 0xfe, 0x00, 0x00, 0xfc, 0x0f, 0xee, 0x8a, 0x8f, 0xe0, 0x52, 0xa0, 0x20, 
  0xff, 0xff, 0xbc, 0x14, 0xd7, 0xff, 0xfc, 0x00, 0x00, 0x7f, 0x1f, 0xfd, 0x20, 0x3f, 0xe9, 0x2a, 0x34, 0x80, 
  0xff, 0xff, 0xff, 0x40, 0xb3, 0xff, 0xfe, 0xa0, 0x1c, 0x7f, 0x9f, 0xfe, 0x08, 0x97, 0xe2, 0x15, 0xc8, 0x20, 
  0xff, 0xff, 0x5e, 0x11, 0xb7, 0xff, 0xfc, 0x00, 0x1f, 0xff, 0xdf, 0xf8, 0x3e, 0x0f, 0xc8, 0x8a, 0x21, 0xf0, 
  0xff, 0xff, 0xde, 0x05, 0xa7, 0xff, 0xfe, 0x20, 0x0f, 0xff, 0xfe, 0x01, 0x56, 0xa0, 0x80, 0x01, 0xd3, 0xf0, 
  0xff, 0xff, 0xff, 0x40, 0x67, 0xff, 0xfc, 0x80, 0x0f, 0xff, 0xfc, 0x00, 0xe8, 0x01, 0x02, 0xa0, 0x01, 0xd0, 
  0xff, 0xff, 0x5e, 0x10, 0x6f, 0xff, 0xfc, 0x40, 0x0f, 0xff, 0xfe, 0x02, 0x58, 0x88, 0x10, 0x0a, 0x09, 0xd0, 
  0xff, 0xff, 0x1e, 0x04, 0xdf, 0xff, 0xfd, 0x10, 0x03, 0xff, 0xcf, 0x80, 0xac, 0x20, 0x00, 0x16, 0x03, 0xa0, 
  0x6d, 0xbf, 0x9c, 0x00, 0xdb, 0xff, 0xfe, 0x00, 0x01, 0xff, 0x0f, 0xf0, 0x54, 0x00, 0x00, 0x08, 0x43, 0xd0, 
  0xff, 0xf7, 0x1c, 0x80, 0x93, 0xff, 0xfc, 0x40, 0x00, 0x00, 0x0f, 0xfd, 0x58, 0x00, 0x08, 0x30, 0x03, 0xf0, 
  0xff, 0xff, 0x3e, 0x08, 0xb3, 0xff, 0xfd, 0x10, 0x00, 0x00, 0x03, 0xfe, 0x36, 0x00, 0x80, 0x44, 0x01, 0x80, 
  0xef, 0xfe, 0x3c, 0x21, 0xb7, 0xff, 0xfe, 0x00, 0x00, 0x00, 0x00, 0x05, 0x1f, 0x02, 0xc0, 0x88, 0x14, 0x00, 
  0xc1, 0xbe, 0x38, 0x01, 0xa7, 0xff, 0xfe, 0x40, 0x00, 0x00, 0x00, 0x01, 0x00, 0x1c, 0x41, 0x20, 0x80, 0x20, 
  0xf8, 0xff, 0x78, 0x80, 0xff, 0xff, 0xfe, 0x08, 0x00, 0x00, 0x00, 0x01, 0x00, 0x2f, 0xd1, 0x40, 0x14, 0x80, 
  0xff, 0xff, 0xf7, 0x35, 0xb7, 0xff, 0xff, 0x00, 0x00, 0x00, 0x00, 0x00, 0x00, 0x2f, 0xe0, 0x94, 0x00, 0x00, 
  0xff, 0xff, 0xef, 0x17, 0xd7, 0xff, 0xff, 0x40, 0x00, 0x00, 0x00, 0x00, 0x01, 0x3f, 0xc3, 0x00, 0x40, 0x20, 
  0xff, 0xff, 0xff, 0xc0, 0xb7, 0xff, 0xff, 0x00, 0x00, 0x00, 0x00, 0x00, 0x00, 0x37, 0xc4, 0x28, 0x14, 0x80, 
  0xff, 0xff, 0xf7, 0x00, 0xa7, 0xff, 0xff, 0x90, 0x00, 0x00, 0x00, 0x00, 0x00, 0x0f, 0xc0, 0x20, 0x89, 0x40, 
  0xff, 0xff, 0xef, 0x94, 0xef, 0xff, 0xff, 0x84, 0x00, 0xa0, 0x08, 0x00, 0x01, 0x00, 0xa8, 0xc3, 0x20, 0x00, 
  0x7f, 0xff, 0xf7, 0xc1, 0xff, 0xff, 0xff, 0x80, 0x00, 0x1a, 0xf8, 0x00, 0x00, 0x00, 0x03, 0x85, 0xc0, 0x10, 
  0xff, 0xff, 0xf7, 0xa8, 0xb7, 0xff, 0xff, 0xc1, 0x10, 0x23, 0xfc, 0x00, 0x00, 0x00, 0x0a, 0x06, 0x47, 0xf0, 
  0xff, 0xff, 0xef, 0x82, 0x7b, 0xff, 0xff, 0xd1, 0xf0, 0x7c, 0xfc, 0x00, 0x00, 0x0a, 0xfa, 0x09, 0x3d, 0xd0, 
  0x6d, 0xbf, 0xeb, 0x80, 0x7d, 0xff, 0xff, 0xe7, 0xf0, 0xc2, 0x1e, 0x00, 0x02, 0x76, 0xa0, 0x05, 0xce, 0xf0, 
  0xff, 0xfe, 0xe3, 0xa8, 0x3b, 0xff, 0xff, 0xf7, 0xf0, 0x80, 0x47, 0x80, 0x00, 0x89, 0x00, 0x22, 0xbf, 0xd0, 
  0xff, 0xeb, 0xe3, 0x82, 0x37, 0xff, 0xff, 0xff, 0xf1, 0x1c, 0x31, 0xc0, 0x01, 0x70, 0xa8, 0x90, 0x2f, 0xf0, 
  0xff, 0xff, 0xe7, 0xc0, 0x5f, 0xff, 0xff, 0xff, 0xf9, 0xf8, 0xee, 0x20, 0x05, 0x42, 0x00, 0x00, 0x6f, 0xd0, 
  0xff, 0xff, 0xc7, 0x80, 0x7d, 0xff, 0xff, 0xff, 0xf8, 0x1b, 0xc0, 0xf0, 0x0d, 0x04, 0x02, 0x21, 0x97, 0xf0, 
  0xff, 0xfd, 0xf7, 0x80, 0x3d, 0xff, 0xff, 0xff, 0xf0, 0x03, 0xb1, 0x10, 0x10, 0x10, 0x00, 0x83, 0x27, 0xf0, 
  0xff, 0xf1, 0xfa, 0x10, 0x35, 0xff, 0xff, 0xff, 0xf9, 0xc3, 0xf6, 0x86, 0x00, 0x83, 0xf4, 0x07, 0x9f, 0xf0, 
  0xff, 0xe2, 0xfe, 0xa0, 0x16, 0x7f, 0xff, 0xbf, 0xfd, 0xe3, 0xe4, 0x27, 0x54, 0x03, 0xe0, 0x07, 0xb7, 0xd0, 
  0xf8, 0xd4, 0xff, 0x3e, 0x1b, 0xbf, 0xff, 0x7f, 0xfd, 0xf3, 0xf9, 0x5f, 0x80, 0x03, 0xc1, 0x17, 0xe7, 0x90, 
  0xf0, 0x42, 0xff, 0xf9, 0xbd, 0xdf, 0xff, 0xff, 0xfe, 0xff, 0xfc, 0x9f, 0x00, 0x05, 0x94, 0x3b, 0xf7, 0xa0, 
  0xe2, 0x50, 0xff, 0xf9, 0xf7, 0xff, 0xff, 0xff, 0xff, 0xff, 0xfe, 0x3e, 0x80, 0x0d, 0x80, 0x73, 0xff, 0x80, 
  0xc0, 0x65, 0xff, 0xf2, 0xf3, 0xf7, 0xff, 0xbf, 0xff, 0xff, 0xf5, 0xec, 0x10, 0x0a, 0x20, 0xf7, 0x7f, 0xa0, 
  0xd0, 0x49, 0xff, 0xf4, 0xff, 0xff, 0xff, 0xdd, 0xff, 0xff, 0xfe, 0x8a, 0x32, 0x16, 0x01, 0xfb, 0xbf, 0xa0, 
  0xc5, 0x63, 0xff, 0xf9, 0xff, 0xff, 0xff, 0x7f, 0xff, 0xff, 0xff, 0x12, 0x77, 0x94, 0x83, 0xff, 0x3f, 0xc0, 
  0xc0, 0x6b, 0xff, 0xf1, 0xff, 0xdb, 0xff, 0xbf, 0xff, 0xff, 0xec, 0x0c, 0xe7, 0xf4, 0x07, 0xdf, 0xff, 0xa0, 
  0xa0, 0xff, 0xff, 0xfb, 0xff, 0xff, 0xff, 0xff, 0xff, 0xff, 0xc0, 0x9f, 0xef, 0xfc, 0x1f, 0xff, 0xbf, 0xc0, 
  0xc0, 0xff, 0xff, 0xff, 0xfe, 0xf9, 0xff, 0xff, 0xff, 0xff, 0xe0, 0x9f, 0xdf, 0xff, 0xbe, 0xff, 0x3f, 0xd0, 
  0xeb, 0xfb, 0xff, 0xff, 0xff, 0xfc, 0x7f, 0xfb, 0xff, 0xff, 0xe7, 0x47, 0xdf, 0xff, 0xfe, 0xff, 0xbf, 0xf0, 
};

const lv_img_dsc_t caramelldansen15 = {
  .header.cf = LV_IMG_CF_INDEXED_1BIT,
  .header.always_zero = 0,
  .header.reserved = 0,
  .header.w = 140,
  .header.h = 68,
  .data_size = 1232,
  .data = caramelldansen15_map,
};

#ifndef LV_ATTRIBUTE_IMG_CARAMELLDANSEN16
#define LV_ATTRIBUTE_IMG_CARAMELLDANSEN16
#endif

const LV_ATTRIBUTE_MEM_ALIGN LV_ATTRIBUTE_LARGE_CONST LV_ATTRIBUTE_IMG_CARAMELLDANSEN16 uint8_t caramelldansen16_map[] = {
#if CONFIG_NICE_VIEW_WIDGET_INVERTED
        0xff, 0xff, 0xff, 0xff, /*Color of index 0*/
        0x00, 0x00, 0x00, 0xff, /*Color of index 1*/
#else
        0x00, 0x00, 0x00, 0xff, /*Color of index 0*/
        0xff, 0xff, 0xff, 0xff, /*Color of index 1*/
#endif
  0xff, 0xab, 0x9f, 0xfb, 0x7f, 0xfb, 0xff, 0xff, 0xff, 0xff, 0xff, 0xff, 0xff, 0xff, 0xff, 0xff, 0xfd, 0x50, 
  0xff, 0x4b, 0x0f, 0xf7, 0xff, 0xff, 0xff, 0xdf, 0xff, 0xff, 0xff, 0xff, 0xff, 0xff, 0xff, 0xff, 0xf9, 0x50, 
  0xff, 0xb2, 0x2f, 0xff, 0xff, 0xff, 0xff, 0xff, 0xff, 0xff, 0xff, 0xff, 0xff, 0xff, 0xff, 0xff, 0xfc, 0x90, 
  0xff, 0xcd, 0x87, 0xff, 0xff, 0xfb, 0xff, 0xff, 0xff, 0xff, 0xff, 0xff, 0xff, 0xff, 0xfe, 0xff, 0xfd, 0xf0, 
  0xff, 0xab, 0x2f, 0xf7, 0xff, 0xf2, 0xff, 0x7f, 0xff, 0xff, 0xee, 0xef, 0xff, 0xff, 0xfe, 0xff, 0xf9, 0xb0, 
  0xff, 0xd3, 0x47, 0xeb, 0xff, 0xfa, 0xff, 0x7f, 0xff, 0xff, 0xff, 0xff, 0xff, 0xff, 0x1f, 0xff, 0xf9, 0xf0, 
  0xff, 0xef, 0x8f, 0xf7, 0xff, 0xfb, 0x7f, 0xff, 0xff, 0xff, 0xff, 0xff, 0x7f, 0xfe, 0x8f, 0xff, 0xfb, 0xf0, 
  0xff, 0xff, 0x8f, 0xeb, 0xff, 0xfa, 0xff, 0xff, 0xff, 0xff, 0xff, 0xff, 0xff, 0xf4, 0x23, 0xff, 0xff, 0xf0, 
  0xff, 0xff, 0xff, 0xfb, 0xfe, 0xfe, 0xff, 0xff, 0xff, 0xff, 0xff, 0xff, 0xbf, 0x1a, 0x81, 0xdf, 0xff, 0xd0, 
  0xff, 0xcf, 0xff, 0xf7, 0xff, 0x5f, 0xff, 0x7f, 0xff, 0xff, 0xff, 0xff, 0xdc, 0x0a, 0x08, 0xbf, 0xff, 0xd0, 
  0xff, 0xa3, 0xff, 0xff, 0xfe, 0x8f, 0xff, 0x3f, 0xff, 0xff, 0xff, 0xff, 0xc8, 0x0b, 0x22, 0x5f, 0xfd, 0x50, 
  0xff, 0xdb, 0x8f, 0xff, 0xfd, 0x6e, 0xff, 0x7f, 0xff, 0xff, 0xff, 0xf3, 0xe0, 0x05, 0x88, 0x3f, 0xfd, 0x50, 
  0xff, 0x47, 0x5f, 0xff, 0xff, 0x4f, 0xff, 0xff, 0xff, 0xff, 0xff, 0xfc, 0x00, 0x02, 0xc0, 0x9f, 0xfd, 0x50, 
  0xff, 0xb1, 0xaf, 0xff, 0xff, 0xde, 0xfb, 0xff, 0xff, 0xff, 0xfe, 0x0d, 0x00, 0x03, 0x62, 0x0f, 0xf5, 0x50, 
  0xff, 0x8d, 0x57, 0xff, 0x7f, 0xff, 0xfa, 0xff, 0xff, 0xff, 0xff, 0xc2, 0x80, 0x00, 0x88, 0xa5, 0xfd, 0x50, 
  0xff, 0xa3, 0xa7, 0xff, 0x66, 0xff, 0xfa, 0xff, 0xff, 0xff, 0xff, 0xf0, 0x2c, 0x00, 0x50, 0x01, 0xfd, 0x90, 
  0xff, 0xdb, 0x2f, 0x7e, 0xc6, 0xdf, 0xff, 0xff, 0xff, 0xff, 0xff, 0xf0, 0x11, 0x86, 0xaa, 0x09, 0xf9, 0xb0, 
  0xff, 0xe7, 0xcf, 0xff, 0x9f, 0x5f, 0xff, 0xff, 0xff, 0xff, 0xf8, 0x00, 0x00, 0x2b, 0xd6, 0xa0, 0xff, 0xf0, 
  0xff, 0xff, 0xdf, 0xff, 0x31, 0xef, 0xbf, 0xff, 0xff, 0xff, 0xc3, 0x00, 0x00, 0x00, 0x39, 0x02, 0x7f, 0xf0, 
  0xff, 0xff, 0xff, 0xfe, 0x61, 0xdf, 0xdb, 0xff, 0xff, 0xfe, 0x0c, 0x00, 0x00, 0x00, 0x06, 0xc8, 0x3f, 0xf0, 
  0xff, 0xff, 0xff, 0xfe, 0xe7, 0xff, 0xbd, 0xff, 0xff, 0xf0, 0x7c, 0x00, 0x01, 0x00, 0x01, 0x20, 0x9f, 0xf0, 
  0xff, 0xff, 0xff, 0xff, 0xcf, 0xff, 0xba, 0xff, 0xff, 0x83, 0xf8, 0x00, 0x02, 0x20, 0x5e, 0xd8, 0x0f, 0xf0, 
  0xff, 0xff, 0xfe, 0x73, 0x8f, 0xff, 0xff, 0xff, 0xfe, 0x14, 0x38, 0x00, 0x08, 0x8b, 0xa0, 0xb4, 0x2a, 0xb0, 
  0xff, 0xff, 0xfd, 0x77, 0xdf, 0xff, 0xff, 0xff, 0xff, 0xe0, 0x00, 0x00, 0x00, 0x42, 0x00, 0x27, 0x00, 0x00, 
  0xff, 0xff, 0xfe, 0xa7, 0xbf, 0xff, 0xff, 0xff, 0xff, 0x00, 0x00, 0x00, 0x2a, 0x08, 0x48, 0x0a, 0x40, 0x00, 
  0xff, 0xff, 0xfe, 0x46, 0xff, 0xff, 0xff, 0xf2, 0xa0, 0x00, 0x00, 0x00, 0xc1, 0x10, 0x83, 0x01, 0x90, 0x00, 
  0xff, 0xff, 0xf8, 0x14, 0xbf, 0xff, 0xff, 0x50, 0x00, 0x00, 0x00, 0x01, 0x08, 0xae, 0x54, 0x85, 0x40, 0x00, 
  0xff, 0xfe, 0xbc, 0x85, 0x9f, 0xff, 0xfc, 0x00, 0x00, 0x00, 0x00, 0x07, 0x22, 0x5e, 0xe1, 0x60, 0x44, 0x80, 
  0xff, 0xff, 0x7e, 0x2c, 0x9f, 0xff, 0xfe, 0x10, 0x02, 0x00, 0x00, 0x0c, 0x40, 0x17, 0xe8, 0xa1, 0x40, 0x00, 
  0xff, 0xff, 0xbc, 0x0d, 0x9f, 0xff, 0xfd, 0x40, 0x01, 0xf0, 0x07, 0xfa, 0x8a, 0xaf, 0xe2, 0x0a, 0xb0, 0x20, 
  0xff, 0xff, 0xbc, 0x85, 0xbf, 0xff, 0xfc, 0x00, 0x01, 0xfc, 0x0f, 0xfc, 0x00, 0x17, 0xe1, 0x15, 0x51, 0x00, 
  0xff, 0xff, 0xbd, 0x27, 0x3f, 0xff, 0xfe, 0x50, 0x01, 0xff, 0x9f, 0xff, 0x14, 0x9f, 0xd4, 0x4a, 0xa0, 0x60, 
  0xff, 0xff, 0x3c, 0x06, 0xff, 0xff, 0xfd, 0x00, 0x00, 0xff, 0xdf, 0xf8, 0x7f, 0x03, 0xc0, 0x85, 0x53, 0xf0, 
  0xff, 0xfe, 0x3c, 0x0c, 0xdf, 0xff, 0xfc, 0x40, 0x34, 0xff, 0xff, 0x01, 0x54, 0xa0, 0x81, 0x20, 0x03, 0xb0, 
  0xb6, 0xef, 0x39, 0x0d, 0x9f, 0xff, 0xfc, 0x10, 0x3f, 0xff, 0xfc, 0x00, 0x54, 0x08, 0x00, 0x05, 0x11, 0xd0, 
  0xff, 0xfe, 0x3c, 0x4d, 0x9f, 0xff, 0xfd, 0x40, 0x1f, 0xff, 0xfe, 0x02, 0x5c, 0x80, 0x20, 0x0a, 0x03, 0xb0, 
  0xff, 0xbe, 0x78, 0x09, 0x3f, 0xff, 0xfe, 0x00, 0x0f, 0xff, 0xef, 0x00, 0xb4, 0x24, 0x00, 0x14, 0x03, 0x50, 
  0x0f, 0xfc, 0x70, 0x1b, 0xbf, 0xff, 0xfe, 0x90, 0x07, 0xff, 0x8f, 0xf0, 0x54, 0x00, 0x04, 0x20, 0x43, 0xb0, 
  0x00, 0xfe, 0x70, 0x0f, 0xbf, 0xff, 0xfc, 0x00, 0x03, 0xfc, 0x0f, 0xfe, 0x2c, 0x00, 0x00, 0x28, 0x01, 0xe0, 
  0xf1, 0x87, 0xff, 0xdf, 0x7f, 0xff, 0xfe, 0x00, 0x00, 0x00, 0x07, 0xd7, 0x37, 0x00, 0xc0, 0x4a, 0x04, 0x00, 
  0xff, 0xff, 0xff, 0xfd, 0x9f, 0xff, 0xff, 0x20, 0x00, 0x00, 0x00, 0x08, 0x0a, 0x06, 0x49, 0xa0, 0x10, 0x00, 
  0xff, 0xff, 0xde, 0x0d, 0xbf, 0xff, 0xfe, 0x00, 0x00, 0x00, 0x00, 0x05, 0x00, 0x1e, 0x60, 0x00, 0x80, 0xa0, 
  0xff, 0xff, 0xee, 0x0d, 0xbf, 0xff, 0xfe, 0x00, 0x00, 0x00, 0x00, 0x01, 0x00, 0x17, 0xe0, 0x80, 0x14, 0x00, 
  0xff, 0xff, 0xff, 0xab, 0x7f, 0xff, 0xff, 0x08, 0x00, 0x00, 0x00, 0x00, 0x00, 0x2f, 0xe2, 0x94, 0x00, 0x80, 
  0xff, 0xff, 0xee, 0x0f, 0xbf, 0xff, 0xff, 0x00, 0x00, 0x00, 0x00, 0x00, 0x00, 0x9f, 0xc2, 0x08, 0x22, 0x20, 
  0xff, 0xff, 0xff, 0x0d, 0xdf, 0xff, 0xff, 0x40, 0x00, 0x00, 0x00, 0x00, 0x00, 0x17, 0xe8, 0x30, 0x88, 0x80, 
  0xff, 0xff, 0xef, 0xa7, 0xdf, 0xff, 0xff, 0x08, 0x00, 0x00, 0x00, 0x00, 0x01, 0x02, 0x82, 0x43, 0xa4, 0x00, 
  0x7f, 0xff, 0xcf, 0x03, 0xdf, 0xff, 0xff, 0x80, 0x01, 0x60, 0x18, 0x00, 0x00, 0x00, 0x00, 0x82, 0x80, 0x10, 
  0xed, 0xb7, 0xcf, 0x23, 0x5f, 0xff, 0xff, 0x82, 0x04, 0x16, 0xf8, 0x00, 0x00, 0x00, 0x15, 0x85, 0x43, 0xf0, 
  0xff, 0xff, 0xc7, 0x83, 0xdf, 0xff, 0xff, 0xcf, 0x84, 0x23, 0xfc, 0x00, 0x00, 0x03, 0x6e, 0x07, 0x7f, 0xf0, 
  0xff, 0xfe, 0xcf, 0x02, 0xff, 0xff, 0xff, 0xdf, 0xc7, 0xf8, 0x7c, 0x00, 0x04, 0x5c, 0xd0, 0x11, 0x8d, 0x70, 
  0xff, 0xd7, 0xcf, 0x06, 0xef, 0xff, 0xff, 0xff, 0x83, 0xfd, 0x3e, 0x00, 0x00, 0xa3, 0x00, 0x40, 0x7f, 0xd0, 
  0xff, 0xaf, 0xcf, 0x03, 0xef, 0xff, 0xff, 0xff, 0xc7, 0xf1, 0xc7, 0x80, 0x01, 0x5c, 0x48, 0x04, 0x5f, 0xf0, 
  0xff, 0xff, 0xfe, 0x03, 0x47, 0xff, 0xff, 0xff, 0xc7, 0xc2, 0x10, 0xc0, 0x06, 0xa0, 0x11, 0x11, 0x5f, 0xf0, 
  0xff, 0xff, 0xfa, 0x81, 0x7f, 0xff, 0xff, 0xff, 0xc0, 0xcf, 0xfe, 0x30, 0x15, 0x00, 0x00, 0x41, 0x2f, 0xf0, 
  0xff, 0xff, 0xfd, 0x31, 0xbb, 0xff, 0xff, 0xff, 0xc0, 0x4f, 0xff, 0xf8, 0x28, 0x00, 0x04, 0x03, 0x2f, 0xf0, 
  0xff, 0xe3, 0xfc, 0x67, 0xdd, 0xff, 0xff, 0x7f, 0xff, 0x0f, 0xf6, 0xbe, 0x40, 0x23, 0xf1, 0x07, 0x4f, 0xf0, 
  0xff, 0xc1, 0xfc, 0x7f, 0xee, 0xff, 0xff, 0x7f, 0xff, 0x8f, 0xe4, 0xa7, 0x80, 0x01, 0xe0, 0x4f, 0x6f, 0xb0, 
  0xe3, 0x8d, 0xfd, 0x7f, 0xf7, 0x7f, 0xff, 0x7f, 0xff, 0xdf, 0xff, 0x78, 0x00, 0x03, 0xca, 0x07, 0x6f, 0xb0, 
  0xc1, 0xa3, 0xfe, 0xf3, 0xff, 0xff, 0x7f, 0xff, 0xff, 0xff, 0xfc, 0xb8, 0x60, 0x02, 0x80, 0x17, 0xef, 0x50, 
  0x81, 0x91, 0xff, 0xf9, 0xed, 0x7e, 0xff, 0xff, 0xff, 0xff, 0xfd, 0x53, 0xc0, 0x05, 0x50, 0x77, 0xef, 0x10, 
  0xa8, 0xab, 0xff, 0xe5, 0xe7, 0xff, 0xff, 0xbf, 0xff, 0xff, 0xff, 0xc7, 0x9c, 0x0b, 0x00, 0x77, 0x7f, 0x50, 
  0x81, 0x43, 0xff, 0xe3, 0xff, 0x9f, 0xff, 0x7f, 0xff, 0xff, 0xfe, 0x3f, 0x3e, 0x0a, 0x01, 0xf7, 0x7f, 0x50, 
  0x01, 0x87, 0xff, 0xeb, 0xfe, 0x9f, 0xff, 0x7f, 0xff, 0xff, 0xf6, 0x3f, 0x7f, 0x92, 0xa3, 0xff, 0x7f, 0x80, 
  0x29, 0xaf, 0xef, 0xe3, 0xfe, 0xc7, 0xff, 0x7f, 0xff, 0xff, 0xfc, 0x3e, 0xff, 0xfc, 0x07, 0xff, 0x7f, 0x50, 
  0x81, 0xff, 0x8f, 0xf7, 0xff, 0xcb, 0xff, 0xff, 0xff, 0xff, 0x80, 0xaf, 0xff, 0xfe, 0x0f, 0xff, 0x7f, 0xd0, 
  0x03, 0xff, 0xbf, 0xff, 0xfe, 0x79, 0xff, 0xff, 0xff, 0xff, 0xc1, 0xbf, 0xff, 0xff, 0xbf, 0xbf, 0x7f, 0x90, 
  0x57, 0xff, 0xa7, 0xff, 0xff, 0x3b, 0xff, 0xfb, 0xff, 0xff, 0xce, 0x8f, 0xff, 0xff, 0xfe, 0xff, 0x7b, 0xf0, 
};

const lv_img_dsc_t caramelldansen16 = {
  .header.cf = LV_IMG_CF_INDEXED_1BIT,
  .header.always_zero = 0,
  .header.reserved = 0,
  .header.w = 140,
  .header.h = 68,
  .data_size = 1232,
  .data = caramelldansen16_map,
};
